user,event,date,interested,timestamp
1654935837,480579258,2012-04-27 21:41:02.227000+00:00,1,1335562862
1654935837,1197276466,2012-04-27 21:41:02.227000+00:00,0,1335562862
1654935837,3551837862,2012-04-27 21:41:02.227000+00:00,0,1335562862
1654935837,713488059,2012-04-27 21:41:02.227000+00:00,0,1335562862
2940917694,424436456,2012-05-24 04:02:29.999000+00:00,0,1337832149
2940917694,4041076230,2012-05-24 04:02:29.999000+00:00,0,1337832149
3780551356,1776131749,2012-06-06 07:13:36.562000+00:00,0,1338966816
3835637004,3025468453,2012-06-15 22:11:27.383000+00:00,0,1339798287
3835637004,1586739051,2012-06-22 21:27:27.637000+00:00,0,1340400447
3835637004,3656509214,2012-06-22 21:27:27.637000+00:00,1,1340400447
3835637004,1030253462,2012-06-22 21:27:27.637000+00:00,0,1340400447
3835637004,1699476673,2012-06-22 21:27:27.637000+00:00,0,1340400447
3835637004,1699476673,2012-06-23 03:31:23.103000+00:00,0,1340422283
3835637004,1586739051,2012-06-23 03:31:23.103000+00:00,0,1340422283
3835637004,3056563942,2012-06-23 03:31:23.103000+00:00,0,1340422283
3835637004,1030253462,2012-06-23 03:31:23.103000+00:00,0,1340422283
3835637004,1395200630,2012-06-23 03:31:23.103000+00:00,0,1340422283
3835637004,1525583872,2012-06-23 03:31:23.103000+00:00,1,1340422283
3835637004,108743814,2012-06-23 04:03:16.914000+00:00,1,1340424196
2895220130,3455574126,2012-06-27 01:17:15.728000+00:00,0,1340759835
2903662804,2780111738,2012-06-28 04:52:31.814000+00:00,0,1340859151
2903662804,3075707957,2012-06-28 04:52:31.814000+00:00,0,1340859151
2903662804,307263394,2012-06-28 04:52:31.814000+00:00,0,1340859151
2903662804,788496445,2012-06-28 04:52:31.814000+00:00,0,1340859151
2903662804,3576424973,2012-06-28 04:52:31.814000+00:00,1,1340859151
4239920443,307263394,2012-06-28 05:19:29.703000+00:00,0,1340860769
4239920443,2853909310,2012-06-28 05:19:29.703000+00:00,0,1340860769
4239920443,2780111738,2012-06-28 05:19:29.703000+00:00,0,1340860769
4239920443,3075707957,2012-06-28 05:19:29.703000+00:00,0,1340860769
4239920443,1305006038,2012-06-28 05:19:29.703000+00:00,1,1340860769
4239920443,1550707711,2012-06-28 05:19:33.728000+00:00,1,1340860773
4239920443,4219244481,2012-06-28 05:19:36.761000+00:00,0,1340860776
1104375072,1411410860,2012-07-03 03:07:58.811000+00:00,0,1341284878
1104375072,1896349766,2012-07-03 03:07:58.811000+00:00,1,1341284878
1104375072,1134576678,2012-07-03 03:07:58.811000+00:00,0,1341284878
1104375072,1550453353,2012-07-03 03:07:58.811000+00:00,0,1341284878
1104375072,1783539311,2012-07-03 03:07:58.811000+00:00,0,1341284878
1104375072,3540481566,2012-07-03 03:07:58.811000+00:00,0,1341284878
3410532659,167963595,2012-07-04 21:18:05.053000+00:00,0,1341436685
3410532659,2116051963,2012-07-04 21:18:05.053000+00:00,0,1341436685
3410532659,4186712466,2012-07-04 21:18:05.053000+00:00,1,1341436685
3410532659,2138889958,2012-07-04 21:18:05.053000+00:00,0,1341436685
3835637004,766696037,2012-07-04 22:26:59.315000+00:00,0,1341440819
3835637004,1778753558,2012-07-04 22:26:59.315000+00:00,0,1341440819
3835637004,878854939,2012-07-04 22:26:59.315000+00:00,0,1341440819
3835637004,1563203779,2012-07-04 22:26:59.315000+00:00,0,1341440819
3835637004,3890693055,2012-07-04 22:26:59.315000+00:00,1,1341440819
3835637004,3086681346,2012-07-04 22:26:59.315000+00:00,0,1341440819
2949537983,3064322102,2012-07-05 06:16:33.959000+00:00,0,1341468993
2949537983,2661235972,2012-07-05 06:16:33.959000+00:00,0,1341468993
4042546595,1379671569,2012-07-06 06:01:31.289000+00:00,1,1341554491
4042546595,4050748396,2012-07-06 06:01:31.289000+00:00,0,1341554491
4042546595,4262188500,2012-07-06 06:01:31.289000+00:00,0,1341554491
4042546595,996485731,2012-07-06 06:01:31.289000+00:00,0,1341554491
4042546595,1060440359,2012-07-06 06:01:31.289000+00:00,0,1341554491
4042546595,1642028556,2012-07-06 06:01:31.289000+00:00,0,1341554491
4042546595,2322243932,2012-07-06 06:01:46.882000+00:00,1,1341554506
3835637004,1047438940,2012-07-06 06:05:55.345000+00:00,0,1341554755
3835637004,1778753558,2012-07-06 06:05:55.345000+00:00,0,1341554755
3835637004,388159206,2012-07-06 06:05:55.345000+00:00,1,1341554755
3835637004,1002636124,2012-07-06 06:05:55.345000+00:00,0,1341554755
3835637004,766696037,2012-07-06 06:05:55.345000+00:00,0,1341554755
3835637004,2658489159,2012-07-06 06:05:55.345000+00:00,0,1341554755
3835637004,4004124974,2012-07-06 06:10:05.524000+00:00,1,1341555005
3835637004,1047438940,2012-07-07 00:44:15.096000+00:00,0,1341621855
3835637004,766696037,2012-07-07 00:44:15.096000+00:00,0,1341621855
3835637004,1778753558,2012-07-07 00:44:15.096000+00:00,0,1341621855
3835637004,826425232,2012-07-07 00:44:15.096000+00:00,0,1341621855
3835637004,2658489159,2012-07-07 00:44:15.096000+00:00,0,1341621855
3835637004,3993564604,2012-07-07 00:44:15.096000+00:00,1,1341621855
4239378941,3007295768,2012-07-07 19:31:01.969000+00:00,0,1341689461
4239378941,1807632609,2012-07-07 19:31:01.969000+00:00,0,1341689461
4239378941,3338163812,2012-07-07 19:31:01.969000+00:00,0,1341689461
4239378941,2490299454,2012-07-07 19:31:01.969000+00:00,1,1341689461
4239378941,215333035,2012-07-07 19:31:01.969000+00:00,0,1341689461
4239378941,2896657224,2012-07-07 19:31:01.969000+00:00,0,1341689461
1625052108,3297535757,2012-07-08 00:35:20.476000+00:00,0,1341707720
1625052108,1202537111,2012-07-08 00:35:20.476000+00:00,0,1341707720
1625052108,1559258260,2012-07-08 00:35:20.476000+00:00,1,1341707720
1625052108,1077779810,2012-07-08 00:35:20.476000+00:00,0,1341707720
1625052108,3534207275,2012-07-08 00:35:20.476000+00:00,0,1341707720
1625052108,1050251873,2012-07-08 00:35:20.476000+00:00,0,1341707720
1615717851,255393100,2012-07-08 04:58:02.227000+00:00,0,1341723482
1615717851,3612456671,2012-07-08 04:58:02.227000+00:00,0,1341723482
1615717851,350511551,2012-07-08 04:58:02.227000+00:00,0,1341723482
1615717851,1092569429,2012-07-08 04:58:02.227000+00:00,0,1341723482
1615717851,4047659051,2012-07-08 04:58:02.227000+00:00,0,1341723482
1615717851,625822979,2012-07-08 04:58:02.227000+00:00,1,1341723482
2254327912,3943631332,2012-07-08 08:00:26.176000+00:00,0,1341734426
2254327912,3900421971,2012-07-08 08:00:26.176000+00:00,1,1341734426
2254327912,1927488321,2012-07-08 08:00:26.176000+00:00,0,1341734426
2254327912,3752550750,2012-07-08 08:00:26.176000+00:00,0,1341734426
2254327912,2151031983,2012-07-08 08:00:26.176000+00:00,0,1341734426
2254327912,2548227077,2012-07-08 08:00:26.176000+00:00,0,1341734426
2254327912,3648232990,2012-07-08 08:00:55.292000+00:00,1,1341734455
2254327912,1269960949,2012-07-08 08:01:03.368000+00:00,1,1341734463
2254327912,2392374410,2012-07-08 08:01:08.889000+00:00,1,1341734468
2254327912,1070630186,2012-07-08 08:01:58.652000+00:00,1,1341734518
2254327912,3674503714,2012-07-08 08:02:02.685000+00:00,1,1341734522
2254327912,2705882453,2012-07-08 08:02:39.842000+00:00,1,1341734559
4146086354,280784670,2012-07-08 15:30:51.333000+00:00,1,1341761451
4146086354,715813761,2012-07-08 15:30:51.333000+00:00,0,1341761451
4146086354,318809922,2012-07-08 15:30:51.333000+00:00,0,1341761451
4146086354,2247298290,2012-07-08 15:30:51.333000+00:00,0,1341761451
4146086354,1560792011,2012-07-08 15:30:51.333000+00:00,0,1341761451
4146086354,3260635116,2012-07-08 15:30:51.333000+00:00,0,1341761451
3870800241,2568221006,2012-07-09 11:03:48.417000+00:00,0,1341831828
3870800241,1084484301,2012-07-09 11:03:48.417000+00:00,0,1341831828
3870800241,3548520578,2012-07-09 11:03:48.417000+00:00,1,1341831828
3870800241,4063276487,2012-07-09 11:03:48.417000+00:00,0,1341831828
3870800241,121159616,2012-07-09 11:03:48.417000+00:00,0,1341831828
3870800241,1658576759,2012-07-09 11:03:48.417000+00:00,0,1341831828
3870800241,3069899537,2012-07-09 11:04:02.971000+00:00,1,1341831842
3870800241,2173367744,2012-07-09 11:04:51.182000+00:00,1,1341831891
2849010050,333191230,2012-07-09 20:12:55.091000+00:00,0,1341864775
2849010050,2263765387,2012-07-09 20:12:55.091000+00:00,0,1341864775
2849010050,1701929655,2012-07-09 20:12:55.091000+00:00,0,1341864775
2849010050,3058109340,2012-07-09 20:12:55.091000+00:00,1,1341864775
3155504635,127617646,2012-07-10 16:11:28.094000+00:00,0,1341936688
3155504635,1630609972,2012-07-10 16:11:28.094000+00:00,0,1341936688
3155504635,1660818988,2012-07-10 16:11:28.094000+00:00,0,1341936688
3155504635,2809607334,2012-07-10 16:11:28.094000+00:00,0,1341936688
3155504635,361766238,2012-07-10 16:11:28.094000+00:00,1,1341936688
3155504635,1521958638,2012-07-10 16:11:28.094000+00:00,0,1341936688
2849010050,609266397,2012-07-11 02:14:28.442000+00:00,0,1341972868
2849010050,1701929655,2012-07-11 02:14:28.442000+00:00,0,1341972868
2849010050,2263765387,2012-07-11 02:14:28.442000+00:00,0,1341972868
2849010050,3698337782,2012-07-11 02:14:28.442000+00:00,0,1341972868
2849010050,730694855,2012-07-11 02:14:28.442000+00:00,1,1341972868
2849010050,333191230,2012-07-11 02:14:28.442000+00:00,0,1341972868
2849010050,2846542700,2012-07-11 02:39:02.869000+00:00,1,1341974342
4042546595,2188669255,2012-07-11 04:12:15.961000+00:00,0,1341979935
4042546595,2416695503,2012-07-11 04:12:15.961000+00:00,0,1341979935
4042546595,4145665238,2012-07-11 04:12:15.961000+00:00,1,1341979935
4042546595,940916476,2012-07-11 04:12:15.961000+00:00,0,1341979935
4042546595,2494604370,2012-07-11 04:12:15.961000+00:00,0,1341979935
4042546595,3039652825,2012-07-11 04:12:15.961000+00:00,0,1341979935
4190879012,2078281088,2012-07-12 04:34:03.975000+00:00,0,1342067643
4190879012,2164283591,2012-07-12 04:34:03.975000+00:00,0,1342067643
4190879012,2154137211,2012-07-12 04:34:03.975000+00:00,1,1342067643
4190879012,516999313,2012-07-12 04:34:03.975000+00:00,0,1342067643
4190879012,1134801869,2012-07-12 04:34:03.975000+00:00,0,1342067643
4190879012,3051234166,2012-07-12 04:34:03.975000+00:00,0,1342067643
3835637004,1145218797,2012-07-13 21:38:36.160000+00:00,0,1342215516
2903662804,513224399,2012-07-13 21:56:33.534000+00:00,0,1342216593
2903662804,2971360373,2012-07-13 21:56:33.534000+00:00,0,1342216593
2903662804,3949409640,2012-07-13 21:56:33.534000+00:00,0,1342216593
2903662804,3080365089,2012-07-13 21:56:33.534000+00:00,0,1342216593
2903662804,1207717800,2012-07-13 21:56:33.534000+00:00,1,1342216593
2903662804,1936956555,2012-07-13 21:56:33.534000+00:00,0,1342216593
2940917694,1841768927,2012-07-13 22:22:16.362000+00:00,1,1342218136
2940917694,4275451050,2012-07-13 22:22:16.362000+00:00,0,1342218136
2940917694,2494424409,2012-07-13 22:22:16.362000+00:00,0,1342218136
2940917694,3247990125,2012-07-13 22:22:16.362000+00:00,0,1342218136
2940917694,2547977028,2012-07-13 22:22:16.362000+00:00,0,1342218136
2940917694,2660205855,2012-07-13 22:22:16.362000+00:00,0,1342218136
2940917694,3921048124,2012-07-13 22:23:07.653000+00:00,1,1342218187
699877746,1240958240,2012-07-14 00:36:05.500000+00:00,0,1342226165
699877746,1985321109,2012-07-14 00:36:05.500000+00:00,0,1342226165
699877746,1384663745,2012-07-14 00:36:05.500000+00:00,0,1342226165
699877746,1955207789,2012-07-14 00:36:05.500000+00:00,0,1342226165
699877746,202787484,2012-07-14 00:36:05.500000+00:00,1,1342226165
699877746,1006601672,2012-07-14 00:36:05.500000+00:00,0,1342226165
699877746,1072889885,2012-07-14 00:36:31.620000+00:00,1,1342226191
699877746,2442674090,2012-07-14 00:45:56.950000+00:00,1,1342226756
517357553,3582327628,2012-07-14 12:44:48.039000+00:00,1,1342269888
517357553,1602985981,2012-07-14 12:44:48.039000+00:00,0,1342269888
517357553,1833244071,2012-07-14 12:44:48.039000+00:00,0,1342269888
517357553,4223828363,2012-07-14 12:44:48.039000+00:00,0,1342269888
517357553,3298251587,2012-07-14 12:44:48.039000+00:00,0,1342269888
517357553,3384579584,2012-07-14 12:44:48.039000+00:00,0,1342269888
596044827,3547892636,2012-07-14 18:44:59.492000+00:00,0,1342291499
596044827,347682208,2012-07-14 18:44:59.492000+00:00,1,1342291499
596044827,1631256136,2012-07-14 18:44:59.492000+00:00,0,1342291499
596044827,2600301494,2012-07-14 18:44:59.492000+00:00,0,1342291499
596044827,4102873083,2012-07-14 18:44:59.492000+00:00,0,1342291499
1625052108,643979828,2012-07-14 21:56:16.876000+00:00,0,1342302976
1625052108,562520528,2012-07-14 21:56:16.876000+00:00,0,1342302976
1625052108,1062024228,2012-07-14 21:56:16.876000+00:00,0,1342302976
1625052108,3969985283,2012-07-14 21:56:16.876000+00:00,1,1342302976
1625052108,4205511631,2012-07-14 21:56:16.876000+00:00,0,1342302976
1625052108,4189303160,2012-07-14 21:56:16.876000+00:00,0,1342302976
1386214900,2408267303,2012-07-15 00:28:14.464000+00:00,0,1342312094
1386214900,1287096175,2012-07-15 00:28:14.464000+00:00,0,1342312094
1386214900,2056583312,2012-07-15 00:28:14.464000+00:00,0,1342312094
1386214900,2724377242,2012-07-15 00:28:14.464000+00:00,1,1342312094
1386214900,697674217,2012-07-15 00:28:14.464000+00:00,0,1342312094
1386214900,1975759984,2012-07-15 00:28:14.464000+00:00,0,1342312094
2936324533,1936501934,2012-07-15 14:34:21.956000+00:00,0,1342362861
2936324533,4246266185,2012-07-15 14:34:21.956000+00:00,0,1342362861
2936324533,1141674672,2012-07-15 14:34:21.956000+00:00,0,1342362861
2936324533,2144022943,2012-07-15 14:34:21.956000+00:00,0,1342362861
2936324533,1177495191,2012-07-15 14:34:21.956000+00:00,0,1342362861
2936324533,323858975,2012-07-15 14:34:21.956000+00:00,1,1342362861
2936324533,2952934281,2012-07-15 14:34:27.993000+00:00,1,1342362867
2216123501,557557012,2012-07-15 20:54:02.726000+00:00,0,1342385642
2216123501,3618085464,2012-07-15 20:54:02.726000+00:00,1,1342385642
2216123501,3931516549,2012-07-15 20:54:02.726000+00:00,0,1342385642
2216123501,1314055847,2012-07-15 20:54:02.726000+00:00,0,1342385642
2216123501,2489574463,2012-07-15 20:55:07.992000+00:00,1,1342385707
2216123501,1910339245,2012-07-15 20:55:50.651000+00:00,1,1342385750
4073053389,4102873083,2012-07-17 02:14:37.670000+00:00,1,1342491277
4073053389,2470509282,2012-07-17 02:14:37.670000+00:00,0,1342491277
4073053389,2882404450,2012-07-17 02:14:37.670000+00:00,0,1342491277
4073053389,2437776732,2012-07-17 02:14:37.670000+00:00,0,1342491277
4073053389,21987917,2012-07-17 02:14:37.670000+00:00,0,1342491277
2940917694,1969283585,2012-07-17 02:14:39.180000+00:00,0,1342491279
2940917694,2921914002,2012-07-17 02:14:39.180000+00:00,0,1342491279
2940917694,3398983898,2012-07-17 02:14:39.180000+00:00,0,1342491279
2940917694,3485089810,2012-07-17 02:14:39.180000+00:00,1,1342491279
2940917694,2559530421,2012-07-17 02:14:39.180000+00:00,0,1342491279
2940917694,3557171468,2012-07-17 02:14:39.180000+00:00,0,1342491279
1171363794,1707209495,2012-07-18 14:43:26.005000+00:00,0,1342622606
1171363794,3008955247,2012-07-18 14:43:29.585000+00:00,0,1342622609
1171363794,353103380,2012-07-18 14:43:32.630000+00:00,0,1342622612
1171363794,2175304941,2012-07-18 14:43:33.665000+00:00,0,1342622613
1171363794,2682163246,2012-07-18 14:43:34.676000+00:00,0,1342622614
1171363794,1891078660,2012-07-18 14:43:37.219000+00:00,0,1342622617
1171363794,2477003283,2012-07-18 14:43:49.352000+00:00,0,1342622629
1171363794,1249514094,2012-07-18 14:43:50.389000+00:00,0,1342622630
1171363794,2364668554,2012-07-18 14:43:51.458000+00:00,0,1342622631
1171363794,3801216482,2012-07-18 14:43:52.455000+00:00,0,1342622632
1171363794,321596465,2012-07-18 14:45:08.837000+00:00,0,1342622708
1171363794,3694263991,2012-07-18 14:45:11.884000+00:00,0,1342622711
1171363794,4065046396,2012-07-18 14:45:22.430000+00:00,0,1342622722
1171363794,1825901552,2012-07-18 14:45:22.430000+00:00,0,1342622722
1171363794,3281475758,2012-07-18 14:45:22.430000+00:00,1,1342622722
1171363794,3863788160,2012-07-18 14:45:22.430000+00:00,0,1342622722
1171363794,881740666,2012-07-18 14:45:22.430000+00:00,0,1342622722
1171363794,566408952,2012-07-18 14:45:22.430000+00:00,0,1342622722
1171363794,1521864785,2012-07-18 14:45:25.482000+00:00,1,1342622725
1171363794,1877260733,2012-07-18 14:45:31.587000+00:00,0,1342622731
1171363794,1247486859,2012-07-18 14:45:34.644000+00:00,0,1342622734
1171363794,2042030195,2012-07-18 14:45:38.677000+00:00,0,1342622738
1171363794,576515609,2012-07-18 14:45:41.708000+00:00,0,1342622741
1171363794,1184041113,2012-07-18 14:46:10.891000+00:00,0,1342622770
1171363794,3089507532,2012-07-18 14:46:14.949000+00:00,0,1342622774
2895220130,1969831807,2012-07-18 15:56:42.719000+00:00,0,1342627002
2895220130,4240521992,2012-07-18 15:56:42.719000+00:00,1,1342627002
2895220130,8259670,2012-07-18 15:56:42.719000+00:00,0,1342627002
2895220130,1637877812,2012-07-18 15:56:42.719000+00:00,0,1342627002
2895220130,2056583312,2012-07-18 15:56:42.719000+00:00,0,1342627002
2895220130,518779164,2012-07-18 15:56:42.719000+00:00,0,1342627002
2895220130,2814227130,2012-07-18 15:57:27.399000+00:00,0,1342627047
2895220130,2298546491,2012-07-18 15:57:34.973000+00:00,0,1342627054
2895220130,1770573047,2012-07-18 15:57:40.502000+00:00,0,1342627060
2895220130,1351516910,2012-07-18 15:58:20.666000+00:00,0,1342627100
2895220130,850932284,2012-07-18 15:58:30.781000+00:00,0,1342627110
2895220130,1759909456,2012-07-18 15:58:51.399000+00:00,0,1342627131
3835637004,441814527,2012-07-18 23:36:55.257000+00:00,0,1342654615
3835637004,2656631876,2012-07-18 23:36:55.257000+00:00,1,1342654615
3835637004,2581126621,2012-07-18 23:36:55.257000+00:00,0,1342654615
3835637004,864377288,2012-07-18 23:36:55.257000+00:00,0,1342654615
3835637004,4037816474,2012-07-18 23:36:55.257000+00:00,0,1342654615
3835637004,414015310,2012-07-18 23:36:55.257000+00:00,0,1342654615
3835637004,1501858181,2012-07-18 23:37:03.316000+00:00,1,1342654623
1267593079,2056583312,2012-07-19 00:33:39.650000+00:00,0,1342658019
1267593079,3008741424,2012-07-19 00:33:39.650000+00:00,0,1342658019
1267593079,1633413676,2012-07-19 00:33:39.650000+00:00,0,1342658019
1267593079,513780850,2012-07-19 00:33:39.650000+00:00,0,1342658019
1267593079,2814227130,2012-07-19 00:33:39.650000+00:00,0,1342658019
1267593079,2804749662,2012-07-19 00:33:39.650000+00:00,1,1342658019
567820539,2814227130,2012-07-19 13:12:15.104000+00:00,0,1342703535
567820539,2485000087,2012-07-19 13:12:15.104000+00:00,1,1342703535
567820539,3036332464,2012-07-19 13:12:15.104000+00:00,0,1342703535
567820539,495818697,2012-07-19 13:12:15.104000+00:00,0,1342703535
567820539,1522201351,2012-07-19 13:12:15.104000+00:00,0,1342703535
567820539,2056583312,2012-07-19 13:12:15.104000+00:00,0,1342703535
843843832,1178225908,2012-07-19 21:13:29.042000+00:00,0,1342732409
843843832,1761619035,2012-07-19 21:13:29.042000+00:00,1,1342732409
843843832,3201109640,2012-07-19 21:13:29.042000+00:00,0,1342732409
843843832,920946233,2012-07-19 21:13:29.042000+00:00,0,1342732409
843843832,559532655,2012-07-19 21:13:29.042000+00:00,0,1342732409
843843832,1139116596,2012-07-19 21:13:29.042000+00:00,0,1342732409
1980915793,3612422835,2012-07-20 01:42:40.680000+00:00,0,1342748560
1980915793,2623673695,2012-07-20 01:42:40.680000+00:00,0,1342748560
1980915793,1836123763,2012-07-20 01:42:40.680000+00:00,0,1342748560
1980915793,1934334194,2012-07-20 01:42:40.680000+00:00,0,1342748560
1980915793,1276787318,2012-07-20 01:42:40.680000+00:00,1,1342748560
1980915793,4233637659,2012-07-20 01:42:40.680000+00:00,0,1342748560
1725995841,585474888,2012-07-20 02:00:09.684000+00:00,0,1342749609
1725995841,909515681,2012-07-20 02:00:09.684000+00:00,0,1342749609
1725995841,510790020,2012-07-20 02:00:09.684000+00:00,0,1342749609
1725995841,311120320,2012-07-20 02:00:09.684000+00:00,1,1342749609
1725995841,2138641915,2012-07-20 02:00:09.684000+00:00,0,1342749609
1725995841,3826870896,2012-07-20 02:00:09.684000+00:00,0,1342749609
1725995841,2979795424,2012-07-20 02:01:08.705000+00:00,1,1342749668
1725995841,1056047835,2012-07-20 02:01:12.215000+00:00,1,1342749672
4185425091,824593257,2012-07-20 19:53:27.707000+00:00,1,1342814007
4185425091,3089507532,2012-07-20 19:53:27.707000+00:00,0,1342814007
4185425091,2814227130,2012-07-20 19:53:27.707000+00:00,0,1342814007
4185425091,3036332464,2012-07-20 19:53:27.707000+00:00,0,1342814007
4185425091,1914806770,2012-07-20 19:53:27.707000+00:00,0,1342814007
4185425091,3169321620,2012-07-20 19:53:27.707000+00:00,0,1342814007
2024711643,1914806770,2012-07-21 03:09:45.448000+00:00,1,1342840185
2024711643,1614411396,2012-07-21 03:09:45.448000+00:00,0,1342840185
2024711643,1184041113,2012-07-21 03:09:45.448000+00:00,0,1342840185
2024711643,3516991107,2012-07-21 03:09:45.448000+00:00,0,1342840185
2024711643,4198664351,2012-07-21 03:09:45.448000+00:00,0,1342840185
2160639516,772336533,2012-07-21 13:36:01.730000+00:00,0,1342877761
2160639516,253143325,2012-07-21 13:36:01.730000+00:00,0,1342877761
2160639516,1184041113,2012-07-21 13:36:01.730000+00:00,0,1342877761
2160639516,3096753688,2012-07-21 13:36:01.730000+00:00,0,1342877761
2160639516,4188088089,2012-07-21 13:36:01.730000+00:00,0,1342877761
2160639516,3896920659,2012-07-21 13:36:01.730000+00:00,1,1342877761
1328287907,2011880656,2012-07-22 00:32:38.160000+00:00,1,1342917158
1328287907,3564614293,2012-07-22 00:32:38.160000+00:00,0,1342917158
1328287907,1237176319,2012-07-22 00:32:38.160000+00:00,0,1342917158
1328287907,4068915702,2012-07-22 00:32:38.160000+00:00,0,1342917158
1328287907,2036685813,2012-07-22 00:32:38.160000+00:00,0,1342917158
1328287907,4124856476,2012-07-22 00:32:38.160000+00:00,0,1342917158
1328287907,2662063526,2012-07-22 00:42:28.853000+00:00,1,1342917748
1551848670,3701320707,2012-07-22 03:47:39.837000+00:00,0,1342928859
1551848670,2315711455,2012-07-22 03:47:39.837000+00:00,0,1342928859
1551848670,768818169,2012-07-22 03:47:39.837000+00:00,0,1342928859
1551848670,3359668121,2012-07-22 03:47:39.837000+00:00,1,1342928859
1551848670,1565147984,2012-07-22 03:47:39.837000+00:00,0,1342928859
1551848670,63677962,2012-07-22 03:47:39.837000+00:00,0,1342928859
2259554717,1142967652,2012-07-22 23:37:54.821000+00:00,0,1343000274
2259554717,1887678907,2012-07-22 23:37:54.821000+00:00,1,1343000274
2259554717,2479922984,2012-07-22 23:37:54.821000+00:00,0,1343000274
2259554717,1278050580,2012-07-22 23:37:54.821000+00:00,0,1343000274
2259554717,2090625059,2012-07-22 23:37:54.821000+00:00,0,1343000274
2259554717,1648681304,2012-07-22 23:37:54.821000+00:00,0,1343000274
3780551356,1723264491,2012-07-23 00:32:44.802000+00:00,1,1343003564
3780551356,1589820024,2012-07-23 00:32:44.802000+00:00,0,1343003564
3780551356,4277141562,2012-07-23 00:32:44.802000+00:00,0,1343003564
3780551356,3342919298,2012-07-23 00:32:44.802000+00:00,0,1343003564
3780551356,956986600,2012-07-23 00:32:44.802000+00:00,0,1343003564
3780551356,3788661864,2012-07-23 00:32:44.802000+00:00,0,1343003564
3780551356,312946086,2012-07-23 00:33:02.391000+00:00,1,1343003582
2895220130,1142967652,2012-07-23 16:20:37.773000+00:00,0,1343060437
2895220130,2479922984,2012-07-23 16:20:37.773000+00:00,0,1343060437
2895220130,1880608957,2012-07-23 16:20:37.773000+00:00,1,1343060437
2895220130,3516991107,2012-07-23 16:20:37.773000+00:00,0,1343060437
2895220130,1700640720,2012-07-23 16:20:37.773000+00:00,0,1343060437
2895220130,1589820024,2012-07-23 16:20:37.773000+00:00,0,1343060437
2895220130,733783189,2012-07-23 17:50:37.184000+00:00,0,1343065837
2895220130,3802316845,2012-07-23 17:50:38.710000+00:00,0,1343065838
2895220130,3373247335,2012-07-23 17:51:27.463000+00:00,0,1343065887
2895220130,3865518711,2012-07-23 17:51:28.986000+00:00,0,1343065888
2895220130,1887678907,2012-07-23 17:51:30.009000+00:00,0,1343065890
2895220130,1205989226,2012-07-23 17:51:33.569000+00:00,0,1343065893
2895220130,708953850,2012-07-23 17:51:35.087000+00:00,0,1343065895
2895220130,1849180954,2012-07-23 17:51:37.122000+00:00,0,1343065897
2895220130,315239924,2012-07-23 17:51:39.148000+00:00,0,1343065899
2895220130,3145096544,2012-07-23 17:51:42.678000+00:00,1,1343065902
2895220130,1090410712,2012-07-23 17:51:48.715000+00:00,0,1343065908
2895220130,2772459450,2012-07-23 17:51:49.230000+00:00,0,1343065909
2895220130,3896920659,2012-07-23 17:51:50.752000+00:00,0,1343065910
2895220130,2090625059,2012-07-23 17:51:52.791000+00:00,0,1343065912
2895220130,2225744416,2012-07-23 17:51:53.810000+00:00,0,1343065913
2895220130,4198664351,2012-07-23 17:51:54.327000+00:00,0,1343065914
2895220130,2361460823,2012-07-23 17:51:56.353000+00:00,0,1343065916
2895220130,2425412274,2012-07-23 17:51:57.385000+00:00,0,1343065917
3835637004,857528595,2012-07-24 01:36:56.724000+00:00,0,1343093816
3835637004,168005957,2012-07-24 01:36:56.724000+00:00,1,1343093816
3835637004,2134184008,2012-07-24 01:36:56.724000+00:00,0,1343093816
3835637004,3382162822,2012-07-24 01:36:56.724000+00:00,0,1343093816
3835637004,1959602368,2012-07-24 01:36:56.724000+00:00,0,1343093816
3835637004,1832043495,2012-07-24 01:36:56.724000+00:00,0,1343093816
3835637004,1329447487,2012-07-24 01:37:21.669000+00:00,1,1343093841
217443195,311120320,2012-07-24 11:19:17.350000+00:00,1,1343128757
217443195,3191231184,2012-07-24 11:19:17.350000+00:00,0,1343128757
217443195,1056047835,2012-07-24 11:19:17.350000+00:00,0,1343128757
217443195,804262283,2012-07-24 11:19:17.350000+00:00,0,1343128757
217443195,2988591450,2012-07-24 11:19:17.350000+00:00,0,1343128757
217443195,2979795424,2012-07-24 11:19:17.350000+00:00,0,1343128757
326930040,3078913176,2012-07-24 17:31:13.030000+00:00,0,1343151073
326930040,1491971457,2012-07-24 17:31:13.030000+00:00,0,1343151073
326930040,947356866,2012-07-24 17:31:13.030000+00:00,0,1343151073
326930040,33704537,2012-07-24 17:31:13.030000+00:00,0,1343151073
326930040,973619334,2012-07-24 17:31:13.030000+00:00,1,1343151073
326930040,2794778207,2012-07-24 17:31:13.030000+00:00,0,1343151073
174994783,3036332464,2012-07-24 18:45:12.013000+00:00,0,1343155512
174994783,2188393190,2012-07-24 18:45:12.013000+00:00,1,1343155512
174994783,3575536012,2012-07-24 18:45:12.013000+00:00,0,1343155512
174994783,1047407539,2012-07-24 18:45:12.013000+00:00,0,1343155512
174994783,2490299454,2012-07-24 18:45:12.013000+00:00,0,1343155512
174994783,2328312478,2012-07-24 18:45:12.013000+00:00,0,1343155512
2903662804,1999674603,2012-07-24 20:27:32.208000+00:00,0,1343161652
2903662804,284259085,2012-07-24 20:27:32.208000+00:00,0,1343161652
2903662804,2862031808,2012-07-24 20:27:32.208000+00:00,1,1343161652
2903662804,2791462807,2012-07-24 20:27:32.208000+00:00,0,1343161652
2903662804,2669889830,2012-07-24 20:27:32.208000+00:00,0,1343161652
2903662804,122916661,2012-07-24 20:27:32.208000+00:00,0,1343161652
458389001,626898203,2012-07-25 02:42:35.760000+00:00,0,1343184155
458389001,3569923325,2012-07-25 02:42:35.760000+00:00,0,1343184155
458389001,490655491,2012-07-25 02:42:35.760000+00:00,0,1343184155
458389001,74074378,2012-07-25 02:42:35.760000+00:00,1,1343184155
458389001,483490410,2012-07-25 02:42:35.760000+00:00,0,1343184155
458389001,1097128892,2012-07-25 02:42:35.760000+00:00,0,1343184155
458389001,1163018914,2012-07-25 02:42:46.345000+00:00,1,1343184166
1267593079,2935610116,2012-07-25 02:43:14.564000+00:00,0,1343184194
1267593079,1938943891,2012-07-25 02:43:14.564000+00:00,0,1343184194
1267593079,1589820024,2012-07-25 02:43:14.564000+00:00,1,1343184194
1267593079,4063178352,2012-07-25 02:43:14.564000+00:00,0,1343184194
1267593079,3036332464,2012-07-25 02:43:14.564000+00:00,0,1343184194
1267593079,3421986855,2012-07-25 02:43:14.564000+00:00,0,1343184194
1987194661,768818169,2012-07-25 05:29:32.627000+00:00,0,1343194172
1987194661,2525346233,2012-07-25 05:29:32.627000+00:00,0,1343194172
1987194661,1238315600,2012-07-25 05:29:32.627000+00:00,0,1343194172
1987194661,126879046,2012-07-25 05:29:32.627000+00:00,0,1343194172
1987194661,2559263940,2012-07-25 05:29:32.627000+00:00,1,1343194172
811791433,524756826,2012-07-25 06:37:20.370000+00:00,0,1343198240
811791433,995181185,2012-07-25 06:37:20.370000+00:00,0,1343198240
811791433,1598694827,2012-07-25 06:37:20.370000+00:00,1,1343198240
811791433,3513954032,2012-07-25 06:37:20.370000+00:00,0,1343198240
811791433,4181313745,2012-07-25 06:37:20.370000+00:00,0,1343198240
811791433,570094895,2012-07-25 06:37:20.370000+00:00,0,1343198240
2254327912,2142921098,2012-07-25 07:04:48.896000+00:00,0,1343199888
2254327912,226825255,2012-07-25 07:04:48.896000+00:00,0,1343199888
2254327912,3215487391,2012-07-25 07:04:48.896000+00:00,1,1343199888
2254327912,4256469902,2012-07-25 07:04:48.896000+00:00,0,1343199888
2254327912,920600431,2012-07-25 07:04:48.896000+00:00,0,1343199888
2254327912,605781708,2012-07-25 07:04:48.896000+00:00,0,1343199888
2254327912,1919672247,2012-07-25 07:04:59.937000+00:00,1,1343199899
2254327912,684266372,2012-07-25 07:05:51.258000+00:00,1,1343199951
2254327912,3029154892,2012-07-25 07:09:50.676000+00:00,1,1343200190
2600683125,3036332464,2012-07-25 07:11:50.840000+00:00,0,1343200310
2600683125,3216437587,2012-07-25 07:11:50.840000+00:00,0,1343200310
2600683125,979863610,2012-07-25 07:11:50.840000+00:00,0,1343200310
2600683125,525603148,2012-07-25 07:11:50.840000+00:00,0,1343200310
2600683125,4133637044,2012-07-25 07:11:50.840000+00:00,1,1343200310
2600683125,4281032788,2012-07-25 07:11:50.840000+00:00,0,1343200310
413292015,1749018134,2012-07-25 07:49:01.830000+00:00,0,1343202541
413292015,3036332464,2012-07-25 07:49:01.830000+00:00,0,1343202541
413292015,2490299454,2012-07-25 07:49:01.830000+00:00,0,1343202541
413292015,2522645669,2012-07-25 07:49:01.830000+00:00,1,1343202541
413292015,4077852091,2012-07-25 07:49:01.830000+00:00,0,1343202541
413292015,1700620877,2012-07-25 07:49:01.830000+00:00,0,1343202541
2338481531,2490299454,2012-07-25 11:39:12.139000+00:00,1,1343216352
2338481531,1700640720,2012-07-25 11:39:12.139000+00:00,0,1343216352
2338481531,1355652628,2012-07-25 11:39:12.139000+00:00,0,1343216352
2338481531,2525447278,2012-07-25 11:39:12.139000+00:00,0,1343216352
2338481531,2479922984,2012-07-25 11:39:12.139000+00:00,0,1343216352
2338481531,850932284,2012-07-25 11:39:12.139000+00:00,0,1343216352
3021174039,745657147,2012-07-25 15:46:07.725000+00:00,0,1343231167
3021174039,1422569345,2012-07-25 15:46:07.725000+00:00,1,1343231167
3021174039,377254812,2012-07-25 15:46:07.725000+00:00,0,1343231167
3021174039,409699023,2012-07-25 15:46:07.725000+00:00,0,1343231167
3021174039,1421267283,2012-07-25 15:46:07.725000+00:00,0,1343231167
3021174039,1023462832,2012-07-25 15:46:07.725000+00:00,0,1343231167
326930040,33704537,2012-07-25 20:12:43.357000+00:00,0,1343247163
326930040,1491971457,2012-07-25 20:12:43.357000+00:00,0,1343247163
326930040,2794778207,2012-07-25 20:12:43.357000+00:00,0,1343247163
326930040,678242184,2012-07-25 20:12:43.357000+00:00,1,1343247163
326930040,947356866,2012-07-25 20:12:43.357000+00:00,0,1343247163
326930040,3078913176,2012-07-25 20:12:43.357000+00:00,0,1343247163
4005594979,1461681213,2012-07-25 20:40:06.367000+00:00,0,1343248806
4005594979,1148122335,2012-07-25 20:40:06.367000+00:00,0,1343248806
4005594979,767955252,2012-07-25 20:40:06.367000+00:00,0,1343248806
4005594979,2979976507,2012-07-25 20:40:06.367000+00:00,0,1343248806
4005594979,3899724307,2012-07-25 20:40:06.367000+00:00,1,1343248806
4005594979,2934155652,2012-07-25 20:40:06.367000+00:00,0,1343248806
818241254,604251531,2012-07-25 22:15:11.251000+00:00,0,1343254511
818241254,4033252363,2012-07-25 22:15:11.251000+00:00,0,1343254511
818241254,2608603914,2012-07-25 22:15:11.251000+00:00,1,1343254511
818241254,1127671037,2012-07-25 22:15:11.251000+00:00,0,1343254511
818241254,992455200,2012-07-25 22:15:11.251000+00:00,0,1343254511
818241254,1565147984,2012-07-25 22:15:11.251000+00:00,0,1343254511
2559754952,3559993637,2012-07-26 01:52:46.679000+00:00,0,1343267566
2559754952,3089507532,2012-07-26 01:54:09.114000+00:00,0,1343267649
2559754952,4181313745,2012-07-26 01:54:09.114000+00:00,0,1343267649
2559754952,4224104772,2012-07-26 01:54:09.114000+00:00,1,1343267649
2559754952,3036332464,2012-07-26 01:54:09.114000+00:00,0,1343267649
2559754952,1589820024,2012-07-26 01:54:09.114000+00:00,0,1343267649
2559754952,2490299454,2012-07-26 01:54:09.114000+00:00,0,1343267649
2098552598,2510844308,2012-07-26 13:52:58.181000+00:00,1,1343310778
2098552598,3848300978,2012-07-26 13:52:58.181000+00:00,0,1343310778
2098552598,4247882282,2012-07-26 13:52:58.181000+00:00,0,1343310778
2098552598,3036332464,2012-07-26 13:52:58.181000+00:00,0,1343310778
2098552598,1589820024,2012-07-26 13:52:58.181000+00:00,0,1343310778
2098552598,3656857644,2012-07-26 13:52:58.181000+00:00,0,1343310778
2098552598,3656008998,2012-07-26 13:53:10.201000+00:00,1,1343310790
2098552598,1594693609,2012-07-26 13:53:15.846000+00:00,1,1343310795
655721325,3225161223,2012-07-26 14:43:33.514000+00:00,0,1343313813
655721325,1858559841,2012-07-26 14:43:33.514000+00:00,0,1343313813
655721325,2706889282,2012-07-26 14:43:33.514000+00:00,0,1343313813
655721325,1205782315,2012-07-26 14:43:33.514000+00:00,0,1343313813
655721325,2209898896,2012-07-26 14:43:33.514000+00:00,0,1343313813
655721325,4181313745,2012-07-26 14:43:33.514000+00:00,1,1343313813
2464597212,2219009935,2012-07-26 18:42:08.502000+00:00,0,1343328128
2464597212,699155254,2012-07-26 18:42:08.502000+00:00,0,1343328128
2464597212,2862031808,2012-07-26 18:42:08.502000+00:00,1,1343328128
2464597212,2856081211,2012-07-26 18:42:08.502000+00:00,0,1343328128
2464597212,1776135378,2012-07-26 18:42:08.502000+00:00,0,1343328128
2464597212,1878535723,2012-07-26 18:42:08.502000+00:00,0,1343328128
320000323,1510609207,2012-07-28 09:28:48.643000+00:00,0,1343467728
320000323,920600431,2012-07-28 09:28:48.643000+00:00,0,1343467728
320000323,2963760335,2012-07-28 09:28:48.643000+00:00,1,1343467728
320000323,1146784351,2012-07-28 09:28:48.643000+00:00,0,1343467728
320000323,3702386514,2012-07-28 09:28:48.643000+00:00,0,1343467728
320000323,2274328264,2012-07-28 09:28:48.643000+00:00,0,1343467728
3102217094,1491971457,2012-07-28 13:25:19.629000+00:00,0,1343481919
3102217094,3505557593,2012-07-28 13:25:19.629000+00:00,0,1343481919
3102217094,3649098551,2012-07-28 13:25:19.629000+00:00,1,1343481919
3102217094,1180929461,2012-07-28 13:25:19.629000+00:00,0,1343481919
3102217094,2289163846,2012-07-28 13:25:19.629000+00:00,0,1343481919
3102217094,670599422,2012-07-28 13:25:19.629000+00:00,0,1343481919
2147677924,3505557593,2012-07-29 01:56:11.832000+00:00,1,1343526971
2147677924,2656575598,2012-07-29 01:56:11.832000+00:00,0,1343526971
2147677924,1271755958,2012-07-29 01:56:11.832000+00:00,0,1343526971
2147677924,1366554501,2012-07-29 01:56:11.832000+00:00,0,1343526971
2147677924,461293664,2012-07-29 01:56:11.832000+00:00,0,1343526971
2147677924,1251427356,2012-07-29 01:56:11.832000+00:00,0,1343526971
3071657222,1621860415,2012-07-29 13:19:45.774000+00:00,0,1343567985
3071657222,2592001236,2012-07-29 13:19:45.774000+00:00,1,1343567985
3071657222,1269661896,2012-07-29 13:19:45.774000+00:00,0,1343567985
3071657222,1433369680,2012-07-29 13:19:45.774000+00:00,0,1343567985
3071657222,865852780,2012-07-29 13:19:45.774000+00:00,0,1343567985
3071657222,1968232351,2012-07-29 13:19:45.774000+00:00,0,1343567985
3071657222,4047087562,2012-07-29 13:19:52.726000+00:00,1,1343567992
3071657222,3434315649,2012-07-29 13:22:33.820000+00:00,1,1343568153
3943175229,1491291821,2012-07-29 13:54:45.250000+00:00,0,1343570085
3943175229,3822409571,2012-07-29 13:54:45.250000+00:00,0,1343570085
3943175229,932459990,2012-07-29 13:54:45.250000+00:00,0,1343570085
3943175229,906531778,2012-07-29 13:54:45.250000+00:00,1,1343570085
3943175229,2616959506,2012-07-29 13:54:45.250000+00:00,0,1343570085
3943175229,4254164270,2012-07-29 13:54:45.250000+00:00,0,1343570085
3943175229,757252209,2012-07-29 13:54:46.667000+00:00,1,1343570086
3427391302,3709226646,2012-07-29 14:29:07.806000+00:00,0,1343572147
3427391302,1180929461,2012-07-29 14:29:07.806000+00:00,1,1343572147
3427391302,1491291821,2012-07-29 14:29:07.806000+00:00,0,1343572147
3427391302,850932284,2012-07-29 14:29:07.806000+00:00,0,1343572147
2903662804,3996301727,2012-07-30 18:23:07.401000+00:00,0,1343672587
2903662804,2507770632,2012-07-30 18:23:07.401000+00:00,0,1343672587
2903662804,1305006038,2012-07-30 18:23:07.401000+00:00,0,1343672587
2903662804,2126855815,2012-07-30 18:23:07.401000+00:00,0,1343672587
2903662804,1949042774,2012-07-30 18:23:07.401000+00:00,0,1343672587
2903662804,1074416596,2012-07-30 18:23:07.401000+00:00,1,1343672587
2903662804,2507770632,2012-07-30 22:54:04.804000+00:00,0,1343688844
2903662804,2219009935,2012-07-30 22:54:04.804000+00:00,1,1343688844
2903662804,3996301727,2012-07-30 22:54:04.804000+00:00,0,1343688844
2903662804,2126855815,2012-07-30 22:54:04.804000+00:00,0,1343688844
2903662804,1305006038,2012-07-30 22:54:04.804000+00:00,0,1343688844
2903662804,1949042774,2012-07-30 22:54:04.804000+00:00,0,1343688844
1536104641,1491291821,2012-07-31 03:08:07.296000+00:00,0,1343704087
1536104641,617964033,2012-07-31 03:08:07.296000+00:00,0,1343704087
1536104641,2863056708,2012-07-31 03:08:07.296000+00:00,1,1343704087
1536104641,3001098195,2012-07-31 03:08:07.296000+00:00,0,1343704087
1536104641,3201100159,2012-07-31 03:08:07.296000+00:00,0,1343704087
1536104641,3738119769,2012-07-31 03:08:07.296000+00:00,0,1343704087
2147677924,1366554501,2012-07-31 05:21:14.834000+00:00,0,1343712074
2147677924,3075394600,2012-07-31 05:21:14.834000+00:00,1,1343712074
2147677924,1537303965,2012-07-31 05:21:14.834000+00:00,0,1343712074
2147677924,461293664,2012-07-31 05:21:14.834000+00:00,0,1343712074
2147677924,3510308570,2012-07-31 05:21:14.834000+00:00,0,1343712074
2147677924,2656575598,2012-07-31 05:21:14.834000+00:00,0,1343712074
2147677924,1755447824,2012-07-31 05:32:22.937000+00:00,0,1343712742
4081761804,3875198199,2012-07-31 06:26:35.201000+00:00,0,1343715995
4081761804,3480087256,2012-07-31 06:26:35.201000+00:00,0,1343715995
4081761804,788716103,2012-07-31 06:26:35.201000+00:00,0,1343715995
4081761804,2350143315,2012-07-31 06:26:35.201000+00:00,0,1343715995
4081761804,1146784351,2012-07-31 06:26:35.201000+00:00,1,1343715995
4081761804,2274328264,2012-07-31 06:26:37.230000+00:00,1,1343715997
4081761804,691282771,2012-07-31 06:26:42.276000+00:00,1,1343716002
4081761804,1703662408,2012-07-31 06:26:44.788000+00:00,1,1343716004
4081761804,3702386514,2012-07-31 06:27:00.872000+00:00,1,1343716020
4081761804,2028042509,2012-07-31 06:27:09.442000+00:00,1,1343716029
612098420,785175041,2012-07-31 07:29:12.675000+00:00,0,1343719752
612098420,1600849184,2012-07-31 07:29:12.675000+00:00,0,1343719752
612098420,614606641,2012-07-31 07:29:12.675000+00:00,0,1343719752
612098420,1491291821,2012-07-31 07:29:12.675000+00:00,0,1343719752
612098420,3036332464,2012-07-31 07:29:12.675000+00:00,0,1343719752
612098420,2097449752,2012-07-31 07:29:12.675000+00:00,1,1343719752
3621549603,848453528,2012-07-31 17:55:59.029000+00:00,1,1343757359
3621549603,760152605,2012-07-31 17:55:59.029000+00:00,0,1343757359
3621549603,2421272892,2012-07-31 17:55:59.029000+00:00,0,1343757359
3621549603,812528842,2012-07-31 17:55:59.029000+00:00,0,1343757359
3621549603,3889821387,2012-07-31 17:55:59.029000+00:00,0,1343757359
3621549603,1820258245,2012-07-31 17:55:59.029000+00:00,0,1343757359
1890318514,785175041,2012-08-01 22:27:45.959000+00:00,0,1343860065
1890318514,2825851375,2012-08-01 22:27:45.959000+00:00,0,1343860065
1890318514,243550778,2012-08-01 22:27:45.959000+00:00,0,1343860065
1890318514,365372360,2012-08-01 22:27:45.959000+00:00,1,1343860065
1890318514,614606641,2012-08-01 22:27:45.959000+00:00,0,1343860065
1890318514,1600849184,2012-08-01 22:27:45.959000+00:00,0,1343860065
2849010050,3275851610,2012-08-02 00:27:07.459000+00:00,0,1343867227
2849010050,3054551380,2012-08-02 00:27:07.459000+00:00,0,1343867227
2849010050,3637506678,2012-08-02 00:27:07.459000+00:00,1,1343867227
2849010050,3265692358,2012-08-02 00:27:07.459000+00:00,0,1343867227
2949537983,3311992185,2012-08-02 15:22:24.342000+00:00,0,1343920944
2949537983,3747060085,2012-08-02 15:22:24.342000+00:00,0,1343920944
2949537983,1600849184,2012-08-02 15:22:24.342000+00:00,0,1343920944
2949537983,3317149544,2012-08-02 15:22:24.342000+00:00,0,1343920944
2949537983,1491291821,2012-08-02 15:22:24.342000+00:00,0,1343920944
2949537983,932459990,2012-08-02 15:22:24.342000+00:00,1,1343920944
1459241748,614606641,2012-08-03 04:14:21.896000+00:00,0,1343967261
1459241748,785175041,2012-08-03 04:14:21.896000+00:00,0,1343967261
1459241748,2193156408,2012-08-03 04:14:21.896000+00:00,1,1343967261
1459241748,3036332464,2012-08-03 04:14:21.896000+00:00,0,1343967261
1459241748,2334257130,2012-08-03 04:14:21.896000+00:00,0,1343967261
1459241748,273208484,2012-08-03 04:14:21.896000+00:00,0,1343967261
3461518589,1382689410,2012-08-03 10:24:24.255000+00:00,0,1343989464
3461518589,1600849184,2012-08-03 10:24:24.255000+00:00,0,1343989464
3461518589,3583895673,2012-08-03 10:24:24.255000+00:00,0,1343989464
3461518589,3390394809,2012-08-03 10:24:24.255000+00:00,0,1343989464
3461518589,3266986323,2012-08-03 10:24:24.255000+00:00,0,1343989464
3461518589,3178572875,2012-08-03 10:24:24.255000+00:00,1,1343989464
639409951,321596465,2012-08-03 12:01:29.288000+00:00,0,1343995289
639409951,1703662408,2012-08-03 12:01:29.288000+00:00,0,1343995289
639409951,3277893314,2012-08-03 12:01:29.288000+00:00,1,1343995289
639409951,1170112049,2012-08-03 12:01:29.288000+00:00,0,1343995289
639409951,2015438787,2012-08-03 12:01:29.288000+00:00,0,1343995289
639409951,2218232029,2012-08-03 12:01:29.288000+00:00,0,1343995289
866032649,173871426,2012-08-03 13:41:10.157000+00:00,0,1344001270
866032649,1515381265,2012-08-03 13:41:10.157000+00:00,0,1344001270
866032649,4058374704,2012-08-03 13:41:10.157000+00:00,0,1344001270
866032649,1561372104,2012-08-03 13:41:10.157000+00:00,1,1344001270
866032649,306511872,2012-08-03 13:41:10.157000+00:00,0,1344001270
866032649,2611575896,2012-08-03 13:41:10.157000+00:00,0,1344001270
2246918838,3389631138,2012-08-04 03:48:03.814000+00:00,0,1344052083
2246918838,2422316321,2012-08-04 03:48:03.814000+00:00,0,1344052083
2465513009,3534091101,2012-08-04 08:31:24.287000+00:00,1,1344069084
2465513009,1443810444,2012-08-04 08:31:24.287000+00:00,0,1344069084
2465513009,1322716520,2012-08-04 08:31:24.287000+00:00,0,1344069084
2465513009,439904567,2012-08-04 08:31:24.287000+00:00,0,1344069084
2465513009,1615291811,2012-08-04 08:31:24.287000+00:00,0,1344069084
2465513009,1153175316,2012-08-04 08:31:24.287000+00:00,0,1344069084
3464961116,3274156698,2012-08-04 19:58:14.941000+00:00,0,1344110294
3464961116,3694370841,2012-08-04 19:58:14.941000+00:00,0,1344110294
3464961116,246977782,2012-08-04 19:58:14.941000+00:00,0,1344110294
3464961116,1310465223,2012-08-04 19:58:14.941000+00:00,0,1344110294
3464961116,1281417389,2012-08-04 19:58:14.941000+00:00,1,1344110294
3464961116,1532094066,2012-08-04 19:58:14.941000+00:00,0,1344110294
2246918838,2979448805,2012-08-05 03:43:35.635000+00:00,1,1344138215
2246918838,1182610223,2012-08-05 03:43:35.635000+00:00,0,1344138215
2246918838,1429241116,2012-08-05 03:43:35.635000+00:00,0,1344138215
2246918838,3298103363,2012-08-05 03:43:35.635000+00:00,0,1344138215
2713002362,2174159620,2012-08-05 16:05:30.886000+00:00,0,1344182730
2713002362,1758417603,2012-08-05 16:05:30.886000+00:00,0,1344182730
2713002362,2837973453,2012-08-05 16:05:30.886000+00:00,0,1344182730
2713002362,3875487693,2012-08-05 16:05:30.886000+00:00,0,1344182730
2713002362,2625705319,2012-08-05 16:05:30.886000+00:00,1,1344182730
2713002362,2475876989,2012-08-05 16:05:30.886000+00:00,0,1344182730
1030441254,2020205490,2012-08-05 22:34:42.871000+00:00,0,1344206082
1030441254,64442250,2012-08-05 22:34:42.871000+00:00,0,1344206082
1030441254,530021453,2012-08-05 22:34:42.871000+00:00,0,1344206082
1030441254,1301997573,2012-08-05 22:34:42.871000+00:00,0,1344206082
1030441254,3874363313,2012-08-05 22:34:42.871000+00:00,1,1344206082
1030441254,1117746020,2012-08-05 22:34:42.871000+00:00,0,1344206082
1030441254,2743813328,2012-08-05 22:34:49.412000+00:00,1,1344206089
2858284447,3989742514,2012-08-06 13:58:27.916000+00:00,0,1344261507
2858284447,1598476470,2012-08-06 13:58:27.916000+00:00,0,1344261507
2858284447,3405140804,2012-08-06 13:58:27.916000+00:00,0,1344261507
2858284447,4033406811,2012-08-06 13:58:27.916000+00:00,1,1344261507
2858284447,1241986543,2012-08-06 13:58:27.916000+00:00,0,1344261507
2858284447,1349521729,2012-08-06 13:58:27.916000+00:00,0,1344261507
4075466480,2747865716,2012-08-06 14:18:30.424000+00:00,0,1344262710
4075466480,2562744721,2012-08-06 14:18:32.524000+00:00,0,1344262712
4075466480,1125936115,2012-08-06 14:18:36.969000+00:00,0,1344262716
4075466480,3796480562,2012-08-06 14:18:39.662000+00:00,0,1344262719
4075466480,2505487381,2012-08-06 14:18:39.102000+00:00,0,1344262719
4075466480,1956857726,2012-08-06 14:18:43.400000+00:00,0,1344262723
4075466480,3889378792,2012-08-06 14:18:43.933000+00:00,0,1344262723
4075466480,2525317671,2012-08-06 14:18:49.219000+00:00,0,1344262729
4075466480,29800776,2012-08-06 14:18:50.789000+00:00,0,1344262730
4075466480,2589616173,2012-08-06 14:18:51.320000+00:00,0,1344262731
4075466480,1744265468,2012-08-06 14:18:52.900000+00:00,0,1344262732
4075466480,3463618172,2012-08-06 14:18:56.014000+00:00,0,1344262736
4075466480,3567240505,2012-08-06 14:19:01.216000+00:00,0,1344262741
4075466480,1318163270,2012-08-06 14:19:03.309000+00:00,0,1344262743
4075466480,3519205197,2012-08-06 14:19:16.455000+00:00,0,1344262756
4075466480,157268636,2012-08-06 14:19:17.029000+00:00,0,1344262757
4075466480,744858144,2012-08-06 14:19:18.646000+00:00,0,1344262758
4075466480,1551227860,2012-08-06 14:19:19.740000+00:00,0,1344262759
4075466480,1275435478,2012-08-06 14:19:19.194000+00:00,0,1344262759
4075466480,745009494,2012-08-06 14:19:20.331000+00:00,0,1344262760
4075466480,3367065897,2012-08-06 14:19:23.137000+00:00,0,1344262763
4075466480,230681934,2012-08-06 14:19:24.732000+00:00,0,1344262764
4075466480,3165653791,2012-08-06 14:19:26.883000+00:00,0,1344262766
4075466480,3261946380,2012-08-06 14:19:27.944000+00:00,0,1344262767
4075466480,3327512314,2012-08-06 14:19:30.083000+00:00,0,1344262770
4075466480,4271049883,2012-08-06 14:19:30.638000+00:00,0,1344262770
4075466480,610221734,2012-08-06 14:19:33.385000+00:00,0,1344262773
4075466480,3335640477,2012-08-06 14:19:33.920000+00:00,0,1344262773
4075466480,2400649681,2012-08-06 14:19:38.615000+00:00,0,1344262778
4075466480,2974411380,2012-08-06 14:19:45.418000+00:00,0,1344262785
4075466480,3403130296,2012-08-06 14:19:54.606000+00:00,0,1344262794
4075466480,2222499316,2012-08-06 14:19:54.037000+00:00,0,1344262794
4075466480,43776105,2012-08-06 14:19:55.635000+00:00,0,1344262795
4075466480,2818648337,2012-08-06 14:19:56.156000+00:00,0,1344262796
4075466480,3166120310,2012-08-06 14:20:00.704000+00:00,0,1344262800
4075466480,963138294,2012-08-06 14:20:11.874000+00:00,0,1344262811
4075466480,2865784560,2012-08-06 14:20:12.982000+00:00,0,1344262812
4075466480,3538627205,2012-08-06 14:20:15.580000+00:00,0,1344262815
4075466480,2227930190,2012-08-06 14:20:18.357000+00:00,0,1344262818
4075466480,2511965806,2012-08-06 14:20:50.044000+00:00,0,1344262850
4075466480,1105000776,2012-08-06 14:20:50.044000+00:00,1,1344262850
4075466480,3163699965,2012-08-06 14:20:50.044000+00:00,0,1344262850
4075466480,3921014619,2012-08-06 14:20:50.044000+00:00,0,1344262850
4075466480,980502560,2012-08-06 14:20:50.044000+00:00,0,1344262850
4075466480,3130827417,2012-08-06 14:20:53.571000+00:00,1,1344262853
3183278547,713643675,2012-08-07 03:20:22.221000+00:00,0,1344309622
3183278547,524730890,2012-08-07 03:20:22.221000+00:00,0,1344309622
3183278547,1386545389,2012-08-07 03:20:22.221000+00:00,0,1344309622
3183278547,87840033,2012-08-07 03:20:22.221000+00:00,1,1344309622
3183278547,2048271447,2012-08-07 03:20:22.221000+00:00,0,1344309622
3183278547,3317835950,2012-08-07 03:20:22.221000+00:00,0,1344309622
3877652693,2404440151,2012-08-07 03:47:08.287000+00:00,0,1344311228
3877652693,2082389230,2012-08-07 03:47:08.287000+00:00,0,1344311228
3877652693,1565715575,2012-08-07 03:47:08.287000+00:00,0,1344311228
3877652693,2704376528,2012-08-07 03:47:08.287000+00:00,0,1344311228
3877652693,1349521729,2012-08-07 03:47:08.287000+00:00,1,1344311228
3877652693,2284384411,2012-08-07 03:47:08.287000+00:00,0,1344311228
1625052108,4149006579,2012-08-07 19:39:45.737000+00:00,0,1344368385
1625052108,1635377146,2012-08-07 19:39:45.737000+00:00,1,1344368385
1625052108,44862888,2012-08-07 19:39:45.737000+00:00,0,1344368385
1625052108,3644291653,2012-08-07 19:39:45.737000+00:00,0,1344368385
1625052108,1325352746,2012-08-07 19:39:45.737000+00:00,0,1344368385
1625052108,3014143277,2012-08-07 19:39:45.737000+00:00,0,1344368385
866032649,2925964144,2012-08-08 15:47:26.802000+00:00,0,1344440846
866032649,159854054,2012-08-08 15:47:48.950000+00:00,0,1344440868
866032649,1607266075,2012-08-08 15:48:00.517000+00:00,1,1344440880
866032649,2475876989,2012-08-08 15:48:00.517000+00:00,0,1344440880
866032649,578981220,2012-08-08 15:48:00.517000+00:00,0,1344440880
866032649,1354554247,2012-08-08 15:48:00.517000+00:00,0,1344440880
866032649,3210876036,2012-08-08 15:48:00.517000+00:00,0,1344440880
866032649,4262164602,2012-08-08 15:48:00.517000+00:00,0,1344440880
866032649,2707138548,2012-08-08 15:48:05.034000+00:00,0,1344440885
866032649,69957838,2012-08-08 15:48:08.063000+00:00,0,1344440888
866032649,2931338514,2012-08-08 15:48:14.119000+00:00,0,1344440894
866032649,816912378,2012-08-08 15:48:21.662000+00:00,1,1344440901
866032649,1865382064,2012-08-08 15:48:27.700000+00:00,0,1344440907
866032649,397068124,2012-08-08 15:48:35.287000+00:00,0,1344440915
866032649,314232523,2012-08-08 15:48:45.910000+00:00,0,1344440925
866032649,1229195202,2012-08-08 15:49:22.611000+00:00,1,1344440962
3316008620,2874359158,2012-08-08 18:50:50.694000+00:00,0,1344451850
3316008620,1532857056,2012-08-08 18:50:50.694000+00:00,0,1344451850
3316008620,1786898764,2012-08-08 18:50:50.694000+00:00,0,1344451850
3316008620,3166120310,2012-08-08 18:50:50.694000+00:00,0,1344451850
3316008620,4020623879,2012-08-08 18:50:50.694000+00:00,1,1344451850
3316008620,3545475739,2012-08-08 18:50:50.694000+00:00,0,1344451850
3316008620,1349521729,2012-08-08 18:55:24.673000+00:00,1,1344452124
3395187066,833310733,2012-08-09 00:35:47.619000+00:00,0,1344472547
3395187066,162042943,2012-08-09 00:35:47.619000+00:00,1,1344472547
3395187066,3972098768,2012-08-09 00:35:47.619000+00:00,0,1344472547
3395187066,3523744982,2012-08-09 00:35:47.619000+00:00,0,1344472547
3395187066,2106861684,2012-08-09 00:35:47.619000+00:00,0,1344472547
3395187066,4123948606,2012-08-09 00:35:47.619000+00:00,0,1344472547
2864941156,1565715575,2012-08-09 04:28:53.008000+00:00,0,1344486533
2864941156,1031025754,2012-08-09 04:28:53.008000+00:00,0,1344486533
2864941156,478439234,2012-08-09 04:28:53.008000+00:00,0,1344486533
2864941156,1880617811,2012-08-09 04:28:53.008000+00:00,0,1344486533
2864941156,3036332464,2012-08-09 04:28:53.008000+00:00,0,1344486533
2864941156,245424953,2012-08-09 04:28:53.008000+00:00,1,1344486533
3388914512,1711311187,2012-08-09 18:36:12.590000+00:00,0,1344537372
3388914512,1999425207,2012-08-09 18:36:12.590000+00:00,1,1344537372
3388914512,2006849293,2012-08-09 18:36:12.590000+00:00,0,1344537372
3388914512,1206980904,2012-08-09 18:36:12.590000+00:00,0,1344537372
3388914512,3126566992,2012-08-09 18:36:12.590000+00:00,0,1344537372
3388914512,3765974734,2012-08-09 18:36:12.590000+00:00,0,1344537372
3388914512,1337579906,2012-08-09 18:37:18.949000+00:00,1,1344537438
3388914512,2984715670,2012-08-09 18:37:39.563000+00:00,1,1344537459
3388914512,3726708134,2012-08-09 18:37:48.113000+00:00,1,1344537468
3388914512,1758865602,2012-08-09 18:37:55.659000+00:00,1,1344537475
3778197718,1821200968,2012-08-11 02:33:55.963000+00:00,0,1344652435
3778197718,1462150899,2012-08-11 02:33:55.963000+00:00,0,1344652435
3778197718,1709619131,2012-08-11 02:33:55.963000+00:00,0,1344652435
3778197718,3310497450,2012-08-11 02:33:55.963000+00:00,0,1344652435
3778197718,1573959844,2012-08-11 02:33:55.963000+00:00,0,1344652435
3778197718,2834790159,2012-08-11 02:33:55.963000+00:00,1,1344652435
2069512156,4262164602,2012-08-11 03:56:14.209000+00:00,0,1344657374
2069512156,1472146553,2012-08-11 03:56:14.209000+00:00,1,1344657374
2069512156,743088347,2012-08-11 03:56:14.209000+00:00,0,1344657374
2069512156,1142237118,2012-08-11 03:56:14.209000+00:00,0,1344657374
2069512156,1293045154,2012-08-11 03:56:14.209000+00:00,0,1344657374
2069512156,2858842033,2012-08-11 03:56:14.209000+00:00,0,1344657374
3418659271,238845969,2012-08-11 04:09:08.616000+00:00,0,1344658148
3418659271,439904567,2012-08-11 04:09:08.616000+00:00,0,1344658148
3418659271,2554767933,2012-08-11 04:09:08.616000+00:00,0,1344658148
3418659271,1710609254,2012-08-11 04:09:08.616000+00:00,0,1344658148
3418659271,2190223358,2012-08-11 04:09:08.616000+00:00,0,1344658148
3418659271,3545475739,2012-08-11 04:09:08.616000+00:00,1,1344658148
243893094,1309574084,2012-08-11 12:07:24.806000+00:00,0,1344686844
243893094,2110476189,2012-08-11 12:07:24.806000+00:00,0,1344686844
243893094,931545300,2012-08-11 12:07:24.806000+00:00,0,1344686844
243893094,386229329,2012-08-11 12:07:24.806000+00:00,1,1344686844
243893094,445012721,2012-08-11 12:07:31.868000+00:00,1,1344686851
3221698850,1862523963,2012-08-11 13:35:05.398000+00:00,0,1344692105
3221698850,567626291,2012-08-11 13:35:05.398000+00:00,0,1344692105
3221698850,655936955,2012-08-11 13:35:05.398000+00:00,0,1344692105
3221698850,3364940341,2012-08-11 13:35:05.398000+00:00,0,1344692105
3221698850,1615385128,2012-08-11 13:35:05.398000+00:00,0,1344692105
3221698850,3654485924,2012-08-11 13:35:05.398000+00:00,1,1344692105
3245391379,1649465591,2012-08-12 14:01:00.779000+00:00,0,1344780060
3245391379,2556554385,2012-08-12 14:01:00.779000+00:00,0,1344780060
3245391379,1977169313,2012-08-12 14:01:00.779000+00:00,1,1344780060
3245391379,3190640703,2012-08-12 14:01:00.779000+00:00,0,1344780060
3245391379,2565063347,2012-08-12 14:01:00.779000+00:00,0,1344780060
3245391379,4013344838,2012-08-12 14:01:00.779000+00:00,0,1344780060
1793590520,4172133524,2012-08-12 18:42:02.859000+00:00,0,1344796922
1793590520,4012058764,2012-08-12 18:42:02.859000+00:00,0,1344796922
1793590520,712966241,2012-08-12 18:42:02.859000+00:00,0,1344796922
1793590520,288749001,2012-08-12 18:42:02.859000+00:00,0,1344796922
1793590520,38211426,2012-08-12 18:42:02.859000+00:00,1,1344796922
1793590520,1351639930,2012-08-12 18:42:02.859000+00:00,0,1344796922
762911677,3658522039,2012-08-13 05:26:32.868000+00:00,1,1344835592
762911677,2129619079,2012-08-13 05:26:32.868000+00:00,0,1344835592
762911677,1977169313,2012-08-13 05:26:32.868000+00:00,0,1344835592
762911677,848453528,2012-08-13 05:26:32.868000+00:00,0,1344835592
2254352523,1345571924,2012-08-13 15:58:20.118000+00:00,0,1344873500
2254352523,2559472002,2012-08-13 15:58:20.118000+00:00,0,1344873500
2254352523,592194601,2012-08-13 15:58:20.118000+00:00,0,1344873500
2254352523,95076039,2012-08-13 15:58:20.118000+00:00,0,1344873500
2254352523,2775611507,2012-08-13 15:58:20.118000+00:00,1,1344873500
2254352523,1063690826,2012-08-13 15:58:20.118000+00:00,0,1344873500
3751606951,1692398232,2012-08-14 13:30:14.559000+00:00,0,1344951014
3751606951,586161770,2012-08-14 13:30:14.559000+00:00,0,1344951014
3751606951,984364928,2012-08-14 13:30:14.559000+00:00,0,1344951014
3751606951,2285107026,2012-08-14 13:30:14.559000+00:00,0,1344951014
3751606951,685891414,2012-08-14 13:30:14.559000+00:00,1,1344951014
3751606951,3143138469,2012-08-14 13:30:14.559000+00:00,0,1344951014
3751606951,1147324673,2012-08-14 13:30:23.107000+00:00,1,1344951023
19283444,3166529318,2012-08-14 22:12:06.900000+00:00,0,1344982326
19283444,3789409122,2012-08-14 22:12:06.900000+00:00,1,1344982326
19283444,312133462,2012-08-14 22:12:06.900000+00:00,0,1344982326
19283444,3610133881,2012-08-14 22:12:06.900000+00:00,0,1344982326
19283444,4110062919,2012-08-14 22:12:06.900000+00:00,0,1344982326
19283444,4293596113,2012-08-14 22:12:06.900000+00:00,0,1344982326
467001379,1039136952,2012-08-15 09:13:33.232000+00:00,0,1345022013
467001379,3701547443,2012-08-15 09:13:33.232000+00:00,0,1345022013
467001379,2692353077,2012-08-15 09:13:33.232000+00:00,0,1345022013
467001379,2119788366,2012-08-15 09:13:33.232000+00:00,0,1345022013
467001379,3279689124,2012-08-15 09:13:33.232000+00:00,0,1345022013
467001379,3968107646,2012-08-15 09:13:33.232000+00:00,1,1345022013
3289417890,3175590309,2012-08-16 00:26:44.419000+00:00,0,1345076804
3289417890,1359749784,2012-08-16 00:26:44.419000+00:00,1,1345076804
3289417890,3231605698,2012-08-16 00:26:44.419000+00:00,0,1345076804
3289417890,1203119679,2012-08-16 00:26:44.419000+00:00,0,1345076804
3289417890,2284988414,2012-08-16 00:26:44.419000+00:00,0,1345076804
3289417890,4110062919,2012-08-16 00:26:44.419000+00:00,0,1345076804
567820539,1717235731,2012-08-16 12:09:19.487000+00:00,1,1345118959
567820539,3701547443,2012-08-16 12:09:19.487000+00:00,0,1345118959
567820539,1866219535,2012-08-16 12:09:19.487000+00:00,0,1345118959
567820539,3979329642,2012-08-16 12:09:19.487000+00:00,0,1345118959
567820539,4110062919,2012-08-16 12:09:19.487000+00:00,0,1345118959
567820539,3610133881,2012-08-16 12:09:19.487000+00:00,0,1345118959
3598881287,1910904969,2012-08-16 12:22:19.600000+00:00,0,1345119739
3598881287,1817434960,2012-08-16 12:22:19.600000+00:00,0,1345119739
3598881287,4026781236,2012-08-16 12:22:19.600000+00:00,0,1345119739
3598881287,3610133881,2012-08-16 12:22:19.600000+00:00,0,1345119739
3598881287,3701547443,2012-08-16 12:22:19.600000+00:00,1,1345119739
3598881287,2851922487,2012-08-16 12:22:19.600000+00:00,0,1345119739
4046490355,112957559,2012-08-16 18:04:08.277000+00:00,0,1345140248
4046490355,1200746292,2012-08-16 18:04:08.277000+00:00,0,1345140248
4046490355,1830060678,2012-08-16 18:04:08.277000+00:00,1,1345140248
4046490355,1845469953,2012-08-16 18:04:08.277000+00:00,0,1345140248
4046490355,3610133881,2012-08-16 18:04:08.277000+00:00,0,1345140248
4046490355,1174034,2012-08-16 18:04:08.277000+00:00,0,1345140248
4046490355,723829948,2012-08-16 18:04:19.829000+00:00,1,1345140259
749467696,4117510220,2012-08-16 21:33:44.098000+00:00,0,1345152824
749467696,3265153806,2012-08-16 21:33:44.098000+00:00,0,1345152824
749467696,494878884,2012-08-16 21:33:44.098000+00:00,0,1345152824
749467696,3022508755,2012-08-16 21:33:44.098000+00:00,1,1345152824
749467696,2797281037,2012-08-16 21:33:44.098000+00:00,0,1345152824
749467696,1043074629,2012-08-16 21:33:44.098000+00:00,0,1345152824
1223566187,3701547443,2012-08-17 10:41:51.972000+00:00,0,1345200111
1223566187,3610133881,2012-08-17 10:41:51.972000+00:00,0,1345200111
1223566187,610652577,2012-08-17 10:41:51.972000+00:00,1,1345200111
1223566187,3036332464,2012-08-17 10:41:51.972000+00:00,0,1345200111
1223566187,1203119679,2012-08-17 10:41:51.972000+00:00,0,1345200111
1223566187,4110062919,2012-08-17 10:41:51.972000+00:00,0,1345200111
1223566187,1556245473,2012-08-17 10:41:56.022000+00:00,1,1345200116
2444012189,4110062919,2012-08-17 18:30:44.122000+00:00,0,1345228244
2444012189,4116895316,2012-08-17 18:30:44.122000+00:00,0,1345228244
2444012189,2114497069,2012-08-17 18:30:44.122000+00:00,0,1345228244
2444012189,2683829848,2012-08-17 18:30:44.122000+00:00,0,1345228244
2444012189,597439017,2012-08-17 18:30:44.122000+00:00,0,1345228244
2444012189,2465836337,2012-08-17 18:30:44.122000+00:00,1,1345228244
708073241,872813215,2012-08-17 18:36:28.111000+00:00,0,1345228588
708073241,112957559,2012-08-17 18:36:28.111000+00:00,0,1345228588
708073241,754337333,2012-08-17 18:36:28.111000+00:00,1,1345228588
708073241,1039136952,2012-08-17 18:36:28.111000+00:00,0,1345228588
708073241,4269276292,2012-08-17 18:36:28.111000+00:00,0,1345228588
708073241,312133462,2012-08-17 18:36:28.111000+00:00,0,1345228588
2849010050,3555851735,2012-08-17 21:47:13.234000+00:00,0,1345240033
2849010050,3609066121,2012-08-17 21:47:13.234000+00:00,0,1345240033
2849010050,2035433625,2012-08-17 21:47:13.234000+00:00,0,1345240033
2849010050,3364485916,2012-08-17 21:47:13.234000+00:00,0,1345240033
2849010050,1169494077,2012-08-17 21:47:13.234000+00:00,1,1345240033
2849010050,3923827464,2012-08-17 21:47:13.234000+00:00,0,1345240033
3289417890,3175590309,2012-08-18 04:32:13.780000+00:00,0,1345264333
3289417890,1203119679,2012-08-18 04:32:13.780000+00:00,0,1345264333
3289417890,3043869117,2012-08-18 04:32:13.780000+00:00,0,1345264333
3289417890,508940306,2012-08-18 04:32:13.780000+00:00,0,1345264333
3289417890,284888222,2012-08-18 04:32:13.780000+00:00,1,1345264333
3289417890,4110062919,2012-08-18 04:32:13.780000+00:00,0,1345264333
1507678209,2633128735,2012-08-18 12:09:20.324000+00:00,1,1345291760
1507678209,682028179,2012-08-18 12:09:20.324000+00:00,0,1345291760
1507678209,3309576207,2012-08-18 12:09:20.324000+00:00,0,1345291760
1507678209,1896981357,2012-08-18 12:09:20.324000+00:00,0,1345291760
1507678209,2841601525,2012-08-18 12:09:20.324000+00:00,0,1345291760
1507678209,2095817474,2012-08-18 12:09:20.324000+00:00,0,1345291760
3464961116,76912742,2012-08-18 12:58:17.218000+00:00,1,1345294697
3464961116,1065265666,2012-08-18 12:58:17.218000+00:00,0,1345294697
3464961116,2696290884,2012-08-18 12:58:17.218000+00:00,0,1345294697
3464961116,4176749504,2012-08-18 12:58:17.218000+00:00,0,1345294697
3464961116,4273898950,2012-08-18 12:58:17.218000+00:00,0,1345294697
3464961116,672394453,2012-08-18 12:58:17.218000+00:00,0,1345294697
3943175229,3523553728,2012-08-18 13:08:55.685000+00:00,0,1345295335
3943175229,3996685669,2012-08-18 13:08:55.685000+00:00,1,1345295335
3943175229,1147537500,2012-08-18 13:08:55.685000+00:00,0,1345295335
3943175229,1679520303,2012-08-18 13:08:55.685000+00:00,0,1345295335
3943175229,394293006,2012-08-18 13:08:55.685000+00:00,0,1345295335
3943175229,353850493,2012-08-18 13:08:55.685000+00:00,0,1345295335
3943175229,901303979,2012-08-19 12:51:40.704000+00:00,0,1345380700
3943175229,1679520303,2012-08-19 12:51:40.704000+00:00,0,1345380700
3943175229,353850493,2012-08-19 12:51:40.704000+00:00,0,1345380700
3943175229,1775180166,2012-08-19 12:51:40.704000+00:00,0,1345380700
3943175229,85675684,2012-08-19 12:51:40.704000+00:00,1,1345380700
3943175229,1147537500,2012-08-19 12:51:40.704000+00:00,0,1345380700
3943175229,2435261389,2012-08-19 13:05:35.834000+00:00,1,1345381535
3943175229,2762265549,2012-08-19 13:07:41.292000+00:00,1,1345381661
1030441254,3792116629,2012-08-19 16:28:12.658000+00:00,0,1345393692
1030441254,1298449638,2012-08-19 16:28:12.658000+00:00,0,1345393692
1030441254,2377296815,2012-08-19 16:28:12.658000+00:00,0,1345393692
1030441254,2108986641,2012-08-19 16:28:12.658000+00:00,0,1345393692
1030441254,2670146105,2012-08-19 16:28:12.658000+00:00,0,1345393692
1030441254,3319071521,2012-08-19 16:28:12.658000+00:00,1,1345393692
1030441254,3698731704,2012-08-19 16:28:16.695000+00:00,1,1345393696
1030441254,727714452,2012-08-19 16:34:56.463000+00:00,1,1345394096
1030441254,104607440,2012-08-19 16:34:58.987000+00:00,1,1345394098
4032639394,2861875204,2012-08-20 11:47:58.510000+00:00,0,1345463278
4032639394,1135473702,2012-08-20 11:47:58.510000+00:00,0,1345463278
4032639394,1079421917,2012-08-20 11:47:58.510000+00:00,0,1345463278
4032639394,445416616,2012-08-20 11:47:58.510000+00:00,0,1345463278
4032639394,2559893836,2012-08-20 11:47:58.510000+00:00,1,1345463278
4032639394,2619521100,2012-08-20 11:47:58.510000+00:00,0,1345463278
4042546595,1485857067,2012-08-21 19:00:02.739000+00:00,0,1345575602
4042546595,766559591,2012-08-21 19:00:02.739000+00:00,0,1345575602
4042546595,1324942353,2012-08-21 19:00:02.739000+00:00,0,1345575602
4042546595,3311128071,2012-08-21 19:00:02.739000+00:00,0,1345575602
4042546595,3652898890,2012-08-21 19:00:02.739000+00:00,0,1345575602
4042546595,3199154012,2012-08-21 19:00:02.739000+00:00,1,1345575602
140576550,850932284,2012-08-22 02:12:16.561000+00:00,0,1345601536
140576550,681905393,2012-08-22 02:12:16.561000+00:00,1,1345601536
140576550,3484398328,2012-08-22 02:12:16.561000+00:00,0,1345601536
140576550,2117342476,2012-08-22 02:12:16.561000+00:00,0,1345601536
140576550,985849581,2012-08-22 02:12:16.561000+00:00,0,1345601536
140576550,471488113,2012-08-22 02:12:16.561000+00:00,0,1345601536
2858284447,3318154799,2012-08-22 02:23:47.695000+00:00,0,1345602227
2858284447,4126400680,2012-08-22 02:23:47.695000+00:00,0,1345602227
2858284447,1895999151,2012-08-22 02:23:47.695000+00:00,0,1345602227
2858284447,4040469677,2012-08-22 02:23:47.695000+00:00,0,1345602227
2858284447,2826099971,2012-08-22 02:23:47.695000+00:00,1,1345602227
2858284447,2265576335,2012-08-22 02:23:47.695000+00:00,0,1345602227
2254327912,1326604587,2012-08-22 09:16:42.728000+00:00,0,1345627002
2254327912,2978944992,2012-08-22 09:16:42.728000+00:00,0,1345627002
2254327912,4032794844,2012-08-22 09:16:42.728000+00:00,0,1345627002
2254327912,3016174135,2012-08-22 09:16:42.728000+00:00,1,1345627002
2254327912,3536688266,2012-08-22 09:16:42.728000+00:00,0,1345627002
107783241,1592001933,2012-08-22 17:53:20.579000+00:00,0,1345658000
107783241,2965673104,2012-08-22 17:53:20.579000+00:00,0,1345658000
107783241,2378521366,2012-08-22 17:53:20.579000+00:00,0,1345658000
107783241,273094339,2012-08-22 17:53:20.579000+00:00,1,1345658000
107783241,2345291490,2012-08-22 17:53:20.579000+00:00,0,1345658000
107783241,2804309235,2012-08-22 17:53:20.579000+00:00,0,1345658000
1414301782,2540540072,2012-08-23 00:45:19.498000+00:00,0,1345682719
1414301782,3466325304,2012-08-23 00:45:19.498000+00:00,1,1345682719
1414301782,2652356640,2012-08-23 00:45:19.498000+00:00,0,1345682719
1414301782,627844908,2012-08-23 00:45:19.498000+00:00,0,1345682719
1414301782,3128167927,2012-08-23 00:45:19.498000+00:00,0,1345682719
1414301782,2846745198,2012-08-23 00:45:19.498000+00:00,0,1345682719
2348719537,3782162078,2012-08-23 02:04:29.462000+00:00,0,1345687469
2348719537,3120259797,2012-08-23 02:04:29.462000+00:00,0,1345687469
2348719537,3021201850,2012-08-23 02:04:29.462000+00:00,1,1345687469
2348719537,2042697619,2012-08-23 02:04:29.462000+00:00,0,1345687469
2348719537,3659977472,2012-08-23 02:04:29.462000+00:00,0,1345687469
2348719537,3801087697,2012-08-23 02:04:29.462000+00:00,0,1345687469
2546983756,3134728841,2012-08-23 14:20:18.198000+00:00,0,1345731618
1414301782,2540540072,2012-08-23 21:49:41.269000+00:00,0,1345758581
1414301782,2846745198,2012-08-23 21:49:41.269000+00:00,0,1345758581
1414301782,627844908,2012-08-23 21:49:41.269000+00:00,0,1345758581
1414301782,2652356640,2012-08-23 21:49:41.269000+00:00,0,1345758581
1414301782,3128167927,2012-08-23 21:49:41.269000+00:00,0,1345758581
1414301782,2701433747,2012-08-23 21:49:41.269000+00:00,1,1345758581
3885352810,2762128957,2012-08-24 00:13:37.608000+00:00,0,1345767217
3885352810,2619521100,2012-08-24 00:13:37.608000+00:00,0,1345767217
3885352810,1895999151,2012-08-24 00:13:37.608000+00:00,1,1345767217
3885352810,4126400680,2012-08-24 00:13:37.608000+00:00,0,1345767217
3885352810,3988551070,2012-08-24 00:13:37.608000+00:00,0,1345767217
3885352810,592400339,2012-08-24 00:13:37.608000+00:00,0,1345767217
2464597212,2030036850,2012-08-24 18:03:04.164000+00:00,0,1345831384
2464597212,2413778005,2012-08-24 18:03:04.164000+00:00,0,1345831384
1967928641,3594050218,2012-08-24 18:33:03.944000+00:00,1,1345833183
1967928641,3267660718,2012-08-24 18:33:03.944000+00:00,0,1345833183
1967928641,3404094762,2012-08-24 18:33:03.944000+00:00,0,1345833183
1967928641,3581079888,2012-08-24 18:33:03.944000+00:00,0,1345833183
1967928641,3298863485,2012-08-24 18:33:03.944000+00:00,0,1345833183
1967928641,573567288,2012-08-24 18:33:03.944000+00:00,0,1345833183
1967928641,973526380,2012-08-24 18:48:03.796000+00:00,1,1345834083
1463808662,721486079,2012-08-24 21:23:04.038000+00:00,0,1345843384
1463808662,3626895603,2012-08-24 21:23:04.038000+00:00,0,1345843384
1463808662,1490050955,2012-08-24 21:23:04.038000+00:00,1,1345843384
1463808662,1840858294,2012-08-24 21:23:04.038000+00:00,0,1345843384
1463808662,1007704123,2012-08-24 21:23:04.038000+00:00,0,1345843384
1463808662,2969035497,2012-08-24 21:23:04.038000+00:00,0,1345843384
1463808662,327009161,2012-08-24 21:42:52.425000+00:00,1,1345844572
1703748926,705975374,2012-08-24 23:04:20.226000+00:00,0,1345849460
1703748926,2951156726,2012-08-24 23:04:20.226000+00:00,1,1345849460
1703748926,3552818627,2012-08-24 23:04:20.226000+00:00,0,1345849460
1703748926,595203672,2012-08-24 23:04:20.226000+00:00,0,1345849460
1703748926,2637341381,2012-08-24 23:04:20.226000+00:00,0,1345849460
1703748926,604889701,2012-08-24 23:04:20.226000+00:00,0,1345849460
3739086221,3630396793,2012-08-25 16:40:18.638000+00:00,1,1345912818
3739086221,98340253,2012-08-25 16:40:18.638000+00:00,0,1345912818
3739086221,3003142170,2012-08-25 16:40:18.638000+00:00,0,1345912818
3739086221,4000779658,2012-08-25 16:40:18.638000+00:00,0,1345912818
3739086221,2182518824,2012-08-25 16:40:18.638000+00:00,0,1345912818
3739086221,1660590445,2012-08-25 16:40:18.638000+00:00,0,1345912818
3739086221,263677106,2012-08-25 16:40:35.732000+00:00,1,1345912835
3758003912,951253136,2012-08-29 03:15:16.925000+00:00,1,1346210116
3758003912,2264712932,2012-08-29 03:15:16.925000+00:00,0,1346210116
3758003912,1619445765,2012-08-29 03:15:16.925000+00:00,0,1346210116
3758003912,2896451394,2012-08-29 03:15:16.925000+00:00,0,1346210116
3758003912,3836582687,2012-08-29 03:15:16.925000+00:00,0,1346210116
3758003912,1085970489,2012-08-29 03:15:16.925000+00:00,0,1346210116
2464597212,3974191504,2012-08-29 19:19:19.977000+00:00,0,1346267959
2464597212,3824282897,2012-08-29 19:19:19.977000+00:00,0,1346267959
2903662804,3786601726,2012-08-29 19:21:37.762000+00:00,0,1346268097
2903662804,1977475739,2012-08-29 19:21:37.762000+00:00,1,1346268097
2903662804,3307462195,2012-08-29 19:21:37.762000+00:00,0,1346268097
2903662804,1523866594,2012-08-29 19:21:37.762000+00:00,0,1346268097
2903662804,858379964,2012-08-29 19:21:37.762000+00:00,0,1346268097
2903662804,2421849726,2012-08-29 19:21:37.762000+00:00,0,1346268097
738324703,3677852886,2012-08-30 16:42:12.330000+00:00,1,1346344932
738324703,2388719133,2012-08-30 16:42:12.330000+00:00,0,1346344932
738324703,677713566,2012-08-30 16:42:12.330000+00:00,0,1346344932
738324703,1710669663,2012-08-30 16:42:12.330000+00:00,0,1346344932
738324703,3855652876,2012-08-30 16:42:28.512000+00:00,1,1346344948
738324703,34564349,2012-08-30 16:42:30.536000+00:00,1,1346344950
738324703,667664881,2012-08-30 16:42:32.594000+00:00,1,1346344952
738324703,38825896,2012-08-30 16:42:43.731000+00:00,1,1346344963
738324703,3084875554,2012-08-30 16:42:54.323000+00:00,1,1346344974
738324703,162332756,2012-08-30 16:43:13.830000+00:00,1,1346344993
4282954307,1401314683,2012-08-31 13:38:53.857000+00:00,0,1346420333
4282954307,610427555,2012-08-31 13:38:53.857000+00:00,0,1346420333
4282954307,2985301715,2012-08-31 13:38:53.857000+00:00,0,1346420333
4282954307,104070,2012-08-31 13:38:53.857000+00:00,1,1346420333
4282954307,3855652876,2012-08-31 13:38:53.857000+00:00,0,1346420333
4282954307,1137018984,2012-08-31 13:38:53.857000+00:00,0,1346420333
4282954307,1683157650,2012-08-31 13:38:54.869000+00:00,1,1346420334
4282954307,2328883039,2012-08-31 13:38:55.904000+00:00,1,1346420335
4282954307,1838698560,2012-08-31 13:38:56.901000+00:00,1,1346420336
4282954307,3338313474,2012-08-31 13:39:07.037000+00:00,1,1346420347
3035544663,28573792,2012-08-31 18:09:58.703000+00:00,0,1346436598
3035544663,1653712824,2012-08-31 18:09:58.703000+00:00,0,1346436598
3035544663,1963766612,2012-08-31 18:09:58.703000+00:00,0,1346436598
3035544663,2980213396,2012-08-31 18:09:58.703000+00:00,1,1346436598
3035544663,1065767123,2012-08-31 18:09:58.703000+00:00,0,1346436598
3035544663,151426211,2012-08-31 18:09:58.703000+00:00,0,1346436598
2464597212,3824282897,2012-08-31 18:10:18.631000+00:00,0,1346436618
384269001,2725243136,2012-09-02 01:26:00.705000+00:00,0,1346549160
384269001,2961046023,2012-09-02 01:26:00.705000+00:00,0,1346549160
384269001,2409266493,2012-09-02 01:26:00.705000+00:00,1,1346549160
384269001,873946502,2012-09-02 01:26:00.705000+00:00,0,1346549160
384269001,931943556,2012-09-02 01:26:00.705000+00:00,0,1346549160
384269001,1074417398,2012-09-02 01:26:00.705000+00:00,0,1346549160
384269001,2152454837,2012-09-02 01:30:24.060000+00:00,1,1346549424
1733709559,788812553,2012-09-02 19:01:48.181000+00:00,0,1346612508
1733709559,2903181201,2012-09-02 19:01:48.181000+00:00,0,1346612508
1733709559,3637113727,2012-09-02 19:01:48.181000+00:00,1,1346612508
1733709559,1616502786,2012-09-02 19:01:48.181000+00:00,0,1346612508
1733709559,3446267401,2012-09-02 19:01:48.181000+00:00,0,1346612508
1733709559,945248517,2012-09-02 19:01:48.181000+00:00,0,1346612508
386145959,3702643061,2012-09-02 21:02:52.222000+00:00,0,1346619772
386145959,2415154995,2012-09-02 21:02:52.222000+00:00,0,1346619772
386145959,937369584,2012-09-02 21:02:52.222000+00:00,1,1346619772
386145959,83369535,2012-09-02 21:02:52.222000+00:00,0,1346619772
386145959,2046133166,2012-09-02 21:02:52.222000+00:00,0,1346619772
386145959,234487772,2012-09-02 21:02:52.222000+00:00,0,1346619772
2597201802,675216211,2012-09-03 07:58:56.906000+00:00,0,1346659136
2597201802,337389135,2012-09-03 07:58:56.906000+00:00,0,1346659136
2597201802,3994420727,2012-09-03 07:58:56.906000+00:00,0,1346659136
2597201802,2352794406,2012-09-03 07:58:56.906000+00:00,1,1346659136
2597201802,3111783515,2012-09-03 07:58:56.906000+00:00,0,1346659136
2597201802,818142116,2012-09-03 07:58:56.906000+00:00,0,1346659136
386145959,2368738722,2012-09-04 03:45:29.024000+00:00,0,1346730329
386145959,804483110,2012-09-04 03:45:29.024000+00:00,1,1346730329
386145959,3702643061,2012-09-04 03:45:29.024000+00:00,0,1346730329
386145959,1696929787,2012-09-04 03:45:29.024000+00:00,0,1346730329
386145959,234487772,2012-09-04 03:45:29.024000+00:00,0,1346730329
386145959,2715282469,2012-09-04 03:45:37.364000+00:00,1,1346730337
1747042580,507353605,2012-09-04 19:23:49.166000+00:00,0,1346786629
1747042580,931943556,2012-09-04 19:23:49.166000+00:00,0,1346786629
1747042580,3500532250,2012-09-04 19:23:49.166000+00:00,0,1346786629
1747042580,1642998,2012-09-04 19:23:49.166000+00:00,1,1346786629
1747042580,2375462089,2012-09-04 19:23:49.166000+00:00,0,1346786629
1747042580,4092689670,2012-09-04 19:23:49.166000+00:00,0,1346786629
3943175229,3100093322,2012-09-05 11:36:55.628000+00:00,1,1346845015
3943175229,2713137893,2012-09-05 11:36:55.628000+00:00,0,1346845015
3943175229,4186902667,2012-09-05 11:36:55.628000+00:00,0,1346845015
3943175229,3811881163,2012-09-05 11:36:55.628000+00:00,0,1346845015
3943175229,3399197241,2012-09-05 11:36:55.628000+00:00,0,1346845015
3943175229,4167096253,2012-09-05 11:36:55.628000+00:00,0,1346845015
81458678,1533177888,2012-09-05 20:17:06.392000+00:00,1,1346876226
81458678,3980699306,2012-09-05 20:17:06.392000+00:00,0,1346876226
81458678,77602808,2012-09-05 20:17:06.392000+00:00,0,1346876226
81458678,61894853,2012-09-05 20:17:06.392000+00:00,0,1346876226
81458678,3907601761,2012-09-05 20:17:06.392000+00:00,0,1346876226
81458678,3335854665,2012-09-05 20:17:06.392000+00:00,0,1346876226
489170488,2046854471,2012-09-06 00:56:45.349000+00:00,0,1346893005
489170488,2851625619,2012-09-06 00:56:45.349000+00:00,0,1346893005
489170488,3232656056,2012-09-06 00:56:45.349000+00:00,0,1346893005
489170488,3345858125,2012-09-06 00:56:45.349000+00:00,1,1346893005
489170488,2204967448,2012-09-06 00:56:45.349000+00:00,0,1346893005
489170488,3633741296,2012-09-06 00:56:45.349000+00:00,0,1346893005
653909548,931943556,2012-09-06 03:14:37.568000+00:00,1,1346901277
653909548,295859751,2012-09-06 03:14:37.568000+00:00,0,1346901277
653909548,2797207968,2012-09-06 03:14:37.568000+00:00,0,1346901277
653909548,2354737755,2012-09-06 03:14:37.568000+00:00,0,1346901277
653909548,2286788106,2012-09-06 03:14:37.568000+00:00,0,1346901277
653909548,3221494425,2012-09-06 03:14:37.568000+00:00,0,1346901277
653909548,1801766962,2012-09-06 03:15:23.639000+00:00,1,1346901323
653909548,3270799775,2012-09-06 03:18:32.204000+00:00,1,1346901512
653909548,3018072372,2012-09-06 03:18:34.227000+00:00,1,1346901514
653909548,3444116390,2012-09-06 03:18:36.237000+00:00,1,1346901516
653909548,578836029,2012-09-06 03:19:04.974000+00:00,1,1346901544
653909548,3831365201,2012-09-06 03:19:10.041000+00:00,1,1346901550
653909548,3068673644,2012-09-06 03:19:12.563000+00:00,1,1346901552
653909548,1602727924,2012-09-06 03:19:18.105000+00:00,1,1346901558
1073831349,3326402541,2012-09-06 11:12:59.100000+00:00,0,1346929979
1073831349,1343164833,2012-09-06 11:12:59.100000+00:00,0,1346929979
1073831349,259997168,2012-09-06 11:12:59.100000+00:00,0,1346929979
1073831349,139769687,2012-09-06 11:12:59.100000+00:00,0,1346929979
1073831349,1462428678,2012-09-06 11:12:59.100000+00:00,1,1346929979
1073831349,2588877820,2012-09-06 11:12:59.100000+00:00,0,1346929979
2188094871,2950208976,2012-09-06 17:20:28.336000+00:00,0,1346952028
2188094871,4284647357,2012-09-06 17:20:28.336000+00:00,0,1346952028
2188094871,4121122086,2012-09-06 17:20:28.336000+00:00,0,1346952028
2188094871,3735952238,2012-09-06 17:20:28.336000+00:00,0,1346952028
2188094871,3475980760,2012-09-06 17:20:28.336000+00:00,0,1346952028
2188094871,1226624027,2012-09-06 17:20:28.336000+00:00,1,1346952028
3228579807,867270421,2012-09-07 02:12:55.400000+00:00,1,1346983975
3228579807,1327320748,2012-09-07 02:12:55.400000+00:00,0,1346983975
3228579807,1503247688,2012-09-07 02:12:55.400000+00:00,0,1346983975
3228579807,1557801893,2012-09-07 02:12:55.400000+00:00,0,1346983975
3228579807,4276828707,2012-09-07 02:12:55.400000+00:00,0,1346983975
3850128249,2278877242,2012-09-07 15:48:01.717000+00:00,0,1347032881
3850128249,3550200025,2012-09-07 15:48:01.717000+00:00,0,1347032881
3850128249,3745079581,2012-09-07 15:48:01.717000+00:00,0,1347032881
3850128249,1646459906,2012-09-07 15:48:01.717000+00:00,0,1347032881
3850128249,1179651886,2012-09-07 15:48:01.717000+00:00,0,1347032881
3850128249,4114296702,2012-09-07 15:48:01.717000+00:00,1,1347032881
414832767,1686583866,2012-09-08 13:48:58.555000+00:00,0,1347112138
414832767,2681049528,2012-09-08 13:48:58.555000+00:00,0,1347112138
414832767,1120280312,2012-09-08 13:48:58.555000+00:00,0,1347112138
414832767,4125532989,2012-09-08 13:48:58.555000+00:00,1,1347112138
414832767,297601002,2012-09-08 13:48:58.555000+00:00,0,1347112138
414832767,2445426010,2012-09-08 13:48:58.555000+00:00,0,1347112138
414832767,1342640421,2012-09-08 13:52:20.711000+00:00,0,1347112340
3222079869,3397274143,2012-09-09 02:30:13.053000+00:00,0,1347157813
3222079869,409699023,2012-09-09 02:30:13.053000+00:00,1,1347157813
3222079869,3745079581,2012-09-09 02:30:13.053000+00:00,0,1347157813
3222079869,1807883016,2012-09-09 02:30:13.053000+00:00,0,1347157813
3222079869,618783038,2012-09-09 02:30:13.053000+00:00,0,1347157813
3222079869,1646459906,2012-09-09 02:30:13.053000+00:00,0,1347157813
1737429301,1950524452,2012-09-09 16:52:32.317000+00:00,0,1347209552
1737429301,1400053177,2012-09-09 16:52:32.317000+00:00,0,1347209552
1737429301,3086836700,2012-09-09 16:52:32.317000+00:00,0,1347209552
1737429301,3745079581,2012-09-09 16:52:32.317000+00:00,0,1347209552
1737429301,4049703237,2012-09-09 16:52:32.317000+00:00,0,1347209552
1737429301,1476967002,2012-09-09 16:52:32.317000+00:00,1,1347209552
567820539,1494095468,2012-09-10 18:50:55.388000+00:00,0,1347303055
567820539,3745079581,2012-09-10 18:50:55.388000+00:00,0,1347303055
567820539,1658604508,2012-09-10 18:50:55.388000+00:00,0,1347303055
567820539,1379185675,2012-09-10 18:50:55.388000+00:00,0,1347303055
567820539,1342732412,2012-09-10 18:50:55.388000+00:00,1,1347303055
567820539,16158771,2012-09-10 18:50:55.388000+00:00,0,1347303055
3943175229,1379185675,2012-09-10 20:46:35.616000+00:00,1,1347309995
3943175229,3839967033,2012-09-10 20:46:35.616000+00:00,0,1347309995
3943175229,2515291685,2012-09-10 20:46:35.616000+00:00,0,1347309995
3943175229,16158771,2012-09-10 20:46:35.616000+00:00,0,1347309995
3943175229,996491337,2012-09-10 20:46:35.616000+00:00,0,1347309995
3943175229,3779103948,2012-09-10 20:46:35.616000+00:00,0,1347309995
3147626282,1146909088,2012-09-10 22:21:57.743000+00:00,1,1347315717
3147626282,1413634049,2012-09-10 22:21:57.743000+00:00,0,1347315717
3147626282,3745079581,2012-09-10 22:21:57.743000+00:00,0,1347315717
3147626282,4259367757,2012-09-10 22:21:57.743000+00:00,0,1347315717
3147626282,4114736819,2012-09-10 22:21:57.743000+00:00,0,1347315717
3147626282,3036332464,2012-09-10 22:21:57.743000+00:00,0,1347315717
363577443,2515288939,2012-09-11 02:00:27.008000+00:00,0,1347328827
363577443,3745079581,2012-09-11 02:00:27.008000+00:00,0,1347328827
363577443,355160690,2012-09-11 02:00:27.008000+00:00,1,1347328827
363577443,3847619726,2012-09-11 02:00:27.008000+00:00,0,1347328827
363577443,1163794760,2012-09-11 02:00:27.008000+00:00,0,1347328827
363577443,668934238,2012-09-11 02:00:27.008000+00:00,0,1347328827
2464597212,740148951,2012-09-12 01:48:51.080000+00:00,0,1347414531
2464597212,1401579696,2012-09-12 01:48:51.080000+00:00,0,1347414531
2464597212,169283528,2012-09-12 01:48:51.080000+00:00,0,1347414531
2464597212,4210780884,2012-09-12 01:48:51.080000+00:00,0,1347414531
2464597212,2824096896,2012-09-12 01:48:51.080000+00:00,0,1347414531
2464597212,2311929369,2012-09-12 01:48:51.080000+00:00,1,1347414531
3943175229,996491337,2012-09-12 11:23:39.044000+00:00,0,1347449019
3943175229,3839967033,2012-09-12 11:23:39.044000+00:00,0,1347449019
3943175229,3779103948,2012-09-12 11:23:39.044000+00:00,0,1347449019
3943175229,682667459,2012-09-12 11:23:39.044000+00:00,0,1347449019
3943175229,258676103,2012-09-12 11:23:39.044000+00:00,1,1347449019
3943175229,1829766016,2012-09-12 11:23:39.044000+00:00,0,1347449019
1117272184,369518307,2012-09-12 15:27:18.395000+00:00,0,1347463638
1117272184,4231864079,2012-09-12 15:27:18.395000+00:00,0,1347463638
1117272184,2663939214,2012-09-12 15:27:18.395000+00:00,1,1347463638
1117272184,227076136,2012-09-12 15:27:18.395000+00:00,0,1347463638
1117272184,2806794871,2012-09-12 15:27:18.395000+00:00,0,1347463638
1117272184,1413634049,2012-09-12 15:27:18.395000+00:00,0,1347463638
1117272184,1146909088,2012-09-12 15:31:11.125000+00:00,1,1347463871
265142861,2282236511,2012-09-12 17:43:27.092000+00:00,0,1347471807
265142861,198034189,2012-09-12 17:43:27.092000+00:00,0,1347471807
265142861,659296687,2012-09-12 17:43:27.092000+00:00,0,1347471807
265142861,2901172638,2012-09-12 17:43:27.092000+00:00,1,1347471807
265142861,3970983262,2012-09-12 17:43:27.092000+00:00,0,1347471807
265142861,1265872170,2012-09-12 17:43:27.092000+00:00,0,1347471807
265142861,1564617242,2012-09-12 17:43:36.194000+00:00,1,1347471816
265142861,4099353109,2012-09-12 17:43:39.741000+00:00,1,1347471819
728332848,388117170,2012-09-12 20:16:13.745000+00:00,1,1347480973
728332848,2468101903,2012-09-12 20:16:13.745000+00:00,0,1347480973
728332848,2877182292,2012-09-12 20:16:13.745000+00:00,0,1347480973
728332848,579777979,2012-09-12 20:16:13.745000+00:00,0,1347480973
728332848,3187969599,2012-09-12 20:16:13.745000+00:00,0,1347480973
728332848,317243602,2012-09-12 20:16:13.745000+00:00,0,1347480973
2328481418,3206285602,2012-09-12 21:21:39.567000+00:00,0,1347484899
2328481418,3422268976,2012-09-12 21:21:39.567000+00:00,1,1347484899
2328481418,2573959100,2012-09-12 21:21:39.567000+00:00,0,1347484899
2328481418,3699419582,2012-09-12 21:21:39.567000+00:00,0,1347484899
2328481418,3883078781,2012-09-12 21:21:39.567000+00:00,0,1347484899
2328481418,4254934247,2012-09-12 21:21:39.567000+00:00,0,1347484899
2328481418,3221725438,2012-09-12 21:21:41.088000+00:00,1,1347484901
1239364869,1320373094,2012-09-12 23:09:38.891000+00:00,0,1347491378
1239364869,4089322861,2012-09-12 23:09:38.891000+00:00,0,1347491378
1239364869,3832910670,2012-09-12 23:09:38.891000+00:00,0,1347491378
1239364869,2824096896,2012-09-12 23:09:38.891000+00:00,1,1347491378
1239364869,515257574,2012-09-12 23:09:38.891000+00:00,0,1347491378
1239364869,4204393289,2012-09-12 23:09:38.891000+00:00,0,1347491378
517270916,2951716881,2012-09-12 23:48:25.811000+00:00,0,1347493705
517270916,3938934837,2012-09-12 23:48:25.811000+00:00,0,1347493705
517270916,3477624372,2012-09-12 23:48:25.811000+00:00,1,1347493705
517270916,3532568266,2012-09-12 23:48:25.811000+00:00,0,1347493705
517270916,449479385,2012-09-12 23:48:25.811000+00:00,0,1347493705
517270916,537489246,2012-09-12 23:48:25.811000+00:00,0,1347493705
85640691,1604093765,2012-09-13 01:01:09.762000+00:00,0,1347498069
85640691,1745350497,2012-09-13 01:01:09.762000+00:00,0,1347498069
85640691,1701360110,2012-09-13 01:01:09.762000+00:00,0,1347498069
85640691,4612722,2012-09-13 01:01:09.762000+00:00,0,1347498069
85640691,682423835,2012-09-13 01:01:09.762000+00:00,0,1347498069
85640691,4224194427,2012-09-13 01:01:09.762000+00:00,1,1347498069
2202079852,2770928885,2012-09-13 01:20:39.346000+00:00,0,1347499239
2202079852,7840377,2012-09-13 01:20:39.346000+00:00,0,1347499239
2202079852,4209606131,2012-09-13 01:20:39.346000+00:00,1,1347499239
2202079852,3389184536,2012-09-13 01:20:39.346000+00:00,0,1347499239
2202079852,4122073599,2012-09-13 01:20:39.346000+00:00,0,1347499239
2202079852,4089322861,2012-09-13 01:20:39.346000+00:00,0,1347499239
2202079852,4225834779,2012-09-13 01:22:01.445000+00:00,1,1347499321
1027250316,317243602,2012-09-13 07:26:40.015000+00:00,0,1347521200
1027250316,3789027182,2012-09-13 07:26:40.015000+00:00,0,1347521200
1027250316,3100757952,2012-09-13 07:26:40.015000+00:00,0,1347521200
1027250316,2454410760,2012-09-13 07:26:40.015000+00:00,0,1347521200
1027250316,4089322861,2012-09-13 07:26:40.015000+00:00,0,1347521200
1027250316,2824096896,2012-09-13 07:26:40.015000+00:00,1,1347521200
4135593225,508297104,2012-09-13 17:37:50.098000+00:00,0,1347557870
4135593225,84432624,2012-09-13 17:37:50.098000+00:00,0,1347557870
4135593225,1347202114,2012-09-13 17:37:50.098000+00:00,0,1347557870
4135593225,784664260,2012-09-13 17:37:50.098000+00:00,0,1347557870
4135593225,2997075790,2012-09-13 17:37:50.098000+00:00,0,1347557870
4135593225,2824096896,2012-09-13 17:37:50.098000+00:00,1,1347557870
1912698965,2311929369,2012-09-13 22:11:59.953000+00:00,1,1347574319
1912698965,2719559106,2012-09-13 22:11:59.953000+00:00,0,1347574319
1912698965,740148951,2012-09-13 22:11:59.953000+00:00,0,1347574319
1912698965,2802110996,2012-09-13 22:11:59.953000+00:00,0,1347574319
1912698965,2824096896,2012-09-13 22:11:59.953000+00:00,0,1347574319
1912698965,4210780884,2012-09-13 22:11:59.953000+00:00,0,1347574319
3788009173,2824096896,2012-09-13 22:34:41.875000+00:00,0,1347575681
3788009173,46764897,2012-09-13 22:34:41.875000+00:00,0,1347575681
3788009173,18386304,2012-09-13 22:34:41.875000+00:00,0,1347575681
3788009173,4294101061,2012-09-13 22:34:41.875000+00:00,0,1347575681
3788009173,1977909542,2012-09-13 22:34:41.875000+00:00,0,1347575681
3788009173,4089322861,2012-09-13 22:34:41.875000+00:00,1,1347575681
2400078243,4089322861,2012-09-13 23:59:05.213000+00:00,1,1347580745
2400078243,552669137,2012-09-13 23:59:05.213000+00:00,0,1347580745
2400078243,3610112479,2012-09-13 23:59:05.213000+00:00,0,1347580745
2400078243,914240358,2012-09-13 23:59:05.213000+00:00,0,1347580745
2400078243,2824096896,2012-09-13 23:59:05.213000+00:00,0,1347580745
2400078243,2474306792,2012-09-13 23:59:05.213000+00:00,0,1347580745
2400078243,2160165398,2012-09-13 23:59:08.306000+00:00,1,1347580748
637505307,2824096896,2012-09-14 00:01:39.059000+00:00,1,1347580899
637505307,4089322861,2012-09-14 00:01:39.059000+00:00,0,1347580899
637505307,4209606131,2012-09-14 00:01:39.059000+00:00,0,1347580899
637505307,4215548909,2012-09-14 00:01:39.059000+00:00,0,1347580899
637505307,2615804415,2012-09-14 00:01:39.059000+00:00,0,1347580899
637505307,1977909542,2012-09-14 00:01:39.059000+00:00,0,1347580899
1047741032,3506737502,2012-09-14 03:27:45.598000+00:00,1,1347593265
1047741032,1430458652,2012-09-14 03:27:45.598000+00:00,0,1347593265
1047741032,3768548263,2012-09-14 03:27:45.598000+00:00,0,1347593265
1047741032,280077229,2012-09-14 03:27:45.598000+00:00,0,1347593265
1047741032,839000111,2012-09-14 03:27:45.598000+00:00,0,1347593265
1047741032,2442160767,2012-09-14 03:27:45.598000+00:00,0,1347593265
3841682652,4142583638,2012-09-14 09:14:13.366000+00:00,0,1347614053
3841682652,1179584066,2012-09-14 09:14:13.366000+00:00,1,1347614053
3841682652,2704084203,2012-09-14 09:14:13.366000+00:00,0,1347614053
3841682652,1299979205,2012-09-14 09:14:13.366000+00:00,0,1347614053
3841682652,317715279,2012-09-14 09:14:13.366000+00:00,0,1347614053
3841682652,1071183781,2012-09-14 09:14:13.366000+00:00,0,1347614053
2114638118,2824096896,2012-09-14 19:05:40.870000+00:00,1,1347649540
2114638118,762464570,2012-09-14 19:05:40.870000+00:00,0,1347649540
2114638118,1965000814,2012-09-14 19:05:40.870000+00:00,0,1347649540
2114638118,2985296458,2012-09-14 19:05:40.870000+00:00,0,1347649540
2114638118,2259324736,2012-09-14 19:05:40.870000+00:00,0,1347649540
2114638118,167773274,2012-09-14 19:05:40.870000+00:00,0,1347649540
363257522,89901423,2012-09-14 23:01:09.152000+00:00,0,1347663669
363257522,4089322861,2012-09-14 23:01:09.152000+00:00,1,1347663669
363257522,651935571,2012-09-14 23:01:09.152000+00:00,0,1347663669
363257522,1209548026,2012-09-14 23:01:09.152000+00:00,0,1347663669
363257522,3771772284,2012-09-14 23:01:09.152000+00:00,0,1347663669
363257522,2307959833,2012-09-14 23:01:09.152000+00:00,0,1347663669
3176074542,1629566665,2012-09-14 23:18:53.148000+00:00,0,1347664733
3176074542,3459485614,2012-09-14 23:18:53.148000+00:00,1,1347664733
3176074542,4089322861,2012-09-14 23:18:53.148000+00:00,0,1347664733
3176074542,203033412,2012-09-14 23:18:53.148000+00:00,0,1347664733
3176074542,4215548909,2012-09-14 23:18:53.148000+00:00,0,1347664733
3176074542,429380726,2012-09-14 23:18:53.148000+00:00,0,1347664733
2477193718,1213571589,2012-09-15 20:47:35.105000+00:00,1,1347742055
2477193718,1722375250,2012-09-15 20:47:35.105000+00:00,0,1347742055
2477193718,4229945774,2012-09-15 20:47:35.105000+00:00,0,1347742055
2477193718,1783442779,2012-09-15 20:47:35.105000+00:00,0,1347742055
3841682652,1807713409,2012-09-15 22:27:53.644000+00:00,0,1347748073
3841682652,2824096896,2012-09-15 22:27:53.644000+00:00,1,1347748073
3841682652,1712791182,2012-09-15 22:27:53.644000+00:00,0,1347748073
3841682652,231088647,2012-09-15 22:27:53.644000+00:00,0,1347748073
3841682652,3889941067,2012-09-15 22:27:53.644000+00:00,0,1347748073
3841682652,1635661103,2012-09-15 22:27:53.644000+00:00,0,1347748073
2858284447,2717619434,2012-09-15 22:49:50.818000+00:00,0,1347749390
2858284447,14211409,2012-09-15 22:49:50.818000+00:00,0,1347749390
2858284447,399364804,2012-09-15 22:49:50.818000+00:00,1,1347749390
2858284447,2170086551,2012-09-15 22:49:50.818000+00:00,0,1347749390
2858284447,2311542641,2012-09-15 22:49:50.818000+00:00,0,1347749390
2858284447,3972232763,2012-09-15 22:49:50.818000+00:00,0,1347749390
193113796,2482765466,2012-09-17 01:36:26.764000+00:00,0,1347845786
193113796,1179584066,2012-09-17 01:36:26.764000+00:00,1,1347845786
193113796,1556034402,2012-09-17 01:36:26.764000+00:00,0,1347845786
193113796,1833797882,2012-09-17 01:36:26.764000+00:00,0,1347845786
193113796,1361416481,2012-09-17 01:36:26.764000+00:00,0,1347845786
193113796,3416255093,2012-09-17 01:36:26.764000+00:00,0,1347845786
3833425001,1221822553,2012-09-17 20:23:02.030000+00:00,0,1347913382
3833425001,3313795740,2012-09-17 20:23:08.080000+00:00,0,1347913388
3833425001,1684415115,2012-09-17 20:23:13.749000+00:00,0,1347913393
3833425001,3367271873,2012-09-17 20:23:13.749000+00:00,1,1347913393
3833425001,1999660851,2012-09-17 20:23:13.749000+00:00,0,1347913393
3833425001,214089778,2012-09-17 20:23:13.749000+00:00,0,1347913393
3833425001,1151132938,2012-09-17 20:23:13.749000+00:00,0,1347913393
3833425001,3392527422,2012-09-17 20:23:13.749000+00:00,0,1347913393
3833425001,2352794406,2012-09-17 20:23:17.876000+00:00,1,1347913397
3833425001,3079945961,2012-09-17 20:23:22.904000+00:00,0,1347913402
3833425001,2644045385,2012-09-17 20:23:30.005000+00:00,1,1347913410
3833425001,2400372017,2012-09-17 20:23:33.045000+00:00,1,1347913413
3833425001,1912632087,2012-09-17 20:23:39.713000+00:00,1,1347913419
2080715583,934841988,2012-09-18 13:50:39.719000+00:00,0,1347976239
2080715583,2063832343,2012-09-18 13:50:39.719000+00:00,0,1347976239
2080715583,2998407293,2012-09-18 13:50:39.719000+00:00,0,1347976239
2080715583,2991901172,2012-09-18 13:50:39.719000+00:00,0,1347976239
2080715583,1027111849,2012-09-18 13:50:39.719000+00:00,0,1347976239
2080715583,2975196902,2012-09-18 13:50:39.719000+00:00,1,1347976239
3961511121,3967537816,2012-09-18 15:19:42.565000+00:00,1,1347981582
3961511121,252821798,2012-09-18 15:19:42.565000+00:00,0,1347981582
3961511121,41832525,2012-09-18 15:19:42.565000+00:00,0,1347981582
3961511121,1589202164,2012-09-18 15:19:42.565000+00:00,0,1347981582
3961511121,2297721003,2012-09-18 15:19:42.565000+00:00,0,1347981582
3961511121,109156359,2012-09-18 15:19:42.565000+00:00,0,1347981582
3961511121,3998504188,2012-09-18 15:21:20.221000+00:00,1,1347981680
3961511121,820603748,2012-09-18 15:21:33.869000+00:00,1,1347981693
3316715342,1161382369,2012-09-18 21:46:47.508000+00:00,0,1348004807
3316715342,3036332464,2012-09-18 21:46:47.508000+00:00,0,1348004807
3316715342,2174911504,2012-09-18 21:46:47.508000+00:00,0,1348004807
3316715342,1179651886,2012-09-18 21:46:47.508000+00:00,0,1348004807
3316715342,2175249529,2012-09-18 21:46:47.508000+00:00,0,1348004807
3316715342,1799014052,2012-09-18 21:46:47.508000+00:00,1,1348004807
3316715342,3561205682,2012-09-18 21:47:08.201000+00:00,1,1348004828
3316715342,399364804,2012-09-18 21:48:40.068000+00:00,1,1348004920
3316715342,1120849582,2012-09-18 21:48:43.620000+00:00,1,1348004923
3316715342,3046805064,2012-09-18 21:49:18.737000+00:00,1,1348004958
3316715342,618783038,2012-09-18 21:51:22.348000+00:00,1,1348005082
3316715342,4050261217,2012-09-18 21:52:11.685000+00:00,1,1348005131
3147626282,1888695830,2012-09-19 23:09:40.954000+00:00,0,1348096180
3147626282,3216168543,2012-09-19 23:09:42.983000+00:00,0,1348096182
3147626282,1690615074,2012-09-19 23:09:46.514000+00:00,0,1348096186
3147626282,3127693636,2012-09-19 23:09:46.514000+00:00,0,1348096186
3147626282,3751969407,2012-09-19 23:09:46.514000+00:00,1,1348096186
3147626282,828104990,2012-09-19 23:09:46.514000+00:00,0,1348096186
3147626282,4214723455,2012-09-19 23:09:46.514000+00:00,0,1348096186
3147626282,4095724028,2012-09-19 23:09:46.514000+00:00,0,1348096186
3147626282,4101475674,2012-09-19 23:09:53.155000+00:00,0,1348096193
3147626282,2845303452,2012-09-19 23:09:56.776000+00:00,0,1348096196
3147626282,4106727661,2012-09-19 23:09:57.301000+00:00,0,1348096197
3591151863,2058886809,2012-09-20 03:29:04.165000+00:00,0,1348111744
3591151863,3931609399,2012-09-20 03:29:04.165000+00:00,0,1348111744
3591151863,4131722608,2012-09-20 03:29:04.165000+00:00,0,1348111744
3591151863,1499252056,2012-09-20 03:29:04.165000+00:00,1,1348111744
3591151863,46008403,2012-09-20 03:29:04.165000+00:00,0,1348111744
3591151863,712219219,2012-09-20 03:29:04.165000+00:00,0,1348111744
3591151863,284203489,2012-09-20 03:29:06.192000+00:00,1,1348111746
3591151863,485696274,2012-09-20 03:29:08.720000+00:00,1,1348111748
3591151863,393394477,2012-09-20 03:29:11.823000+00:00,1,1348111751
3591151863,3023628065,2012-09-20 03:29:18.380000+00:00,1,1348111758
4268611130,709634464,2012-09-20 04:30:55.308000+00:00,0,1348115455
4268611130,3503466480,2012-09-20 04:30:55.308000+00:00,1,1348115455
4268611130,4188327628,2012-09-20 04:30:55.308000+00:00,0,1348115455
4268611130,1767211808,2012-09-20 04:30:55.308000+00:00,0,1348115455
4268611130,2301567733,2012-09-20 04:30:55.308000+00:00,0,1348115455
4268611130,1921275,2012-09-20 04:30:55.308000+00:00,0,1348115455
1728055600,3133046690,2012-09-20 04:45:49.207000+00:00,0,1348116349
1728055600,3200757190,2012-09-20 04:45:49.207000+00:00,0,1348116349
1728055600,3559017589,2012-09-20 04:45:49.207000+00:00,0,1348116349
1728055600,1499252056,2012-09-20 04:45:49.207000+00:00,1,1348116349
1728055600,2534467685,2012-09-20 04:45:49.207000+00:00,0,1348116349
1728055600,1417903688,2012-09-20 04:45:49.207000+00:00,0,1348116349
1728055600,1249049803,2012-09-20 04:45:58.272000+00:00,1,1348116358
1728055600,466507834,2012-09-20 04:47:04.626000+00:00,1,1348116424
1728055600,1715936677,2012-09-20 04:48:19.314000+00:00,1,1348116499
1728055600,1993102668,2012-09-20 04:48:48.041000+00:00,1,1348116528
2771438232,1700396522,2012-09-20 15:45:30.378000+00:00,0,1348155930
2771438232,1398915799,2012-09-20 15:45:30.378000+00:00,0,1348155930
2771438232,3876697052,2012-09-20 15:45:30.378000+00:00,0,1348155930
2771438232,95759437,2012-09-20 15:45:30.378000+00:00,0,1348155930
2771438232,3340777098,2012-09-20 15:45:30.378000+00:00,0,1348155930
2771438232,1144994044,2012-09-20 15:45:30.378000+00:00,1,1348155930
292529766,44776435,2012-09-20 16:32:20.635000+00:00,0,1348158740
292529766,3942998498,2012-09-20 16:32:20.635000+00:00,0,1348158740
292529766,3712732153,2012-09-20 16:32:20.635000+00:00,1,1348158740
292529766,1192048526,2012-09-20 16:32:20.635000+00:00,0,1348158740
292529766,2073417105,2012-09-20 16:32:20.635000+00:00,0,1348158740
292529766,3175951362,2012-09-20 16:32:20.635000+00:00,0,1348158740
1851530247,3712732153,2012-09-20 19:21:51.381000+00:00,0,1348168911
1851530247,1417587050,2012-09-20 19:22:12.558000+00:00,0,1348168932
1851530247,3651176772,2012-09-20 19:22:12.558000+00:00,0,1348168932
1851530247,695533465,2012-09-20 19:22:12.558000+00:00,0,1348168932
1851530247,1498742095,2012-09-20 19:22:12.558000+00:00,1,1348168932
1851530247,3287302529,2012-09-20 19:22:12.558000+00:00,0,1348168932
1851530247,2217975107,2012-09-20 19:22:12.558000+00:00,0,1348168932
1665746866,3163275864,2012-09-20 23:39:29.738000+00:00,0,1348184369
1665746866,109156359,2012-09-20 23:39:29.738000+00:00,0,1348184369
1665746866,1764172149,2012-09-20 23:39:29.738000+00:00,0,1348184369
1665746866,3764273177,2012-09-20 23:39:29.738000+00:00,1,1348184369
1665746866,1619381515,2012-09-20 23:39:29.738000+00:00,0,1348184369
1665746866,1398443663,2012-09-20 23:39:29.738000+00:00,0,1348184369
3833425001,430873264,2012-09-20 23:56:20.350000+00:00,0,1348185380
3833425001,3650969064,2012-09-20 23:56:20.350000+00:00,1,1348185380
3833425001,3567156235,2012-09-20 23:56:20.350000+00:00,0,1348185380
3833425001,1151132938,2012-09-20 23:56:20.350000+00:00,0,1348185380
3833425001,97210112,2012-09-20 23:56:20.350000+00:00,0,1348185380
3833425001,1684415115,2012-09-20 23:56:20.350000+00:00,0,1348185380
3833425001,2739447505,2012-09-20 23:56:23.884000+00:00,0,1348185383
2804635189,2807122060,2012-09-21 00:33:31.778000+00:00,0,1348187611
2804635189,4170668827,2012-09-21 00:33:31.778000+00:00,0,1348187611
2804635189,1164582156,2012-09-21 00:33:31.778000+00:00,0,1348187611
2804635189,1044785443,2012-09-21 00:33:31.778000+00:00,0,1348187611
2804635189,4114629273,2012-09-21 00:33:31.778000+00:00,0,1348187611
2804635189,4153011100,2012-09-21 00:33:31.778000+00:00,1,1348187611
3285425249,3910184716,2012-09-21 01:04:08.370000+00:00,0,1348189448
3285425249,779606777,2012-09-21 01:04:08.370000+00:00,0,1348189448
3285425249,2827139478,2012-09-21 01:04:08.370000+00:00,0,1348189448
3285425249,1226009206,2012-09-21 01:04:08.370000+00:00,1,1348189448
3285425249,4096699700,2012-09-21 01:04:08.370000+00:00,0,1348189448
3285425249,3785387487,2012-09-21 01:04:08.370000+00:00,0,1348189448
3285425249,2271782630,2012-09-21 01:04:17.427000+00:00,1,1348189457
3285425249,3162919464,2012-09-21 01:04:36.650000+00:00,1,1348189476
3285425249,1548754507,2012-09-21 01:04:45.775000+00:00,1,1348189485
3285425249,2156780216,2012-09-21 01:04:55.842000+00:00,1,1348189495
3285425249,1738134091,2012-09-21 01:05:10.452000+00:00,1,1348189510
3285425249,1921275,2012-09-21 01:11:20.279000+00:00,1,1348189880
2202079852,1285700217,2012-09-21 01:48:31.329000+00:00,0,1348192111
2202079852,12883793,2012-09-21 01:48:31.329000+00:00,0,1348192111
2202079852,2021591040,2012-09-21 01:48:31.329000+00:00,0,1348192111
2202079852,712219219,2012-09-21 01:48:31.329000+00:00,1,1348192111
2202079852,2548777291,2012-09-21 01:48:31.329000+00:00,0,1348192111
2202079852,1105637150,2012-09-21 01:48:31.329000+00:00,0,1348192111
1177603447,1341096506,2012-09-21 05:48:42.669000+00:00,1,1348206522
1177603447,1076018285,2012-09-21 05:48:42.669000+00:00,0,1348206522
1177603447,927693315,2012-09-21 05:48:42.669000+00:00,0,1348206522
1177603447,2404898033,2012-09-21 05:48:42.669000+00:00,0,1348206522
1177603447,3705769031,2012-09-21 05:48:42.669000+00:00,0,1348206522
1177603447,1207270926,2012-09-21 05:48:42.669000+00:00,0,1348206522
4222590338,300004583,2012-09-21 12:28:46.340000+00:00,0,1348230526
4222590338,976859786,2012-09-21 12:28:46.340000+00:00,0,1348230526
4222590338,1380816019,2012-09-21 12:28:46.340000+00:00,1,1348230526
4222590338,1986416649,2012-09-21 12:28:46.340000+00:00,0,1348230526
4222590338,1615092494,2012-09-21 12:28:46.340000+00:00,0,1348230526
4222590338,2434399746,2012-09-21 12:28:46.340000+00:00,0,1348230526
4222590338,1782916605,2012-09-21 12:28:53.892000+00:00,1,1348230533
4222590338,2406637710,2012-09-21 12:29:02.447000+00:00,1,1348230542
4222590338,1763016232,2012-09-21 12:29:11.509000+00:00,1,1348230551
4222590338,1224903972,2012-09-21 12:29:21.075000+00:00,1,1348230561
4222590338,2153821115,2012-09-21 12:30:07.843000+00:00,1,1348230607
4222590338,2490438703,2012-09-21 12:30:13.388000+00:00,1,1348230613
1757951758,2464636842,2012-09-21 16:33:41.940000+00:00,0,1348245221
1757951758,1470187263,2012-09-21 16:33:41.940000+00:00,0,1348245221
1757951758,2742796684,2012-09-21 16:33:41.940000+00:00,1,1348245221
1757951758,1955143671,2012-09-21 16:33:41.940000+00:00,0,1348245221
1757951758,1856268546,2012-09-21 16:33:41.940000+00:00,0,1348245221
1757951758,109156359,2012-09-21 16:33:41.940000+00:00,0,1348245221
1757951758,1929917726,2012-09-21 16:34:06.083000+00:00,0,1348245246
1757951758,3781958177,2012-09-21 16:34:06.614000+00:00,0,1348245246
2337052402,1912704690,2012-09-21 19:14:01.533000+00:00,0,1348254841
2337052402,3302915994,2012-09-21 19:14:01.533000+00:00,0,1348254841
2337052402,3009912250,2012-09-21 19:14:01.533000+00:00,0,1348254841
2337052402,1589958267,2012-09-21 19:14:01.533000+00:00,1,1348254841
2337052402,3999157860,2012-09-21 19:14:01.533000+00:00,0,1348254841
2337052402,4240253733,2012-09-21 19:14:01.533000+00:00,0,1348254841
4200601044,3118191184,2012-09-21 22:17:26.630000+00:00,0,1348265846
4200601044,443617544,2012-09-21 22:17:26.630000+00:00,1,1348265846
4200601044,2030880654,2012-09-21 22:17:26.630000+00:00,0,1348265846
4200601044,2784556347,2012-09-21 22:17:26.630000+00:00,0,1348265846
4200601044,4153011100,2012-09-21 22:17:26.630000+00:00,0,1348265846
4200601044,2237560658,2012-09-21 22:17:26.630000+00:00,0,1348265846
3299562450,2844548954,2012-09-21 23:15:21.330000+00:00,0,1348269321
3299562450,2685688752,2012-09-21 23:15:21.330000+00:00,0,1348269321
3299562450,2774929066,2012-09-21 23:15:21.330000+00:00,0,1348269321
3299562450,561449801,2012-09-21 23:15:21.330000+00:00,1,1348269321
3299562450,3915393281,2012-09-21 23:15:21.330000+00:00,0,1348269321
3299562450,3453000167,2012-09-21 23:15:21.330000+00:00,0,1348269321
3299562450,148481382,2012-09-21 23:15:24.361000+00:00,1,1348269324
65801702,1214605379,2012-09-22 03:29:32.070000+00:00,0,1348284572
65801702,4135207140,2012-09-22 03:29:32.070000+00:00,1,1348284572
65801702,1875856704,2012-09-22 03:29:32.070000+00:00,0,1348284572
65801702,496991151,2012-09-22 03:29:32.070000+00:00,0,1348284572
65801702,3653454327,2012-09-22 03:29:32.070000+00:00,0,1348284572
65801702,3129396339,2012-09-22 03:29:32.070000+00:00,0,1348284572
65801702,3751969407,2012-09-22 03:29:43.147000+00:00,1,1348284583
65801702,2057068023,2012-09-22 03:29:55.262000+00:00,1,1348284595
65801702,3127693636,2012-09-22 03:29:59.289000+00:00,1,1348284599
65801702,3781958177,2012-09-22 03:30:13.934000+00:00,1,1348284613
1066906993,2922254733,2012-09-22 04:26:41.748000+00:00,1,1348288001
1066906993,4034103347,2012-09-22 04:26:41.748000+00:00,0,1348288001
1066906993,622120837,2012-09-22 04:26:41.748000+00:00,0,1348288001
1066906993,3788868841,2012-09-22 04:26:41.748000+00:00,0,1348288001
1066906993,3908056289,2012-09-22 04:26:41.748000+00:00,0,1348288001
1066906993,4008578027,2012-09-22 04:26:41.748000+00:00,0,1348288001
3167658465,3247802991,2012-09-22 04:59:17.634000+00:00,0,1348289957
3167658465,1191393757,2012-09-22 04:59:17.634000+00:00,0,1348289957
3167658465,843844488,2012-09-22 04:59:17.634000+00:00,1,1348289957
3167658465,1893794468,2012-09-22 04:59:17.634000+00:00,0,1348289957
3167658465,727697060,2012-09-22 04:59:17.634000+00:00,0,1348289957
3167658465,2798432918,2012-09-22 04:59:17.634000+00:00,0,1348289957
3167658465,542538548,2012-09-22 04:59:19.657000+00:00,1,1348289959
3531604778,3044687724,2012-09-22 05:15:04.961000+00:00,1,1348290904
3531604778,521858421,2012-09-22 05:15:04.961000+00:00,0,1348290904
3531604778,745657147,2012-09-22 05:15:04.961000+00:00,0,1348290904
3531604778,1951496954,2012-09-22 05:15:04.961000+00:00,0,1348290904
3531604778,1986416649,2012-09-22 05:15:04.961000+00:00,0,1348290904
3531604778,507118096,2012-09-22 05:15:04.961000+00:00,0,1348290904
3531604778,2584839423,2012-09-22 05:15:21.057000+00:00,1,1348290921
3531604778,1333577658,2012-09-22 05:16:10.900000+00:00,1,1348290970
3531604778,1341096506,2012-09-22 05:26:47.169000+00:00,1,1348291607
3167658465,3268675447,2012-09-22 05:58:03.297000+00:00,1,1348293483
4089111119,1455321313,2012-09-22 12:14:18.494000+00:00,0,1348316058
4089111119,2368911433,2012-09-22 12:14:18.494000+00:00,0,1348316058
4089111119,3479440123,2012-09-22 12:14:18.494000+00:00,0,1348316058
4089111119,2575170797,2012-09-22 12:14:18.494000+00:00,0,1348316058
4089111119,2769506511,2012-09-22 12:14:18.494000+00:00,1,1348316058
4089111119,3569739978,2012-09-22 12:14:18.494000+00:00,0,1348316058
3474900298,2839635887,2012-09-22 13:43:35.066000+00:00,1,1348321415
3474900298,734470389,2012-09-22 13:43:35.066000+00:00,0,1348321415
3474900298,3787413647,2012-09-22 13:43:35.066000+00:00,0,1348321415
3474900298,4034603808,2012-09-22 13:43:35.066000+00:00,0,1348321415
3474900298,3786630769,2012-09-22 13:43:35.066000+00:00,0,1348321415
3474900298,2461750251,2012-09-22 13:43:35.066000+00:00,0,1348321415
4047903240,2319080380,2012-09-22 15:27:29.955000+00:00,1,1348327649
4047903240,2043006756,2012-09-22 15:27:29.955000+00:00,0,1348327649
4047903240,1568276339,2012-09-22 15:27:29.955000+00:00,0,1348327649
4047903240,3982673935,2012-09-22 15:27:29.955000+00:00,0,1348327649
4047903240,1433428460,2012-09-22 15:27:29.955000+00:00,0,1348327649
4047903240,2460275226,2012-09-22 15:27:29.955000+00:00,0,1348327649
3242215738,3163090701,2012-09-22 17:21:57.140000+00:00,0,1348334517
3242215738,268669105,2012-09-22 17:21:57.140000+00:00,0,1348334517
3242215738,2769251432,2012-09-22 17:21:57.140000+00:00,0,1348334517
3242215738,843844488,2012-09-22 17:21:57.140000+00:00,1,1348334517
3242215738,727697060,2012-09-22 17:21:57.140000+00:00,0,1348334517
971079958,843844488,2012-09-22 23:20:21.141000+00:00,0,1348356021
971079958,1596190412,2012-09-22 23:20:21.141000+00:00,1,1348356021
971079958,543972501,2012-09-22 23:20:21.141000+00:00,0,1348356021
971079958,268669105,2012-09-22 23:20:21.141000+00:00,0,1348356021
971079958,3163090701,2012-09-22 23:20:21.141000+00:00,0,1348356021
971079958,542538548,2012-09-22 23:20:21.141000+00:00,0,1348356021
971079958,1191393757,2012-09-22 23:20:25.174000+00:00,1,1348356025
1614494381,3472930517,2012-09-23 06:58:30.582000+00:00,1,1348383510
1614494381,3684827284,2012-09-23 06:58:30.582000+00:00,0,1348383510
1614494381,843844488,2012-09-23 06:58:30.582000+00:00,0,1348383510
1614494381,1187313437,2012-09-23 06:58:30.582000+00:00,0,1348383510
1614494381,2677589486,2012-09-23 06:58:30.582000+00:00,0,1348383510
1614494381,3513514173,2012-09-23 06:58:30.582000+00:00,0,1348383510
2937549539,142411468,2012-09-23 09:15:56.261000+00:00,0,1348391756
2937549539,3108893200,2012-09-23 09:15:56.261000+00:00,1,1348391756
2937549539,1440328560,2012-09-23 09:15:56.261000+00:00,0,1348391756
2937549539,1825332521,2012-09-23 09:15:56.261000+00:00,0,1348391756
2937549539,673993218,2012-09-23 09:15:56.261000+00:00,0,1348391756
2937549539,843844488,2012-09-23 09:15:56.261000+00:00,0,1348391756
2483584418,1596190412,2012-09-23 10:04:16.863000+00:00,0,1348394656
2483584418,543972501,2012-09-23 10:04:16.863000+00:00,0,1348394656
2483584418,1975166347,2012-09-23 10:04:16.863000+00:00,0,1348394656
2483584418,542538548,2012-09-23 10:04:16.863000+00:00,1,1348394656
2483584418,268669105,2012-09-23 10:04:16.863000+00:00,0,1348394656
2483584418,3062540233,2012-09-23 10:04:16.863000+00:00,0,1348394656
3663559651,3088405938,2012-09-23 10:47:52.119000+00:00,0,1348397272
3663559651,712567298,2012-09-23 10:47:52.119000+00:00,0,1348397272
3663559651,1738181791,2012-09-23 10:47:52.119000+00:00,0,1348397272
3663559651,1343180750,2012-09-23 10:47:52.119000+00:00,1,1348397272
3663559651,4222078796,2012-09-23 10:47:52.119000+00:00,0,1348397272
3663559651,1657194917,2012-09-23 10:47:52.119000+00:00,0,1348397272
3663559651,3108893200,2012-09-23 10:48:04.415000+00:00,1,1348397284
1800702076,1535764133,2012-09-23 11:37:13.208000+00:00,0,1348400233
1800702076,1657194917,2012-09-23 11:37:13.208000+00:00,0,1348400233
1800702076,1596190412,2012-09-23 11:37:13.208000+00:00,1,1348400233
1800702076,268669105,2012-09-23 11:37:13.208000+00:00,0,1348400233
1800702076,542538548,2012-09-23 11:37:13.208000+00:00,0,1348400233
1800702076,2627400380,2012-09-23 11:37:13.208000+00:00,0,1348400233
3368369538,278368455,2012-09-23 12:17:19.831000+00:00,1,1348402639
3368369538,1738181791,2012-09-23 12:17:19.831000+00:00,0,1348402639
3368369538,914456218,2012-09-23 12:17:19.831000+00:00,0,1348402639
3368369538,3262152241,2012-09-23 12:17:19.831000+00:00,0,1348402639
3368369538,1093844070,2012-09-23 12:17:19.831000+00:00,0,1348402639
3368369538,268669105,2012-09-23 12:17:19.831000+00:00,0,1348402639
2746088407,745957476,2012-09-23 13:17:59.101000+00:00,0,1348406279
2746088407,3442103541,2012-09-23 13:17:59.101000+00:00,1,1348406279
2746088407,2528176122,2012-09-23 13:17:59.101000+00:00,0,1348406279
2746088407,183285682,2012-09-23 13:17:59.101000+00:00,0,1348406279
2746088407,2373957583,2012-09-23 13:17:59.101000+00:00,0,1348406279
2746088407,3150758306,2012-09-23 13:17:59.101000+00:00,0,1348406279
3968152684,1226510608,2012-09-23 15:26:23.260000+00:00,1,1348413983
3968152684,2297106657,2012-09-23 15:26:23.260000+00:00,0,1348413983
3968152684,3781958177,2012-09-23 15:26:23.260000+00:00,0,1348413983
3968152684,1414791342,2012-09-23 15:26:23.260000+00:00,0,1348413983
3968152684,162998950,2012-09-23 15:26:23.260000+00:00,0,1348413983
3968152684,3479440123,2012-09-23 15:26:23.260000+00:00,0,1348413983
659447721,3211869804,2012-09-23 19:16:59.892000+00:00,0,1348427819
659447721,1669597962,2012-09-23 19:16:59.892000+00:00,1,1348427819
659447721,1236072035,2012-09-23 19:16:59.892000+00:00,0,1348427819
659447721,180901205,2012-09-23 19:16:59.892000+00:00,0,1348427819
659447721,1338116650,2012-09-23 19:16:59.892000+00:00,0,1348427819
659447721,1414791342,2012-09-23 19:16:59.892000+00:00,0,1348427819
2116203935,2325007341,2012-09-23 20:12:14.726000+00:00,0,1348431134
2116203935,268669105,2012-09-23 20:12:14.726000+00:00,0,1348431134
481236042,2769673204,2012-09-23 22:49:38.321000+00:00,0,1348440578
481236042,2643522744,2012-09-23 22:49:38.321000+00:00,0,1348440578
481236042,2962436572,2012-09-23 22:49:38.321000+00:00,0,1348440578
481236042,3350595681,2012-09-23 22:49:38.321000+00:00,0,1348440578
481236042,4160984650,2012-09-23 22:49:38.321000+00:00,0,1348440578
481236042,1047810173,2012-09-23 22:49:38.321000+00:00,1,1348440578
517270916,2176526451,2012-09-24 04:05:24.611000+00:00,0,1348459524
517270916,2962436572,2012-09-24 04:05:24.611000+00:00,1,1348459524
517270916,3256356519,2012-09-24 04:05:24.611000+00:00,0,1348459524
517270916,3410375769,2012-09-24 04:05:24.611000+00:00,0,1348459524
517270916,1047810173,2012-09-24 04:05:24.611000+00:00,0,1348459524
517270916,2828291365,2012-09-24 04:05:24.611000+00:00,0,1348459524
1531339765,496131340,2012-09-24 07:57:19.529000+00:00,0,1348473439
1531339765,542538548,2012-09-24 07:57:19.529000+00:00,0,1348473439
1531339765,2255087674,2012-09-24 07:57:19.529000+00:00,0,1348473439
1531339765,2485271797,2012-09-24 07:57:19.529000+00:00,1,1348473439
1531339765,1191393757,2012-09-24 07:57:19.529000+00:00,0,1348473439
1531339765,402305391,2012-09-24 07:57:19.529000+00:00,0,1348473439
3548820422,1191393757,2012-09-24 09:34:10.573000+00:00,0,1348479250
3548820422,477854779,2012-09-24 09:34:10.573000+00:00,0,1348479250
3548820422,2345709954,2012-09-24 09:34:10.573000+00:00,1,1348479250
3548820422,583350587,2012-09-24 09:34:10.573000+00:00,0,1348479250
3548820422,3223764684,2012-09-24 09:34:10.573000+00:00,0,1348479250
3548820422,1673873496,2012-09-24 09:34:10.573000+00:00,0,1348479250
2559434877,2271507036,2012-09-24 09:51:39.703000+00:00,1,1348480299
2559434877,1159681214,2012-09-24 09:51:39.703000+00:00,0,1348480299
2559434877,3720373392,2012-09-24 09:51:39.703000+00:00,0,1348480299
2559434877,496131340,2012-09-24 09:51:39.703000+00:00,0,1348480299
2559434877,2489566262,2012-09-24 09:51:39.703000+00:00,0,1348480299
2559434877,3185730461,2012-09-24 09:51:43.767000+00:00,1,1348480303
1134784132,3098089154,2012-09-24 11:10:54.084000+00:00,0,1348485054
1134784132,542538548,2012-09-24 11:10:54.084000+00:00,1,1348485054
1134784132,1664606906,2012-09-24 11:10:54.084000+00:00,0,1348485054
1134784132,1807182727,2012-09-24 11:10:54.084000+00:00,0,1348485054
1134784132,3034550941,2012-09-24 11:10:54.084000+00:00,0,1348485054
1134784132,2581737850,2012-09-24 11:10:54.084000+00:00,0,1348485054
2916716118,792381720,2012-09-24 13:53:06.718000+00:00,0,1348494786
2916716118,3107909715,2012-09-24 13:53:06.718000+00:00,0,1348494786
2916716118,1341096506,2012-09-24 13:53:06.718000+00:00,1,1348494786
2916716118,2896454512,2012-09-24 13:53:06.718000+00:00,0,1348494786
2916716118,1689413780,2012-09-24 13:53:06.718000+00:00,0,1348494786
2916716118,6552143,2012-09-24 13:53:06.718000+00:00,0,1348494786
2194245277,2058291176,2012-09-24 15:01:40.324000+00:00,0,1348498900
2194245277,4173617744,2012-09-24 15:01:40.324000+00:00,0,1348498900
2194245277,3436633625,2012-09-24 15:01:40.324000+00:00,0,1348498900
2194245277,612496662,2012-09-24 15:01:40.324000+00:00,1,1348498900
2194245277,496131340,2012-09-24 15:01:40.324000+00:00,0,1348498900
2194245277,19652138,2012-09-24 15:01:40.324000+00:00,0,1348498900
666534021,3659345285,2012-09-24 16:39:45.448000+00:00,0,1348504785
666534021,3413747696,2012-09-24 16:39:45.448000+00:00,1,1348504785
666534021,2460729759,2012-09-24 16:39:45.448000+00:00,0,1348504785
666534021,94390648,2012-09-24 16:39:45.448000+00:00,0,1348504785
666534021,1320937087,2012-09-24 16:39:45.448000+00:00,0,1348504785
666534021,1482977591,2012-09-24 16:39:45.448000+00:00,0,1348504785
4007830365,850932284,2012-09-24 17:29:54.064000+00:00,0,1348507794
4007830365,493515244,2012-09-24 17:29:54.064000+00:00,0,1348507794
4007830365,3135875350,2012-09-24 17:29:54.064000+00:00,0,1348507794
4007830365,3409015015,2012-09-24 17:29:54.064000+00:00,1,1348507794
4007830365,3633605689,2012-09-24 17:29:54.064000+00:00,0,1348507794
4007830365,3781958177,2012-09-24 17:29:54.064000+00:00,0,1348507794
681315287,3413747696,2012-09-24 18:54:21.459000+00:00,1,1348512861
681315287,4150025051,2012-09-24 18:54:21.459000+00:00,0,1348512861
681315287,252367593,2012-09-24 18:54:21.459000+00:00,0,1348512861
681315287,2477400016,2012-09-24 18:54:21.459000+00:00,0,1348512861
681315287,2452750556,2012-09-24 18:54:21.459000+00:00,0,1348512861
681315287,104363229,2012-09-24 18:54:21.459000+00:00,0,1348512861
73288922,3280779663,2012-09-24 21:01:57.399000+00:00,0,1348520517
73288922,1501313615,2012-09-24 21:01:57.399000+00:00,0,1348520517
73288922,1795009389,2012-09-24 21:01:57.399000+00:00,0,1348520517
73288922,3413747696,2012-09-24 21:01:57.399000+00:00,1,1348520517
73288922,3715681569,2012-09-24 21:01:57.399000+00:00,0,1348520517
73288922,622607120,2012-09-24 21:01:57.399000+00:00,0,1348520517
2718796148,1664606906,2012-09-25 00:34:33.563000+00:00,0,1348533273
2718796148,1723821298,2012-09-25 00:34:33.563000+00:00,1,1348533273
2718796148,3454377311,2012-09-25 00:34:33.563000+00:00,0,1348533273
2718796148,1203705291,2012-09-25 00:34:33.563000+00:00,0,1348533273
2718796148,4290505055,2012-09-25 00:34:33.563000+00:00,0,1348533273
2718796148,1783910332,2012-09-25 00:34:33.563000+00:00,0,1348533273
686015101,2345968214,2012-09-25 02:45:08.660000+00:00,1,1348541108
686015101,3667110496,2012-09-25 02:45:08.660000+00:00,0,1348541108
686015101,4123308008,2012-09-25 02:45:08.660000+00:00,0,1348541108
686015101,2261000241,2012-09-25 02:45:08.660000+00:00,0,1348541108
686015101,3216854901,2012-09-25 02:45:08.660000+00:00,0,1348541108
686015101,1179672480,2012-09-25 02:45:08.660000+00:00,0,1348541108
686015101,1406192615,2012-09-25 02:49:08.288000+00:00,0,1348541348
686015101,3260945424,2012-09-25 02:49:18.028000+00:00,0,1348541358
3627421819,3374990111,2012-09-25 03:32:13.552000+00:00,0,1348543933
3627421819,330268607,2012-09-25 03:32:13.552000+00:00,0,1348543933
3627421819,2581737850,2012-09-25 03:32:13.552000+00:00,1,1348543933
3627421819,1616653882,2012-09-25 03:32:13.552000+00:00,0,1348543933
3627421819,3213485905,2012-09-25 03:32:13.552000+00:00,0,1348543933
3627421819,2308372833,2012-09-25 03:32:13.552000+00:00,0,1348543933
3627421819,1638549173,2012-09-25 03:32:28.274000+00:00,1,1348543948
195973264,3388135408,2012-09-25 03:33:44.176000+00:00,1,1348544024
195973264,2034155627,2012-09-25 03:33:44.176000+00:00,0,1348544024
195973264,2860846405,2012-09-25 03:33:44.176000+00:00,0,1348544024
195973264,817533556,2012-09-25 03:33:44.176000+00:00,0,1348544024
195973264,3084168587,2012-09-25 03:33:44.176000+00:00,0,1348544024
195973264,3472578476,2012-09-25 03:33:44.176000+00:00,0,1348544024
2694809416,3237640011,2012-09-25 05:34:44.862000+00:00,1,1348551284
2694809416,1314576560,2012-09-25 05:34:44.862000+00:00,0,1348551284
2694809416,1988257084,2012-09-25 05:34:44.862000+00:00,0,1348551284
2694809416,1263636699,2012-09-25 05:34:44.862000+00:00,0,1348551284
2694809416,1731351853,2012-09-25 05:34:44.862000+00:00,0,1348551284
2694809416,268669105,2012-09-25 05:34:44.862000+00:00,0,1348551284
2694809416,3991527098,2012-09-25 05:34:47.908000+00:00,1,1348551287
2694809416,2309977061,2012-09-25 05:34:49.428000+00:00,1,1348551289
2694809416,727697060,2012-09-25 05:34:50.970000+00:00,1,1348551290
2694809416,543972501,2012-09-25 05:34:51.993000+00:00,1,1348551291
499079668,3388135408,2012-09-25 05:41:01.837000+00:00,0,1348551661
499079668,3167757146,2012-09-25 05:41:01.837000+00:00,0,1348551661
499079668,1723821298,2012-09-25 05:41:01.837000+00:00,0,1348551661
499079668,65743991,2012-09-25 05:41:01.837000+00:00,0,1348551661
499079668,1876322819,2012-09-25 05:41:01.837000+00:00,0,1348551661
499079668,327075228,2012-09-25 05:41:01.837000+00:00,1,1348551661
447504709,3656157495,2012-09-25 05:58:07.901000+00:00,0,1348552687
447504709,612496662,2012-09-25 05:58:07.901000+00:00,1,1348552687
447504709,827682864,2012-09-25 05:58:07.901000+00:00,0,1348552687
447504709,1028836917,2012-09-25 05:58:07.901000+00:00,0,1348552687
447504709,2728427768,2012-09-25 05:58:07.901000+00:00,0,1348552687
4107349498,1228413502,2012-09-25 06:33:53.855000+00:00,0,1348554833
4107349498,543972501,2012-09-25 06:33:53.855000+00:00,1,1348554833
4107349498,2218325768,2012-09-25 06:33:53.855000+00:00,0,1348554833
4107349498,715515458,2012-09-25 06:33:53.855000+00:00,0,1348554833
4107349498,3842730088,2012-09-25 06:33:53.855000+00:00,0,1348554833
4107349498,2604545919,2012-09-25 06:33:55.882000+00:00,1,1348554835
4107349498,3795400528,2012-09-25 06:33:58.927000+00:00,1,1348554838
3036141956,2626540872,2012-09-25 08:52:08.305000+00:00,0,1348563128
3036141956,3929507420,2012-09-25 08:52:08.305000+00:00,0,1348563128
3036141956,3388135408,2012-09-25 08:52:08.305000+00:00,1,1348563128
3036141956,1221934300,2012-09-25 08:52:08.305000+00:00,0,1348563128
3036141956,2593474804,2012-09-25 08:52:08.305000+00:00,0,1348563128
3036141956,268669105,2012-09-25 08:52:08.305000+00:00,0,1348563128
336493147,3167757146,2012-09-25 11:38:32.925000+00:00,0,1348573112
336493147,3454377311,2012-09-25 11:38:32.925000+00:00,0,1348573112
336493147,3856450292,2012-09-25 11:38:32.925000+00:00,1,1348573112
336493147,2981182600,2012-09-25 11:38:32.925000+00:00,0,1348573112
336493147,3388135408,2012-09-25 11:38:32.925000+00:00,0,1348573112
336493147,100652122,2012-09-25 11:38:35.452000+00:00,1,1348573115
336493147,221202458,2012-09-25 11:38:36.974000+00:00,1,1348573116
336493147,1071371108,2012-09-25 11:38:38.497000+00:00,1,1348573118
336493147,2281874957,2012-09-25 11:38:40.525000+00:00,1,1348573120
336493147,1173255704,2012-09-25 11:38:42.551000+00:00,1,1348573122
1090447281,3896860087,2012-09-25 14:27:40.260000+00:00,0,1348583260
1090447281,1889909673,2012-09-25 14:27:40.260000+00:00,0,1348583260
1090447281,2553820588,2012-09-25 14:27:40.260000+00:00,0,1348583260
1090447281,3413747696,2012-09-25 14:27:40.260000+00:00,1,1348583260
1090447281,3708212410,2012-09-25 14:27:40.260000+00:00,0,1348583260
1090447281,4094129545,2012-09-25 14:27:40.260000+00:00,0,1348583260
4244109605,2370228216,2012-09-25 15:51:21.123000+00:00,0,1348588281
4244109605,1428713275,2012-09-25 15:51:35.294000+00:00,0,1348588295
4244109605,3007406784,2012-09-25 15:51:44.697000+00:00,0,1348588304
4244109605,1049842818,2012-09-25 15:51:47.803000+00:00,0,1348588307
4244109605,1236072035,2012-09-25 15:51:50.396000+00:00,0,1348588310
4244109605,3852416626,2012-09-25 15:52:08.151000+00:00,0,1348588328
4244109605,1738149624,2012-09-25 15:52:12.705000+00:00,0,1348588332
4244109605,3577726402,2012-09-25 15:52:33.463000+00:00,0,1348588353
4244109605,2430405430,2012-09-25 15:52:33.463000+00:00,0,1348588353
4244109605,3863898170,2012-09-25 15:52:33.463000+00:00,0,1348588353
4244109605,3002800200,2012-09-25 15:52:33.463000+00:00,1,1348588353
4244109605,852324847,2012-09-25 15:52:33.463000+00:00,0,1348588353
4244109605,4234138929,2012-09-25 15:52:33.463000+00:00,0,1348588353
4244109605,3004061810,2012-09-25 15:52:58.630000+00:00,0,1348588378
4244109605,421512847,2012-09-25 15:53:00.151000+00:00,0,1348588380
4244109605,422504591,2012-09-25 15:53:26.919000+00:00,1,1348588406
4244109605,2475891235,2012-09-25 15:53:45.246000+00:00,0,1348588425
4244109605,2288730210,2012-09-25 15:53:52.884000+00:00,0,1348588432
4244109605,3188133088,2012-09-25 15:54:04.634000+00:00,0,1348588444
4244109605,684180084,2012-09-25 15:54:24.146000+00:00,0,1348588464
4244109605,510692114,2012-09-25 15:54:31.717000+00:00,0,1348588471
4244109605,89262367,2012-09-25 15:54:50.383000+00:00,0,1348588490
4244109605,1024681142,2012-09-25 15:55:37.189000+00:00,0,1348588537
4244109605,3825878532,2012-09-25 15:55:47.302000+00:00,0,1348588547
4244109605,124610391,2012-09-25 15:56:22.644000+00:00,0,1348588582
4244109605,2171536546,2012-09-25 15:56:29.727000+00:00,0,1348588589
4244109605,2230413417,2012-09-25 15:56:32.809000+00:00,0,1348588592
3804509987,3372961239,2012-09-25 16:34:34.248000+00:00,0,1348590874
3804509987,3772460243,2012-09-25 16:34:34.248000+00:00,0,1348590874
3804509987,3144708352,2012-09-25 16:34:34.248000+00:00,0,1348590874
3804509987,1178414645,2012-09-25 16:34:34.248000+00:00,0,1348590874
3804509987,726501150,2012-09-25 16:34:34.248000+00:00,1,1348590874
3804509987,3394241819,2012-09-25 16:34:34.248000+00:00,0,1348590874
3054205479,3065347634,2012-09-25 16:47:46.803000+00:00,0,1348591666
3054205479,2611146411,2012-09-25 16:47:46.803000+00:00,1,1348591666
3054205479,1764963771,2012-09-25 16:47:46.803000+00:00,0,1348591666
3054205479,445484419,2012-09-25 16:47:46.803000+00:00,0,1348591666
3054205479,2360026395,2012-09-25 16:47:46.803000+00:00,0,1348591666
3054205479,99279011,2012-09-25 16:47:46.803000+00:00,0,1348591666
2971846635,3896860087,2012-09-25 18:50:05.445000+00:00,0,1348599005
2971846635,1889909673,2012-09-25 18:50:05.445000+00:00,0,1348599005
2971846635,3413747696,2012-09-25 18:50:05.445000+00:00,1,1348599005
2971846635,3139674149,2012-09-25 18:50:05.445000+00:00,0,1348599005
2971846635,3708212410,2012-09-25 18:50:05.445000+00:00,0,1348599005
2971846635,2319080380,2012-09-25 18:50:05.445000+00:00,0,1348599005
374464774,389674816,2012-09-25 18:56:24.312000+00:00,0,1348599384
374464774,1647310583,2012-09-25 18:56:24.312000+00:00,0,1348599384
374464774,1228413502,2012-09-25 18:56:24.312000+00:00,1,1348599384
374464774,3029325544,2012-09-25 18:56:24.312000+00:00,0,1348599384
374464774,268669105,2012-09-25 18:56:24.312000+00:00,0,1348599384
374464774,496131340,2012-09-25 18:56:24.312000+00:00,0,1348599384
4125376571,1731351853,2012-09-26 02:53:24.427000+00:00,0,1348628004
4125376571,230117918,2012-09-26 02:53:24.427000+00:00,1,1348628004
4125376571,1205670273,2012-09-26 02:53:24.427000+00:00,0,1348628004
4125376571,3929507420,2012-09-26 02:53:24.427000+00:00,0,1348628004
4125376571,1710224312,2012-09-26 02:53:24.427000+00:00,0,1348628004
4125376571,1935724864,2012-09-26 02:53:24.427000+00:00,0,1348628004
1150230846,2740996837,2012-09-26 03:22:32.798000+00:00,0,1348629752
1150230846,363096366,2012-09-26 03:22:32.798000+00:00,1,1348629752
1150230846,3914593969,2012-09-26 03:22:32.798000+00:00,0,1348629752
1150230846,3216854901,2012-09-26 03:22:32.798000+00:00,0,1348629752
1150230846,1645204489,2012-09-26 03:22:41.470000+00:00,1,1348629761
1150230846,3951957899,2012-09-26 03:22:54.720000+00:00,1,1348629774
1150230846,1294755971,2012-09-26 03:23:12.366000+00:00,1,1348629792
1150230846,603768826,2012-09-26 03:23:13.885000+00:00,1,1348629793
1150230846,2895178379,2012-09-26 03:23:54.093000+00:00,1,1348629834
1038432983,1711316424,2012-09-26 04:02:41.273000+00:00,0,1348632161
1038432983,2144881822,2012-09-26 04:02:41.273000+00:00,0,1348632161
1038432983,3106649251,2012-09-26 04:02:41.273000+00:00,1,1348632161
1038432983,1996047693,2012-09-26 04:02:41.273000+00:00,0,1348632161
1038432983,3914593969,2012-09-26 04:02:41.273000+00:00,0,1348632161
1038432983,2740996837,2012-09-26 04:02:41.273000+00:00,0,1348632161
1038432983,1145694713,2012-09-26 04:08:06.485000+00:00,1,1348632486
1696361679,1907550340,2012-09-26 04:22:18.853000+00:00,0,1348633338
1696361679,4252287704,2012-09-26 04:22:18.853000+00:00,0,1348633338
1696361679,496131340,2012-09-26 04:22:18.853000+00:00,1,1348633338
1696361679,2728427768,2012-09-26 04:22:18.853000+00:00,0,1348633338
1696361679,563395736,2012-09-26 04:22:18.853000+00:00,0,1348633338
1696361679,974347338,2012-09-26 04:22:18.853000+00:00,0,1348633338
1696361679,2626540872,2012-09-26 04:22:19.923000+00:00,1,1348633339
1696361679,582672945,2012-09-26 04:22:20.965000+00:00,1,1348633340
1696361679,1205670273,2012-09-26 04:23:18.387000+00:00,1,1348633398
1696361679,3929507420,2012-09-26 04:23:18.417000+00:00,1,1348633398
1696361679,719337372,2012-09-26 04:23:32.085000+00:00,1,1348633412
4138013784,1464766301,2012-09-26 06:36:27.689000+00:00,0,1348641387
4138013784,3681892474,2012-09-26 06:36:27.689000+00:00,0,1348641387
4138013784,736236994,2012-09-26 06:36:27.689000+00:00,0,1348641387
4138013784,3929507420,2012-09-26 06:36:27.689000+00:00,1,1348641387
4138013784,282271212,2012-09-26 06:36:27.689000+00:00,0,1348641387
4138013784,3183669415,2012-09-26 06:36:27.689000+00:00,0,1348641387
4138013784,1205670273,2012-09-26 06:36:30.219000+00:00,1,1348641390
2659357596,1205670273,2012-09-26 07:04:43.245000+00:00,0,1348643083
2659357596,68667425,2012-09-26 07:04:43.245000+00:00,0,1348643083
2659357596,1608616656,2012-09-26 07:04:43.245000+00:00,0,1348643083
2659357596,1095856197,2012-09-26 07:04:43.245000+00:00,0,1348643083
2659357596,312581825,2012-09-26 07:04:43.245000+00:00,1,1348643083
2659357596,920377329,2012-09-26 07:04:43.245000+00:00,0,1348643083
2659357596,843844488,2012-09-26 07:04:44.767000+00:00,1,1348643084
2659357596,2992369908,2012-09-26 07:04:45.784000+00:00,1,1348643085
3956887319,19652138,2012-09-26 13:40:40.023000+00:00,1,1348666840
3956887319,898038967,2012-09-26 13:40:40.023000+00:00,0,1348666840
3956887319,3761092488,2012-09-26 13:40:40.023000+00:00,0,1348666840
3956887319,3061511744,2012-09-26 13:40:40.023000+00:00,0,1348666840
3956887319,4203571618,2012-09-26 13:40:40.023000+00:00,0,1348666840
3956887319,3969026856,2012-09-26 13:40:47.661000+00:00,1,1348666847
3567042309,803811392,2012-09-26 14:24:30.765000+00:00,0,1348669470
3567042309,4278100114,2012-09-26 14:24:30.765000+00:00,0,1348669470
3567042309,3427899579,2012-09-26 14:24:30.765000+00:00,0,1348669470
3567042309,2308372833,2012-09-26 14:24:30.765000+00:00,0,1348669470
3567042309,1205670273,2012-09-26 14:24:30.765000+00:00,1,1348669470
3567042309,3929507420,2012-09-26 14:24:30.765000+00:00,0,1348669470
3567042309,2626540872,2012-09-26 14:25:08.347000+00:00,1,1348669508
1072041355,1061745506,2012-09-26 15:02:48.648000+00:00,0,1348671768
1072041355,2728427768,2012-09-26 15:02:48.648000+00:00,0,1348671768
1072041355,2828760406,2012-09-26 15:02:48.648000+00:00,0,1348671768
1072041355,1861716415,2012-09-26 15:02:48.648000+00:00,0,1348671768
1072041355,1731351853,2012-09-26 15:02:48.648000+00:00,1,1348671768
1072041355,715515458,2012-09-26 15:02:48.648000+00:00,0,1348671768
2949537983,3787364713,2012-09-26 16:36:48.207000+00:00,0,1348677408
2949537983,39798051,2012-09-26 16:36:48.207000+00:00,1,1348677408
2949537983,1095829668,2012-09-26 16:36:48.207000+00:00,0,1348677408
2949537983,683296242,2012-09-26 16:36:48.207000+00:00,0,1348677408
2949537983,3391085910,2012-09-26 16:36:48.207000+00:00,0,1348677408
2949537983,2769570008,2012-09-26 16:36:48.207000+00:00,0,1348677408
2949537983,4053437619,2012-09-26 16:37:52.246000+00:00,1,1348677472
1344492095,3606085265,2012-09-26 16:39:04.017000+00:00,0,1348677544
1344492095,1579687184,2012-09-26 16:39:04.017000+00:00,0,1348677544
1344492095,4144869932,2012-09-26 16:39:04.017000+00:00,1,1348677544
1344492095,726631277,2012-09-26 16:39:04.017000+00:00,0,1348677544
1344492095,1267505164,2012-09-26 16:39:04.017000+00:00,0,1348677544
1344492095,1184535341,2012-09-26 16:39:04.017000+00:00,0,1348677544
641678389,2368882162,2012-09-26 19:03:48.412000+00:00,0,1348686228
641678389,2170473823,2012-09-26 19:03:48.412000+00:00,0,1348686228
641678389,2531947768,2012-09-26 19:03:48.412000+00:00,1,1348686228
641678389,1077901228,2012-09-26 19:03:48.412000+00:00,0,1348686228
641678389,116335087,2012-09-26 19:03:48.412000+00:00,0,1348686228
641678389,1538644517,2012-09-26 19:03:48.412000+00:00,0,1348686228
2985391759,3930422129,2012-09-26 19:48:59.018000+00:00,0,1348688939
2985391759,1320937087,2012-09-26 19:48:59.018000+00:00,0,1348688939
2985391759,2956336268,2012-09-26 19:48:59.018000+00:00,0,1348688939
2985391759,3659345285,2012-09-26 19:48:59.018000+00:00,0,1348688939
2985391759,929809053,2012-09-26 19:48:59.018000+00:00,0,1348688939
2985391759,3039309993,2012-09-26 19:48:59.018000+00:00,1,1348688939
2985391759,2622473733,2012-09-26 20:00:05.338000+00:00,1,1348689605
2985391759,3448037031,2012-09-26 20:00:05.799000+00:00,1,1348689605
2985391759,1773358985,2012-09-26 20:00:05.366000+00:00,1,1348689605
2985391759,2221249291,2012-09-26 20:00:05.246000+00:00,1,1348689605
2985391759,3102683928,2012-09-26 20:00:05.384000+00:00,1,1348689605
2985391759,3381455240,2012-09-26 20:00:06.068000+00:00,1,1348689606
1309915074,420579930,2012-09-26 20:03:06.739000+00:00,0,1348689786
1309915074,1044976823,2012-09-26 20:03:06.739000+00:00,0,1348689786
1309915074,748898602,2012-09-26 20:03:06.739000+00:00,0,1348689786
1309915074,102952604,2012-09-26 20:03:06.739000+00:00,0,1348689786
1309915074,1711316424,2012-09-26 20:03:06.739000+00:00,1,1348689786
1309915074,3914593969,2012-09-26 20:03:06.739000+00:00,0,1348689786
1309915074,1145694713,2012-09-26 20:03:22.854000+00:00,1,1348689802
1309915074,3106649251,2012-09-26 20:03:27.411000+00:00,1,1348689807
1941314046,3482133976,2012-09-26 20:23:21.264000+00:00,0,1348691001
1941314046,3327557579,2012-09-26 20:23:21.264000+00:00,0,1348691001
1941314046,3413747696,2012-09-26 20:23:21.264000+00:00,1,1348691001
1941314046,559328902,2012-09-26 20:23:21.264000+00:00,0,1348691001
1941314046,1281707182,2012-09-26 20:23:21.264000+00:00,0,1348691001
1941314046,717020054,2012-09-26 20:23:21.264000+00:00,0,1348691001
1579613783,3413747696,2012-09-26 23:43:33.348000+00:00,1,1348703013
1579613783,4151334574,2012-09-26 23:43:33.348000+00:00,0,1348703013
1579613783,702526737,2012-09-26 23:43:33.348000+00:00,0,1348703013
1579613783,2831323801,2012-09-26 23:43:33.348000+00:00,0,1348703013
1579613783,2221479214,2012-09-26 23:43:33.348000+00:00,0,1348703013
1579613783,3644254478,2012-09-26 23:43:33.348000+00:00,0,1348703013
1150601139,2398001608,2012-09-27 01:18:19.053000+00:00,0,1348708699
1150601139,3577726402,2012-09-27 01:18:19.053000+00:00,0,1348708699
1150601139,1235652015,2012-09-27 01:18:19.053000+00:00,0,1348708699
1150601139,2170473823,2012-09-27 01:18:19.053000+00:00,0,1348708699
1150601139,2430405430,2012-09-27 01:18:19.053000+00:00,0,1348708699
1150601139,96890078,2012-09-27 01:18:19.053000+00:00,1,1348708699
1150601139,1908645599,2012-09-27 01:18:46.797000+00:00,1,1348708726
1150601139,2718812266,2012-09-27 01:18:56.356000+00:00,1,1348708736
1150601139,3831661369,2012-09-27 01:19:04.412000+00:00,1,1348708744
483332100,407288007,2012-09-27 01:59:46.662000+00:00,1,1348711186
483332100,1238533876,2012-09-27 01:59:46.662000+00:00,0,1348711186
483332100,2299728495,2012-09-27 01:59:46.662000+00:00,0,1348711186
483332100,296000643,2012-09-27 01:59:46.662000+00:00,0,1348711186
483332100,2285783902,2012-09-27 01:59:46.662000+00:00,0,1348711186
483332100,2599906667,2012-09-27 01:59:47.681000+00:00,1,1348711187
483332100,3084168587,2012-09-27 01:59:49.201000+00:00,1,1348711189
1615303306,3388135408,2012-09-27 02:08:56.717000+00:00,0,1348711736
1615303306,2650202363,2012-09-27 02:08:56.717000+00:00,0,1348711736
1615303306,1205670273,2012-09-27 02:08:56.717000+00:00,1,1348711736
1615303306,2555858385,2012-09-27 02:08:56.717000+00:00,0,1348711736
1615303306,1731351853,2012-09-27 02:08:56.717000+00:00,0,1348711736
1615303306,3929507420,2012-09-27 02:08:56.717000+00:00,0,1348711736
1615303306,843844488,2012-09-27 02:09:33.926000+00:00,1,1348711773
3784315595,3637421376,2012-09-27 02:25:57.802000+00:00,0,1348712757
3784315595,1654224995,2012-09-27 02:25:57.802000+00:00,0,1348712757
3784315595,3404786011,2012-09-27 02:25:57.802000+00:00,0,1348712757
3784315595,227049625,2012-09-27 02:25:57.802000+00:00,0,1348712757
3784315595,2488272785,2012-09-27 02:25:57.802000+00:00,0,1348712757
3784315595,3413747696,2012-09-27 02:25:57.802000+00:00,1,1348712757
2571895925,1433971994,2012-09-27 03:47:39.799000+00:00,0,1348717659
2571895925,3147640060,2012-09-27 03:47:39.799000+00:00,1,1348717659
2571895925,3909691421,2012-09-27 03:47:39.799000+00:00,0,1348717659
2571895925,2955216817,2012-09-27 03:47:39.799000+00:00,0,1348717659
2571895925,715927047,2012-09-27 03:47:39.799000+00:00,0,1348717659
2571895925,362071615,2012-09-27 03:47:39.799000+00:00,0,1348717659
2541238114,799334346,2012-09-27 08:11:25.766000+00:00,0,1348733485
2541238114,3761092488,2012-09-27 08:11:25.766000+00:00,0,1348733485
2541238114,1571031797,2012-09-27 08:11:25.766000+00:00,1,1348733485
2541238114,3061511744,2012-09-27 08:11:25.766000+00:00,0,1348733485
2541238114,1996883919,2012-09-27 08:11:25.766000+00:00,0,1348733485
2541238114,1490180841,2012-09-27 08:12:08.135000+00:00,1,1348733528
2541238114,1347426650,2012-09-27 08:12:09.153000+00:00,1,1348733529
2541238114,274265388,2012-09-27 08:12:21.282000+00:00,1,1348733541
736262792,574261812,2012-09-27 08:26:40.518000+00:00,0,1348734400
736262792,2218325768,2012-09-27 08:26:40.518000+00:00,0,1348734400
736262792,496131340,2012-09-27 08:26:40.518000+00:00,0,1348734400
736262792,1205670273,2012-09-27 08:26:40.518000+00:00,1,1348734400
736262792,1935724864,2012-09-27 08:26:40.518000+00:00,0,1348734400
736262792,3441714081,2012-09-27 08:26:40.518000+00:00,0,1348734400
736262792,843844488,2012-09-27 08:27:22.334000+00:00,1,1348734442
2600681841,1373058755,2012-09-27 08:55:52.309000+00:00,0,1348736152
2600681841,2094952127,2012-09-27 08:55:52.309000+00:00,0,1348736152
2600681841,1737420203,2012-09-27 08:55:52.309000+00:00,1,1348736152
2600681841,496131340,2012-09-27 08:55:52.309000+00:00,0,1348736152
2600681841,230117918,2012-09-27 08:55:52.309000+00:00,0,1348736152
2600681841,2729363330,2012-09-27 08:55:52.309000+00:00,0,1348736152
1548216840,3683968161,2012-09-27 12:22:02.156000+00:00,1,1348748522
1548216840,1665415662,2012-09-27 12:22:02.156000+00:00,0,1348748522
1548216840,56286280,2012-09-27 12:22:02.156000+00:00,0,1348748522
1548216840,19341280,2012-09-27 12:22:02.156000+00:00,0,1348748522
1548216840,1459514053,2012-09-27 12:22:02.156000+00:00,0,1348748522
1548216840,278489979,2012-09-27 12:22:02.156000+00:00,0,1348748522
2223946882,1049842818,2012-09-27 15:01:31.970000+00:00,0,1348758091
2223946882,3831661369,2012-09-27 15:01:31.970000+00:00,1,1348758091
2223946882,2170473823,2012-09-27 15:01:31.970000+00:00,0,1348758091
2223946882,96890078,2012-09-27 15:01:31.970000+00:00,0,1348758091
2223946882,2430405430,2012-09-27 15:01:31.970000+00:00,0,1348758091
2223946882,3577726402,2012-09-27 15:01:31.970000+00:00,0,1348758091
1809934947,3929507420,2012-09-27 15:17:18.081000+00:00,0,1348759038
1809934947,1205670273,2012-09-27 15:17:18.081000+00:00,1,1348759038
1809934947,1074521155,2012-09-27 15:17:18.081000+00:00,0,1348759038
1809934947,3318022618,2012-09-27 15:17:18.081000+00:00,0,1348759038
1809934947,2790637805,2012-09-27 15:17:18.081000+00:00,0,1348759038
1809934947,496131340,2012-09-27 15:17:18.081000+00:00,0,1348759038
69302861,4236404112,2012-09-27 18:34:58.519000+00:00,0,1348770898
69302861,1740590632,2012-09-27 18:34:58.519000+00:00,0,1348770898
69302861,4116238303,2012-09-27 18:34:58.519000+00:00,0,1348770898
69302861,2800586555,2012-09-27 18:34:58.519000+00:00,1,1348770898
69302861,2851892747,2012-09-27 18:34:58.519000+00:00,0,1348770898
69302861,1140161058,2012-09-27 18:34:58.519000+00:00,0,1348770898
1663149119,2826046335,2012-09-27 20:22:26.929000+00:00,0,1348777346
1663149119,1842189573,2012-09-27 20:22:26.929000+00:00,0,1348777346
1663149119,1607531015,2012-09-27 20:22:26.929000+00:00,0,1348777346
1663149119,4289083730,2012-09-27 20:22:26.929000+00:00,1,1348777346
2286292570,1731351853,2012-09-27 22:20:35.445000+00:00,0,1348784435
2286292570,2218325768,2012-09-27 22:27:07.540000+00:00,0,1348784827
2286292570,4130278250,2012-09-27 22:27:07.540000+00:00,0,1348784827
2286292570,1653016455,2012-09-27 22:27:07.540000+00:00,1,1348784827
2286292570,2368083210,2012-09-27 22:27:07.540000+00:00,0,1348784827
4235386848,69137172,2012-09-27 22:36:19.695000+00:00,0,1348785379
4235386848,1775336793,2012-09-27 22:36:19.695000+00:00,1,1348785379
4235386848,1173051362,2012-09-27 22:36:19.695000+00:00,0,1348785379
4235386848,1160297188,2012-09-27 22:36:19.695000+00:00,0,1348785379
4235386848,1908645599,2012-09-27 22:36:19.695000+00:00,0,1348785379
4235386848,127371840,2012-09-27 22:36:19.695000+00:00,0,1348785379
812299615,3388135408,2012-09-28 01:42:56.283000+00:00,0,1348796576
812299615,1205670273,2012-09-28 01:42:56.283000+00:00,1,1348796576
812299615,3929507420,2012-09-28 01:42:56.283000+00:00,0,1348796576
812299615,2094952127,2012-09-28 01:42:56.283000+00:00,0,1348796576
812299615,2489566262,2012-09-28 01:42:56.283000+00:00,0,1348796576
812299615,3830416827,2012-09-28 01:42:56.283000+00:00,0,1348796576
2490559498,1986629581,2012-09-28 02:06:09.093000+00:00,0,1348797969
2490559498,991316026,2012-09-28 02:06:09.093000+00:00,0,1348797969
2490559498,1053097619,2012-09-28 02:06:09.093000+00:00,0,1348797969
2490559498,3289739345,2012-09-28 02:06:09.093000+00:00,0,1348797969
2490559498,3475131654,2012-09-28 02:06:09.093000+00:00,1,1348797969
2490559498,2665900065,2012-09-28 02:06:09.093000+00:00,0,1348797969
2490559498,2299366787,2012-09-28 02:07:54.564000+00:00,1,1348798074
3810123859,2233911988,2012-09-28 03:27:29.696000+00:00,0,1348802849
3810123859,1092072561,2012-09-28 03:27:29.696000+00:00,0,1348802849
3810123859,252200822,2012-09-28 03:27:29.696000+00:00,0,1348802849
3810123859,574261812,2012-09-28 03:27:29.696000+00:00,0,1348802849
3810123859,1205670273,2012-09-28 03:27:29.696000+00:00,1,1348802849
3810123859,496131340,2012-09-28 03:27:29.696000+00:00,0,1348802849
3669633546,130911918,2012-09-28 04:24:07.057000+00:00,0,1348806247
3669633546,1958801669,2012-09-28 04:24:07.057000+00:00,0,1348806247
3669633546,1964850967,2012-09-28 04:24:07.057000+00:00,0,1348806247
3669633546,3188133088,2012-09-28 04:24:07.057000+00:00,1,1348806247
3669633546,1074870129,2012-09-28 04:24:07.057000+00:00,0,1348806247
3669633546,127371840,2012-09-28 04:24:07.057000+00:00,0,1348806247
3180412264,1011709249,2012-09-28 04:40:50.920000+00:00,0,1348807250
3180412264,1778948864,2012-09-28 04:40:50.920000+00:00,0,1348807250
3180412264,787562214,2012-09-28 04:40:50.920000+00:00,0,1348807250
3180412264,422504591,2012-09-28 04:40:50.920000+00:00,0,1348807250
3180412264,41623329,2012-09-28 04:40:50.920000+00:00,0,1348807250
3180412264,1908645599,2012-09-28 04:40:50.920000+00:00,1,1348807250
3180412264,3831661369,2012-09-28 04:41:18.090000+00:00,1,1348807278
3205053921,299197733,2012-09-28 06:31:23.319000+00:00,0,1348813883
3205053921,1766881633,2012-09-28 06:31:23.319000+00:00,0,1348813883
3205053921,4179487847,2012-09-28 06:31:23.319000+00:00,0,1348813883
3205053921,2763790767,2012-09-28 06:31:23.319000+00:00,1,1348813883
3205053921,1162247222,2012-09-28 06:31:23.319000+00:00,0,1348813883
3205053921,858587465,2012-09-28 06:31:23.319000+00:00,0,1348813883
3205053921,986099040,2012-09-28 06:31:24.342000+00:00,1,1348813884
3205053921,3655295959,2012-09-28 06:32:27.306000+00:00,1,1348813947
1611204256,915347945,2012-09-28 06:34:21.458000+00:00,0,1348814061
1611204256,1797987592,2012-09-28 06:34:21.458000+00:00,0,1348814061
1611204256,3512178330,2012-09-28 06:34:21.458000+00:00,0,1348814061
1611204256,1426221214,2012-09-28 06:34:21.458000+00:00,1,1348814061
1611204256,1970721704,2012-09-28 06:34:21.458000+00:00,0,1348814061
1611204256,2925109008,2012-09-28 06:34:21.458000+00:00,0,1348814061
3505202339,1714112785,2012-09-28 06:51:01.021000+00:00,0,1348815061
3505202339,3388135408,2012-09-28 06:51:01.021000+00:00,0,1348815061
3505202339,2224313777,2012-09-28 06:51:01.021000+00:00,0,1348815061
3505202339,3929507420,2012-09-28 06:51:01.021000+00:00,0,1348815061
3505202339,4203571618,2012-09-28 06:51:01.021000+00:00,0,1348815061
3505202339,1205670273,2012-09-28 06:51:01.021000+00:00,1,1348815061
2560745948,933903631,2012-09-28 07:05:12.332000+00:00,0,1348815912
2560745948,1731351853,2012-09-28 07:05:12.332000+00:00,0,1348815912
2560745948,2409474647,2012-09-28 07:05:12.332000+00:00,0,1348815912
2560745948,3458190779,2012-09-28 07:05:12.332000+00:00,0,1348815912
2560745948,612496662,2012-09-28 07:05:12.332000+00:00,1,1348815912
2560745948,2218325768,2012-09-28 07:05:12.332000+00:00,0,1348815912
3507534894,2167106569,2012-09-28 10:34:13.481000+00:00,1,1348828453
3507534894,327075228,2012-09-28 10:34:13.481000+00:00,0,1348828453
3507534894,25062233,2012-09-28 10:34:13.481000+00:00,0,1348828453
3507534894,4167632416,2012-09-28 10:34:13.481000+00:00,0,1348828453
3507534894,496023694,2012-09-28 10:34:13.481000+00:00,0,1348828453
3507534894,3388135408,2012-09-28 10:34:13.481000+00:00,0,1348828453
3507534894,2326070806,2012-09-28 10:34:18+00:00,1,1348828458
3507534894,1876322819,2012-09-28 10:34:22.038000+00:00,1,1348828462
458848274,216226519,2012-09-28 11:48:56.936000+00:00,0,1348832936
458848274,976170144,2012-09-28 11:48:56.936000+00:00,0,1348832936
458848274,65743991,2012-09-28 11:48:56.936000+00:00,0,1348832936
458848274,1379380863,2012-09-28 11:48:56.936000+00:00,0,1348832936
458848274,612496662,2012-09-28 11:48:56.936000+00:00,1,1348832936
458848274,1829117208,2012-09-28 11:48:56.936000+00:00,0,1348832936
2449307177,3653306306,2012-09-28 12:00:33.738000+00:00,0,1348833633
2449307177,2368882162,2012-09-28 12:00:33.738000+00:00,1,1348833633
2449307177,1956181522,2012-09-28 12:00:33.738000+00:00,0,1348833633
2449307177,838134604,2012-09-28 12:00:33.738000+00:00,0,1348833633
2449307177,3181512475,2012-09-28 12:00:33.738000+00:00,0,1348833633
2449307177,4062320235,2012-09-28 12:00:33.738000+00:00,0,1348833633
2449307177,593744182,2012-09-28 12:00:51.053000+00:00,0,1348833651
2449307177,1235652015,2012-09-28 12:01:00.695000+00:00,0,1348833660
2449307177,908341071,2012-09-28 12:01:11.779000+00:00,1,1348833671
2282893903,1205670273,2012-09-28 12:44:31.645000+00:00,1,1348836271
2282893903,1996883919,2012-09-28 12:44:31.645000+00:00,0,1348836271
2282893903,4014308675,2012-09-28 12:44:31.645000+00:00,0,1348836271
2282893903,3223764684,2012-09-28 12:44:31.645000+00:00,0,1348836271
2282893903,2281874957,2012-09-28 12:44:31.645000+00:00,0,1348836271
2282893903,2187372380,2012-09-28 12:45:30.204000+00:00,1,1348836330
4246728549,3029325544,2012-09-28 13:12:25.253000+00:00,0,1348837945
4246728549,2489566262,2012-09-28 13:12:25.253000+00:00,0,1348837945
4246728549,3388135408,2012-09-28 13:12:25.253000+00:00,1,1348837945
4246728549,2650202363,2012-09-28 13:12:25.253000+00:00,0,1348837945
4246728549,45687644,2012-09-28 13:12:25.253000+00:00,0,1348837945
4246728549,3454377311,2012-09-28 13:12:25.253000+00:00,0,1348837945
4246728549,827394707,2012-09-28 13:12:25.265000+00:00,1,1348837945
694221975,3720373392,2012-09-28 13:26:22.033000+00:00,0,1348838782
694221975,2489566262,2012-09-28 13:26:22.033000+00:00,0,1348838782
694221975,1766881633,2012-09-28 13:26:22.033000+00:00,0,1348838782
694221975,1141864640,2012-09-28 13:26:22.033000+00:00,1,1348838782
1710009181,3985523814,2012-09-28 13:58:39.759000+00:00,0,1348840719
1710009181,2363481591,2012-09-28 13:58:39.759000+00:00,0,1348840719
1710009181,2086300822,2012-09-28 13:58:39.759000+00:00,0,1348840719
1710009181,1221934300,2012-09-28 13:58:39.759000+00:00,0,1348840719
1710009181,604068853,2012-09-28 13:58:39.759000+00:00,1,1348840719
1710009181,3154940382,2012-09-28 13:58:39.759000+00:00,0,1348840719
1710009181,4205397757,2012-09-28 13:59:35.795000+00:00,1,1348840775
193920233,3849412776,2012-09-28 14:22:30.038000+00:00,0,1348842150
193920233,2354590858,2012-09-28 14:22:30.038000+00:00,0,1348842150
193920233,2556887095,2012-09-28 14:22:30.038000+00:00,1,1348842150
193920233,3154390339,2012-09-28 14:22:30.038000+00:00,0,1348842150
193920233,4144431463,2012-09-28 14:22:30.038000+00:00,0,1348842150
236194065,1370824124,2012-09-28 14:23:35.736000+00:00,0,1348842215
236194065,3528953266,2012-09-28 14:23:35.736000+00:00,0,1348842215
236194065,1205670273,2012-09-28 14:23:35.736000+00:00,1,1348842215
236194065,3929507420,2012-09-28 14:23:35.736000+00:00,0,1348842215
593799836,2981257562,2012-09-28 15:09:31.245000+00:00,0,1348844971
593799836,2324717272,2012-09-28 15:09:31.245000+00:00,0,1348844971
593799836,3703433044,2012-09-28 15:09:31.245000+00:00,0,1348844971
593799836,3545922494,2012-09-28 15:09:31.245000+00:00,0,1348844971
593799836,3458190779,2012-09-28 15:09:31.245000+00:00,0,1348844971
593799836,2695471827,2012-09-28 15:09:31.245000+00:00,1,1348844971
3467307298,1591026841,2012-09-28 18:16:01.500000+00:00,1,1348856161
3467307298,3080066598,2012-09-28 18:16:01.500000+00:00,0,1348856161
3467307298,3170312204,2012-09-28 18:16:01.500000+00:00,0,1348856161
3467307298,3756572732,2012-09-28 18:16:01.500000+00:00,0,1348856161
3467307298,2147803764,2012-09-28 18:16:01.500000+00:00,0,1348856161
3467307298,812245858,2012-09-28 18:16:01.500000+00:00,0,1348856161
1117272184,3119945071,2012-09-28 19:32:53.377000+00:00,0,1348860773
1117272184,2850129296,2012-09-28 19:32:53.377000+00:00,0,1348860773
1117272184,1140161058,2012-09-28 19:32:53.377000+00:00,0,1348860773
1117272184,2030975895,2012-09-28 19:32:53.377000+00:00,0,1348860773
1117272184,2725048065,2012-09-28 19:32:53.377000+00:00,0,1348860773
1117272184,3487833744,2012-09-28 19:32:53.377000+00:00,1,1348860773
2864899561,3007406784,2012-09-28 20:27:43.709000+00:00,0,1348864063
2864899561,1783630773,2012-09-28 20:27:43.709000+00:00,0,1348864063
2864899561,1535025408,2012-09-28 20:27:43.709000+00:00,0,1348864063
2864899561,3912782817,2012-09-28 20:27:43.709000+00:00,0,1348864063
2864899561,96890078,2012-09-28 20:27:43.709000+00:00,1,1348864063
2864899561,422504591,2012-09-28 20:27:43.709000+00:00,0,1348864063
3378002804,1645204489,2012-09-28 20:30:14.552000+00:00,0,1348864214
3378002804,2153989837,2012-09-28 20:30:14.552000+00:00,0,1348864214
3378002804,3382083674,2012-09-28 20:30:14.552000+00:00,0,1348864214
3378002804,2676714275,2012-09-28 20:30:14.552000+00:00,0,1348864214
3378002804,2664557225,2012-09-28 20:30:14.552000+00:00,0,1348864214
3378002804,3269343017,2012-09-28 20:30:14.552000+00:00,1,1348864214
3555067038,1646449246,2012-09-29 00:19:47.351000+00:00,0,1348877987
3555067038,2826046335,2012-09-29 00:19:47.351000+00:00,0,1348877987
3555067038,2556823820,2012-09-29 00:19:47.351000+00:00,1,1348877987
3555067038,1842189573,2012-09-29 00:19:47.351000+00:00,0,1348877987
3555067038,1043517381,2012-09-29 00:19:47.351000+00:00,0,1348877987
3555067038,4141101486,2012-09-29 00:19:47.351000+00:00,0,1348877987
445442743,2936735895,2012-09-29 03:55:51.936000+00:00,1,1348890951
445442743,849777211,2012-09-29 03:55:51.936000+00:00,0,1348890951
445442743,1031579616,2012-09-29 03:55:51.936000+00:00,0,1348890951
445442743,2287546267,2012-09-29 03:55:51.936000+00:00,0,1348890951
445442743,2179936892,2012-09-29 03:55:51.936000+00:00,0,1348890951
3419376657,2289214808,2012-09-29 04:07:44.269000+00:00,0,1348891664
3419376657,1011764733,2012-09-29 04:07:44.269000+00:00,1,1348891664
3419376657,4160470528,2012-09-29 04:07:44.269000+00:00,0,1348891664
3419376657,3453997003,2012-09-29 04:07:44.269000+00:00,0,1348891664
3419376657,590427279,2012-09-29 04:07:44.269000+00:00,0,1348891664
3419376657,2556823820,2012-09-29 04:07:44.269000+00:00,0,1348891664
2112130968,1426221214,2012-09-29 06:23:56.356000+00:00,0,1348899836
2112130968,894912584,2012-09-29 06:23:56.356000+00:00,0,1348899836
2112130968,3186998441,2012-09-29 06:23:56.356000+00:00,0,1348899836
2112130968,256545806,2012-09-29 06:23:56.356000+00:00,1,1348899836
2112130968,3921422048,2012-09-29 06:23:56.356000+00:00,0,1348899836
2112130968,2812218352,2012-09-29 06:23:56.356000+00:00,0,1348899836
296271448,342284187,2012-09-29 07:23:43.236000+00:00,1,1348903423
296271448,1017435233,2012-09-29 07:23:43.236000+00:00,0,1348903423
296271448,3227570580,2012-09-29 07:23:43.236000+00:00,0,1348903423
296271448,2224313777,2012-09-29 07:23:43.236000+00:00,0,1348903423
296271448,2218325768,2012-09-29 07:23:43.236000+00:00,0,1348903423
296271448,2509086570,2012-09-29 07:23:43.236000+00:00,0,1348903423
1747573617,1205670273,2012-09-29 07:56:02.202000+00:00,1,1348905362
1747573617,1628763650,2012-09-29 07:56:02.202000+00:00,0,1348905362
1747573617,3454377311,2012-09-29 07:56:02.202000+00:00,0,1348905362
1747573617,1092072561,2012-09-29 07:56:02.202000+00:00,0,1348905362
1747573617,3575219411,2012-09-29 07:56:02.202000+00:00,0,1348905362
1747573617,3830416827,2012-09-29 07:56:02.202000+00:00,0,1348905362
2059471156,3717332132,2012-09-29 09:32:07.165000+00:00,0,1348911127
2059471156,1221934300,2012-09-29 09:32:07.165000+00:00,0,1348911127
2059471156,574261812,2012-09-29 09:32:07.165000+00:00,0,1348911127
2059471156,1205670273,2012-09-29 09:32:07.165000+00:00,1,1348911127
2059471156,1710224312,2012-09-29 09:32:07.165000+00:00,0,1348911127
2059471156,2373204206,2012-09-29 09:32:07.165000+00:00,0,1348911127
2059471156,929396784,2012-09-29 09:32:08.689000+00:00,1,1348911128
3240337776,3339191264,2012-09-29 09:55:10.437000+00:00,1,1348912510
3240337776,4141101486,2012-09-29 09:55:10.437000+00:00,0,1348912510
3240337776,2826046335,2012-09-29 09:55:10.437000+00:00,0,1348912510
3240337776,2081128662,2012-09-29 09:55:10.437000+00:00,0,1348912510
3240337776,827652101,2012-09-29 09:55:10.437000+00:00,0,1348912510
3240337776,1842189573,2012-09-29 09:55:10.437000+00:00,0,1348912510
3922819697,3757350352,2012-09-29 10:19:05.187000+00:00,1,1348913945
3922819697,3388135408,2012-09-29 10:19:05.187000+00:00,0,1348913945
3922819697,3603751260,2012-09-29 10:19:05.187000+00:00,0,1348913945
3922819697,65743991,2012-09-29 10:19:05.187000+00:00,0,1348913945
3922819697,230117918,2012-09-29 10:19:05.187000+00:00,0,1348913945
3922819697,1996883919,2012-09-29 10:19:05.187000+00:00,0,1348913945
3480044787,2747347526,2012-09-29 11:05:34.478000+00:00,0,1348916734
3480044787,848304112,2012-09-29 11:05:34.478000+00:00,0,1348916734
3480044787,1373783311,2012-09-29 11:05:34.478000+00:00,0,1348916734
3480044787,1555104795,2012-09-29 11:05:34.478000+00:00,1,1348916734
3480044787,764214719,2012-09-29 11:05:34.478000+00:00,0,1348916734
3480044787,229252687,2012-09-29 11:05:34.478000+00:00,0,1348916734
2416484731,2626540872,2012-09-29 13:33:46.977000+00:00,1,1348925626
2416484731,476887385,2012-09-29 13:33:46.977000+00:00,0,1348925626
2416484731,2218325768,2012-09-29 13:33:46.977000+00:00,0,1348925626
2416484731,3458190779,2012-09-29 13:33:46.977000+00:00,0,1348925626
2416484731,1205670273,2012-09-29 13:33:46.977000+00:00,0,1348925626
2416484731,705007381,2012-09-29 13:33:46.977000+00:00,0,1348925626
2416484731,2368083210,2012-09-29 13:34:02.069000+00:00,1,1348925642
1169783448,1205670273,2012-09-29 15:11:56.849000+00:00,1,1348931516
1169783448,929396784,2012-09-29 15:11:56.849000+00:00,0,1348931516
1169783448,2811328031,2012-09-29 15:11:56.849000+00:00,0,1348931516
1169783448,3526449172,2012-09-29 15:11:56.849000+00:00,0,1348931516
1169783448,4029527069,2012-09-29 15:11:56.849000+00:00,0,1348931516
1169783448,2422058249,2012-09-29 15:11:56.849000+00:00,0,1348931516
1295003824,3208370431,2012-09-29 17:17:26.698000+00:00,0,1348939046
1295003824,857040921,2012-09-29 17:17:26.698000+00:00,0,1348939046
1295003824,3972241879,2012-09-29 17:17:26.698000+00:00,0,1348939046
1295003824,3824191134,2012-09-29 17:17:26.698000+00:00,0,1348939046
1295003824,1670109616,2012-09-29 17:17:26.698000+00:00,0,1348939046
1295003824,3761092488,2012-09-29 17:17:26.698000+00:00,1,1348939046
809834239,719337372,2012-09-29 19:30:48.203000+00:00,0,1348947048
809834239,230117918,2012-09-29 19:30:48.203000+00:00,0,1348947048
809834239,1527128646,2012-09-29 19:30:48.203000+00:00,1,1348947048
809834239,1092072561,2012-09-29 19:30:48.203000+00:00,0,1348947048
809834239,1935724864,2012-09-29 19:30:48.203000+00:00,0,1348947048
809834239,221202458,2012-09-29 19:30:48.203000+00:00,0,1348947048
809834239,1205670273,2012-09-29 19:30:49.726000+00:00,1,1348947049
576776993,1635258225,2012-09-29 19:31:33.460000+00:00,0,1348947093
576776993,3874696273,2012-09-29 19:31:48.179000+00:00,1,1348947108
576776993,1945950450,2012-09-29 19:31:48.179000+00:00,0,1348947108
576776993,1700190474,2012-09-29 19:31:48.179000+00:00,0,1348947108
576776993,3614645299,2012-09-29 19:31:48.179000+00:00,0,1348947108
576776993,650289472,2012-09-29 19:31:48.179000+00:00,0,1348947108
576776993,3047905054,2012-09-29 19:31:48.179000+00:00,0,1348947108
576776993,1204268586,2012-09-29 19:31:50.264000+00:00,1,1348947110
576776993,1241297311,2012-09-29 19:32:33.191000+00:00,0,1348947153
576776993,3417435200,2012-09-29 19:33:01.346000+00:00,1,1348947181
1025593498,741577656,2012-09-29 20:15:16.336000+00:00,0,1348949716
1025593498,3699376073,2012-09-29 20:15:16.336000+00:00,0,1348949716
1025593498,3286516126,2012-09-29 20:15:16.336000+00:00,0,1348949716
1025593498,3110219871,2012-09-29 20:15:16.336000+00:00,0,1348949716
1025593498,3965376459,2012-09-29 20:15:16.336000+00:00,1,1348949716
2796038131,680476316,2012-09-29 21:16:40.093000+00:00,0,1348953400
2796038131,3761092488,2012-09-29 21:16:40.093000+00:00,1,1348953400
2796038131,2073301649,2012-09-29 21:16:40.093000+00:00,0,1348953400
2796038131,4203571618,2012-09-29 21:16:40.093000+00:00,0,1348953400
2796038131,2904863529,2012-09-29 21:16:40.093000+00:00,0,1348953400
2796038131,4063572110,2012-09-29 21:16:40.093000+00:00,0,1348953400
3009580143,3919218328,2012-09-29 21:31:37.173000+00:00,1,1348954297
3009580143,1627031750,2012-09-29 21:31:37.173000+00:00,0,1348954297
3009580143,3347988500,2012-09-29 21:31:37.173000+00:00,0,1348954297
3009580143,1532429458,2012-09-29 21:31:37.173000+00:00,0,1348954297
3009580143,1215834685,2012-09-29 21:31:37.173000+00:00,0,1348954297
3009580143,3003229843,2012-09-29 21:31:37.173000+00:00,0,1348954297
3009580143,2563334043,2012-09-29 21:31:43.250000+00:00,1,1348954303
3009580143,3662375994,2012-09-29 21:31:50.856000+00:00,1,1348954310
3009580143,2922291236,2012-09-29 21:32:18.552000+00:00,1,1348954338
3466521212,3986539073,2012-09-29 23:35:37.317000+00:00,0,1348961737
3466521212,4282579193,2012-09-29 23:35:37.317000+00:00,0,1348961737
3466521212,769827874,2012-09-29 23:35:37.317000+00:00,1,1348961737
3466521212,1805069684,2012-09-29 23:35:37.317000+00:00,0,1348961737
3466521212,649996922,2012-09-29 23:35:37.317000+00:00,0,1348961737
3466521212,237626647,2012-09-29 23:35:37.317000+00:00,0,1348961737
649114603,3544663643,2012-09-29 23:57:56.534000+00:00,0,1348963076
649114603,2476460170,2012-09-29 23:57:56.534000+00:00,1,1348963076
649114603,3031305638,2012-09-29 23:57:56.534000+00:00,0,1348963076
649114603,3345209952,2012-09-29 23:57:56.534000+00:00,0,1348963076
649114603,1940779926,2012-09-29 23:57:56.534000+00:00,0,1348963076
649114603,1970721704,2012-09-29 23:57:56.534000+00:00,0,1348963076
1747091728,2131379889,2012-09-30 03:27:19.152000+00:00,0,1348975639
1747091728,3022311573,2012-09-30 03:27:19.152000+00:00,0,1348975639
1747091728,1205670273,2012-09-30 03:27:19.152000+00:00,1,1348975639
1747091728,10514104,2012-09-30 03:27:19.152000+00:00,0,1348975639
1747091728,1935724864,2012-09-30 03:27:19.152000+00:00,0,1348975639
1747091728,2541197996,2012-09-30 03:27:19.152000+00:00,0,1348975639
786776836,4203571618,2012-09-30 03:58:28.137000+00:00,0,1348977508
786776836,3254991059,2012-09-30 03:58:28.137000+00:00,0,1348977508
786776836,1205670273,2012-09-30 03:58:28.137000+00:00,0,1348977508
786776836,221202458,2012-09-30 03:58:28.137000+00:00,0,1348977508
786776836,681990144,2012-09-30 03:58:28.137000+00:00,1,1348977508
786776836,3985328273,2012-09-30 03:58:28.137000+00:00,0,1348977508
786776836,3830416827,2012-09-30 03:58:32.954000+00:00,1,1348977512
1107746429,1820821749,2012-09-30 05:22:13.009000+00:00,0,1348982533
1107746429,1370824124,2012-09-30 05:22:13.009000+00:00,1,1348982533
1107746429,52246840,2012-09-30 05:22:13.009000+00:00,0,1348982533
1107746429,1063772489,2012-09-30 05:22:13.009000+00:00,0,1348982533
1107746429,1698967520,2012-09-30 05:22:13.009000+00:00,0,1348982533
1107746429,1205670273,2012-09-30 05:22:14.032000+00:00,1,1348982534
3833491880,2873249283,2012-09-30 05:37:53.822000+00:00,0,1348983473
3833491880,1370824124,2012-09-30 05:37:53.822000+00:00,1,1348983473
3833491880,994276872,2012-09-30 05:37:53.822000+00:00,0,1348983473
3833491880,3648914854,2012-09-30 05:37:53.822000+00:00,0,1348983473
3833491880,1110543265,2012-09-30 05:37:53.822000+00:00,0,1348983473
3833491880,2793561755,2012-09-30 05:37:53.822000+00:00,0,1348983473
2975026524,877945383,2012-09-30 06:12:48.199000+00:00,0,1348985568
2975026524,3216854901,2012-09-30 06:12:48.199000+00:00,1,1348985568
2975026524,1002911800,2012-09-30 06:12:48.199000+00:00,0,1348985568
2975026524,180119033,2012-09-30 06:12:48.199000+00:00,0,1348985568
2975026524,3106649251,2012-09-30 06:12:48.199000+00:00,0,1348985568
2975026524,3708625220,2012-09-30 06:12:48.199000+00:00,0,1348985568
1857390350,3221268576,2012-09-30 07:52:28.520000+00:00,0,1348991548
1857390350,1205670273,2012-09-30 07:52:28.520000+00:00,1,1348991548
1857390350,2904491741,2012-09-30 07:52:28.520000+00:00,0,1348991548
1857390350,45687644,2012-09-30 07:52:28.520000+00:00,0,1348991548
1857390350,3610629096,2012-09-30 07:52:28.520000+00:00,0,1348991548
1857390350,317758728,2012-09-30 07:52:28.520000+00:00,0,1348991548
1857390350,1635880727,2012-09-30 07:52:39.128000+00:00,1,1348991559
1857390350,719337372,2012-09-30 07:52:44.672000+00:00,1,1348991564
4133514703,827682864,2012-09-30 07:53:44.709000+00:00,1,1348991624
4133514703,2468336372,2012-09-30 07:53:44.709000+00:00,0,1348991624
4133514703,1558625743,2012-09-30 07:53:44.709000+00:00,0,1348991624
4133514703,719337372,2012-09-30 07:53:44.709000+00:00,0,1348991624
3709066919,2094952127,2012-09-30 09:05:03.316000+00:00,0,1348995903
3709066919,4057770067,2012-09-30 09:05:03.316000+00:00,0,1348995903
3709066919,3535435812,2012-09-30 09:05:03.316000+00:00,0,1348995903
3709066919,3612574786,2012-09-30 09:05:03.316000+00:00,0,1348995903
3709066919,3802870894,2012-09-30 09:05:03.316000+00:00,1,1348995903
3709066919,2373204206,2012-09-30 09:05:03.316000+00:00,0,1348995903
3709066919,1549252317,2012-09-30 09:05:10.391000+00:00,1,1348995910
3709066919,2507275690,2012-09-30 09:05:28.030000+00:00,1,1348995928
2415400273,719337372,2012-09-30 10:48:16.305000+00:00,0,1349002096
2415400273,4176400762,2012-09-30 10:48:16.305000+00:00,0,1349002096
2415400273,712766233,2012-09-30 10:48:16.305000+00:00,0,1349002096
2415400273,1641491432,2012-09-30 10:48:16.305000+00:00,0,1349002096
2415400273,600647841,2012-09-30 10:48:16.305000+00:00,0,1349002096
2415400273,1205670273,2012-09-30 10:48:16.305000+00:00,1,1349002096
3622262372,1205670273,2012-09-30 10:58:35.425000+00:00,0,1349002715
3622262372,2717718620,2012-09-30 11:00:21.174000+00:00,0,1349002821
3622262372,2279381833,2012-09-30 11:00:21.174000+00:00,0,1349002821
3622262372,52246840,2012-09-30 11:00:21.174000+00:00,0,1349002821
3622262372,719337372,2012-09-30 11:00:21.174000+00:00,1,1349002821
3622262372,2224313777,2012-09-30 11:00:21.174000+00:00,0,1349002821
3622262372,3428512583,2012-09-30 11:00:21.174000+00:00,0,1349002821
3723896394,2583766647,2012-09-30 12:13:26.999000+00:00,0,1349007206
3723896394,1798745078,2012-09-30 12:13:26.999000+00:00,0,1349007206
3723896394,1205670273,2012-09-30 12:13:26.999000+00:00,1,1349007206
3723896394,1238533876,2012-09-30 12:13:26.999000+00:00,0,1349007206
1949443459,746576079,2012-09-30 12:58:57.199000+00:00,0,1349009937
1949443459,3179355340,2012-09-30 12:58:57.199000+00:00,0,1349009937
1949443459,2922265580,2012-09-30 12:58:57.199000+00:00,0,1349009937
1949443459,1205670273,2012-09-30 12:58:57.199000+00:00,1,1349009937
1949443459,1845894044,2012-09-30 12:58:57.199000+00:00,0,1349009937
1949443459,2187417502,2012-09-30 12:58:57.199000+00:00,0,1349009937
2489551967,2324717272,2012-09-30 13:09:59.982000+00:00,1,1349010599
2489551967,1641491432,2012-09-30 13:09:59.982000+00:00,0,1349010599
2489551967,520657921,2012-09-30 13:09:59.982000+00:00,0,1349010599
2489551967,3888016816,2012-09-30 13:09:59.982000+00:00,0,1349010599
2489551967,233057146,2012-09-30 13:09:59.982000+00:00,0,1349010599
1302145719,2418966752,2012-09-30 13:31:33.569000+00:00,0,1349011893
1302145719,1502284248,2012-09-30 13:31:33.569000+00:00,0,1349011893
1302145719,970593998,2012-09-30 13:31:33.569000+00:00,0,1349011893
1302145719,2793561755,2012-09-30 13:31:33.569000+00:00,0,1349011893
1302145719,1205670273,2012-09-30 13:31:33.569000+00:00,1,1349011893
1302145719,719337372,2012-09-30 13:31:33.569000+00:00,0,1349011893
341641838,3582418533,2012-09-30 13:49:22.449000+00:00,0,1349012962
341641838,620931168,2012-09-30 13:49:22.449000+00:00,0,1349012962
341641838,2539026679,2012-09-30 13:49:22.449000+00:00,1,1349012962
341641838,1092072561,2012-09-30 13:49:22.449000+00:00,0,1349012962
341641838,650456731,2012-09-30 13:49:22.449000+00:00,0,1349012962
341641838,540727848,2012-09-30 13:49:22.449000+00:00,0,1349012962
92410554,4093857686,2012-09-30 13:54:45.204000+00:00,0,1349013285
92410554,3602808603,2012-09-30 13:54:45.204000+00:00,0,1349013285
92410554,2338976654,2012-09-30 13:54:45.204000+00:00,0,1349013285
92410554,714391510,2012-09-30 13:54:45.204000+00:00,1,1349013285
792037916,2112694342,2012-09-30 14:25:05.215000+00:00,0,1349015105
792037916,1205670273,2012-09-30 14:25:05.215000+00:00,0,1349015105
792037916,2221417081,2012-09-30 14:25:05.215000+00:00,0,1349015105
792037916,2279381833,2012-09-30 14:25:05.215000+00:00,1,1349015105
792037916,3678607925,2012-09-30 14:25:05.215000+00:00,0,1349015105
792037916,3523215136,2012-09-30 14:25:05.215000+00:00,0,1349015105
792037916,3875231517,2012-09-30 14:25:07.238000+00:00,1,1349015107
792037916,3830416827,2012-09-30 14:25:09.266000+00:00,1,1349015109
677234912,991427858,2012-09-30 17:36:11.695000+00:00,1,1349026571
677234912,1593628994,2012-09-30 17:36:11.695000+00:00,0,1349026571
677234912,2324438453,2012-09-30 17:36:11.695000+00:00,0,1349026571
677234912,4157898359,2012-09-30 17:36:11.695000+00:00,0,1349026571
677234912,351209994,2012-09-30 17:36:11.695000+00:00,0,1349026571
677234912,935448568,2012-09-30 17:36:11.695000+00:00,0,1349026571
677234912,3467326245,2012-09-30 17:37:08.767000+00:00,0,1349026628
33966018,654190097,2012-09-30 18:43:47.094000+00:00,0,1349030627
33966018,1452693270,2012-09-30 18:43:47.094000+00:00,0,1349030627
33966018,2608593001,2012-09-30 18:43:47.094000+00:00,1,1349030627
33966018,4182465191,2012-09-30 18:43:47.094000+00:00,0,1349030627
33966018,1166537634,2012-09-30 18:43:47.094000+00:00,0,1349030627
33966018,1930060947,2012-09-30 18:43:47.094000+00:00,0,1349030627
3333431092,305513883,2012-09-30 19:22:10.869000+00:00,0,1349032930
3333431092,2002192497,2012-09-30 19:22:10.869000+00:00,1,1349032930
3333431092,2607590492,2012-09-30 19:22:10.869000+00:00,0,1349032930
3333431092,916084606,2012-09-30 19:22:10.869000+00:00,0,1349032930
3333431092,2411782898,2012-09-30 19:22:10.869000+00:00,0,1349032930
3333431092,859015855,2012-09-30 19:22:10.869000+00:00,0,1349032930
335269852,1527128646,2012-09-30 21:52:29.390000+00:00,0,1349041949
335269852,1641491432,2012-09-30 21:52:29.390000+00:00,0,1349041949
335269852,2763790767,2012-09-30 21:52:29.390000+00:00,0,1349041949
335269852,221202458,2012-09-30 21:52:29.390000+00:00,0,1349041949
335269852,3972241879,2012-09-30 21:52:29.390000+00:00,1,1349041949
335269852,3314895954,2012-09-30 21:52:29.390000+00:00,0,1349041949
335269852,1205670273,2012-09-30 21:52:32.482000+00:00,1,1349041952
3147626282,2456710844,2012-10-01 01:08:17.940000+00:00,0,1349053697
3147626282,866120598,2012-10-01 01:08:17.940000+00:00,0,1349053697
3147626282,96208546,2012-10-01 01:08:17.940000+00:00,1,1349053697
3147626282,2121861951,2012-10-01 01:08:17.940000+00:00,0,1349053697
3147626282,1027412797,2012-10-01 01:08:17.940000+00:00,0,1349053697
3147626282,2847152365,2012-10-01 01:08:17.940000+00:00,0,1349053697
544449933,2529072432,2012-10-01 01:43:18.723000+00:00,1,1349055798
544449933,3787160036,2012-10-01 01:43:18.723000+00:00,0,1349055798
544449933,3610629096,2012-10-01 01:43:18.723000+00:00,0,1349055798
544449933,2193311387,2012-10-01 01:43:18.723000+00:00,0,1349055798
544449933,3949287071,2012-10-01 01:43:18.723000+00:00,0,1349055798
3198504537,1784350323,2012-10-01 02:01:32.026000+00:00,0,1349056892
3198504537,4283791779,2012-10-01 02:01:32.026000+00:00,1,1349056892
3198504537,2529072432,2012-10-01 02:01:32.026000+00:00,0,1349056892
3198504537,705007381,2012-10-01 02:01:32.026000+00:00,0,1349056892
3198504537,719337372,2012-10-01 02:01:32.026000+00:00,0,1349056892
3198504537,1641491432,2012-10-01 02:01:32.026000+00:00,0,1349056892
3198504537,3830416827,2012-10-01 02:01:34.054000+00:00,1,1349056894
3986193980,719337372,2012-10-01 02:19:41.322000+00:00,1,1349057981
3986193980,2726845254,2012-10-01 02:19:41.322000+00:00,0,1349057981
3986193980,955398943,2012-10-01 02:19:41.322000+00:00,0,1349057981
3986193980,3314895954,2012-10-01 02:19:41.322000+00:00,0,1349057981
3986193980,221202458,2012-10-01 02:19:41.322000+00:00,0,1349057981
3986193980,3735101795,2012-10-01 02:19:41.322000+00:00,0,1349057981
3986193980,2529072432,2012-10-01 02:19:43.371000+00:00,1,1349057983
3318646261,1810772954,2012-10-01 02:21:42.051000+00:00,0,1349058102
3318646261,2712999658,2012-10-01 02:21:42.051000+00:00,0,1349058102
3318646261,1727806427,2012-10-01 02:21:42.051000+00:00,0,1349058102
3318646261,719337372,2012-10-01 02:21:42.051000+00:00,1,1349058102
3318646261,955398943,2012-10-01 02:21:42.051000+00:00,0,1349058102
3318646261,1641491432,2012-10-01 02:21:42.051000+00:00,0,1349058102
3318646261,2529072432,2012-10-01 02:21:44.579000+00:00,1,1349058104
3986193980,3315486330,2012-10-01 02:21:49.635000+00:00,1,1349058109
3318646261,1784350323,2012-10-01 02:21:55.703000+00:00,1,1349058115
1058920791,374730154,2012-10-01 02:34:06.794000+00:00,0,1349058846
1058920791,1671772898,2012-10-01 02:34:06.794000+00:00,0,1349058846
1058920791,3817357694,2012-10-01 02:34:06.794000+00:00,0,1349058846
1058920791,3353891431,2012-10-01 02:34:06.794000+00:00,1,1349058846
1058920791,1270918313,2012-10-01 02:34:06.794000+00:00,0,1349058846
1058920791,3579582899,2012-10-01 02:34:06.794000+00:00,0,1349058846
828445240,3633693318,2012-10-01 02:45:39.577000+00:00,0,1349059539
828445240,1876951633,2012-10-01 02:45:39.577000+00:00,1,1349059539
828445240,322679569,2012-10-01 02:45:39.577000+00:00,0,1349059539
828445240,1017435233,2012-10-01 02:45:39.577000+00:00,0,1349059539
828445240,3626062159,2012-10-01 02:45:39.577000+00:00,0,1349059539
828445240,3359524298,2012-10-01 02:45:39.577000+00:00,0,1349059539
589199943,955398943,2012-10-01 03:06:37.066000+00:00,0,1349060797
589199943,1367504809,2012-10-01 03:06:37.066000+00:00,0,1349060797
589199943,719337372,2012-10-01 03:06:37.066000+00:00,1,1349060797
589199943,1804104579,2012-10-01 03:06:37.066000+00:00,0,1349060797
589199943,2529072432,2012-10-01 03:06:37.066000+00:00,0,1349060797
589199943,1333696176,2012-10-01 03:06:37.066000+00:00,0,1349060797
2949537983,4201565639,2012-10-01 04:20:23.938000+00:00,0,1349065223
2949537983,3142974007,2012-10-01 04:20:23.938000+00:00,0,1349065223
2949537983,487242141,2012-10-01 04:20:23.938000+00:00,1,1349065223
2949537983,3868070839,2012-10-01 04:20:23.938000+00:00,0,1349065223
2949537983,1133639860,2012-10-01 04:20:23.938000+00:00,0,1349065223
2949537983,4225990826,2012-10-01 04:20:23.938000+00:00,0,1349065223
1906220044,4117690418,2012-10-01 05:08:48.533000+00:00,0,1349068128
1906220044,1527128646,2012-10-01 05:08:48.533000+00:00,0,1349068128
1906220044,714391510,2012-10-01 05:08:48.533000+00:00,1,1349068128
1906220044,3133239997,2012-10-01 05:08:48.533000+00:00,0,1349068128
1906220044,4129687445,2012-10-01 05:08:48.533000+00:00,0,1349068128
1906220044,1918771225,2012-10-01 05:08:48.533000+00:00,0,1349068128
1906220044,2529072432,2012-10-01 05:08:50.561000+00:00,1,1349068130
825875823,1706271997,2012-10-01 05:14:17.096000+00:00,0,1349068457
825875823,221202458,2012-10-01 05:14:17.096000+00:00,1,1349068457
825875823,2529072432,2012-10-01 05:14:17.096000+00:00,0,1349068457
825875823,955398943,2012-10-01 05:14:17.096000+00:00,0,1349068457
825875823,425733994,2012-10-01 05:14:17.096000+00:00,0,1349068457
825875823,3618436742,2012-10-01 05:14:17.096000+00:00,0,1349068457
825875823,807481523,2012-10-01 05:14:21.338000+00:00,1,1349068461
1304321680,2529072432,2012-10-01 05:46:28.390000+00:00,1,1349070388
1304321680,3980859647,2012-10-01 05:46:28.390000+00:00,0,1349070388
1304321680,955398943,2012-10-01 05:46:28.390000+00:00,0,1349070388
1304321680,2373204206,2012-10-01 05:46:28.390000+00:00,0,1349070388
1304321680,1238533876,2012-10-01 05:46:28.390000+00:00,0,1349070388
1304321680,3980181155,2012-10-01 05:46:28.390000+00:00,0,1349070388
1849546291,1641491432,2012-10-01 05:52:27.541000+00:00,0,1349070747
1849546291,955398943,2012-10-01 05:52:27.541000+00:00,0,1349070747
1849546291,719337372,2012-10-01 05:52:27.541000+00:00,0,1349070747
1849546291,1635880727,2012-10-01 05:52:27.541000+00:00,1,1349070747
1849546291,1600413013,2012-10-01 05:52:27.541000+00:00,0,1349070747
1849546291,1784350323,2012-10-01 05:52:27.541000+00:00,0,1349070747
1849546291,2529072432,2012-10-01 05:56:43.576000+00:00,1,1349071003
1849546291,1790004322,2012-10-01 05:56:57.171000+00:00,1,1349071017
3934266336,719337372,2012-10-01 06:01:23.634000+00:00,1,1349071283
3934266336,1641491432,2012-10-01 06:01:23.634000+00:00,0,1349071283
3934266336,1421349430,2012-10-01 06:01:23.634000+00:00,0,1349071283
3934266336,2338976654,2012-10-01 06:01:23.634000+00:00,0,1349071283
3934266336,955398943,2012-10-01 06:01:23.634000+00:00,0,1349071283
3934266336,519339673,2012-10-01 06:01:23.634000+00:00,0,1349071283
3934266336,1600413013,2012-10-01 06:01:24.657000+00:00,1,1349071284
3934266336,2529072432,2012-10-01 06:01:27.184000+00:00,1,1349071287
3891396601,955398943,2012-10-01 06:30:05.873000+00:00,0,1349073005
3891396601,1936167908,2012-10-01 06:30:05.873000+00:00,0,1349073005
3891396601,3254991059,2012-10-01 06:30:05.873000+00:00,1,1349073005
3891396601,1600413013,2012-10-01 06:30:05.873000+00:00,0,1349073005
3891396601,2637354369,2012-10-01 06:30:05.873000+00:00,0,1349073005
3891396601,2529072432,2012-10-01 06:30:05.873000+00:00,0,1349073005
1540524189,2528682460,2012-10-01 07:24:43.950000+00:00,0,1349076283
1540524189,2529072432,2012-10-01 07:24:43.950000+00:00,1,1349076283
1540524189,2630611106,2012-10-01 07:24:43.950000+00:00,0,1349076283
1540524189,955398943,2012-10-01 07:24:43.950000+00:00,0,1349076283
1540524189,2235572693,2012-10-01 07:24:43.950000+00:00,0,1349076283
1540524189,1600413013,2012-10-01 07:24:43.950000+00:00,0,1349076283
826927178,955398943,2012-10-01 08:01:48.485000+00:00,0,1349078508
826927178,1110543265,2012-10-01 08:01:48.485000+00:00,0,1349078508
826927178,2373204206,2012-10-01 08:01:48.485000+00:00,0,1349078508
826927178,1371024414,2012-10-01 08:01:48.485000+00:00,0,1349078508
826927178,1600413013,2012-10-01 08:01:48.510000+00:00,1,1349078508
826927178,2529072432,2012-10-01 08:01:48.485000+00:00,1,1349078508
826927178,3648914854,2012-10-01 08:02:02.175000+00:00,1,1349078522
826927178,221202458,2012-10-01 08:02:06.251000+00:00,1,1349078526
826927178,1689486051,2012-10-01 08:02:09.405000+00:00,1,1349078529
826927178,1517488130,2012-10-01 08:02:09.421000+00:00,1,1349078529
263599897,1641491432,2012-10-01 08:45:14.779000+00:00,0,1349081114
263599897,719337372,2012-10-01 08:45:14.779000+00:00,1,1349081114
263599897,844299203,2012-10-01 08:45:14.779000+00:00,0,1349081114
263599897,2422863370,2012-10-01 08:45:14.779000+00:00,0,1349081114
263599897,1439846975,2012-10-01 08:45:14.779000+00:00,0,1349081114
263599897,1206554126,2012-10-01 08:45:14.779000+00:00,0,1349081114
3953979752,719337372,2012-10-01 09:19:47.907000+00:00,1,1349083187
3953979752,1352928000,2012-10-01 09:19:47.907000+00:00,0,1349083187
3953979752,2529072432,2012-10-01 09:19:47.907000+00:00,0,1349083187
3953979752,955398943,2012-10-01 09:19:47.907000+00:00,0,1349083187
3953979752,1641491432,2012-10-01 09:19:47.907000+00:00,0,1349083187
3953979752,3855266116,2012-10-01 09:19:47.907000+00:00,0,1349083187
2187324082,1345381188,2012-10-01 09:37:11.914000+00:00,0,1349084231
2187324082,1092072561,2012-10-01 09:37:11.914000+00:00,0,1349084231
2187324082,1600413013,2012-10-01 09:37:11.914000+00:00,1,1349084231
2187324082,955398943,2012-10-01 09:37:11.914000+00:00,0,1349084231
2187324082,2529072432,2012-10-01 09:37:11.914000+00:00,0,1349084231
2187324082,3254991059,2012-10-01 09:37:11.914000+00:00,0,1349084231
1959500556,3728680617,2012-10-01 09:37:35.044000+00:00,0,1349084255
1959500556,1530169810,2012-10-01 09:37:35.044000+00:00,0,1349084255
1959500556,2529072432,2012-10-01 09:37:35.044000+00:00,1,1349084255
1959500556,955398943,2012-10-01 09:37:35.044000+00:00,0,1349084255
1959500556,1641491432,2012-10-01 09:37:35.044000+00:00,0,1349084255
1959500556,844299203,2012-10-01 09:37:35.044000+00:00,0,1349084255
1959500556,1600413013,2012-10-01 09:42:06.930000+00:00,1,1349084526
2711982636,3612574786,2012-10-01 10:06:18.667000+00:00,0,1349085978
2711982636,2067766968,2012-10-01 10:06:18.667000+00:00,0,1349085978
2711982636,1439846975,2012-10-01 10:06:18.667000+00:00,0,1349085978
2711982636,955398943,2012-10-01 10:06:18.667000+00:00,0,1349085978
2711982636,1352928000,2012-10-01 10:06:18.667000+00:00,0,1349085978
2711982636,719337372,2012-10-01 10:06:18.667000+00:00,1,1349085978
2711982636,2529072432,2012-10-01 10:06:23.222000+00:00,1,1349085983
1420338074,3488186117,2012-10-01 10:40:15.463000+00:00,0,1349088015
1420338074,955398943,2012-10-01 10:40:15.463000+00:00,0,1349088015
1420338074,3612574786,2012-10-01 10:40:15.463000+00:00,0,1349088015
1420338074,719337372,2012-10-01 10:40:15.463000+00:00,0,1349088015
1420338074,2529072432,2012-10-01 10:40:15.463000+00:00,1,1349088015
1420338074,1600413013,2012-10-01 10:40:15.463000+00:00,0,1349088015
70585535,751127724,2012-10-01 10:48:53.967000+00:00,0,1349088533
70585535,1566556513,2012-10-01 10:48:53.967000+00:00,1,1349088533
70585535,3486313858,2012-10-01 10:48:53.967000+00:00,0,1349088533
70585535,4071218196,2012-10-01 10:48:53.967000+00:00,0,1349088533
70585535,2311487058,2012-10-01 10:48:53.967000+00:00,0,1349088533
70585535,1091130052,2012-10-01 10:48:53.967000+00:00,0,1349088533
2884249863,1274017391,2012-10-01 10:49:20.075000+00:00,0,1349088560
2884249863,1110543265,2012-10-01 10:49:20.075000+00:00,0,1349088560
2884249863,221202458,2012-10-01 10:49:20.075000+00:00,0,1349088560
2884249863,3735101795,2012-10-01 10:49:20.075000+00:00,0,1349088560
2884249863,2529072432,2012-10-01 10:49:20.075000+00:00,1,1349088560
2884249863,955398943,2012-10-01 10:49:20.075000+00:00,0,1349088560
2884249863,268203907,2012-10-01 10:49:21.598000+00:00,1,1349088561
3723896394,1600413013,2012-10-01 12:19:22.728000+00:00,1,1349093962
3723896394,844299203,2012-10-01 12:19:22.728000+00:00,0,1349093962
3723896394,955398943,2012-10-01 12:19:22.728000+00:00,0,1349093962
3723896394,1798745078,2012-10-01 12:19:22.728000+00:00,0,1349093962
3723896394,2261785694,2012-10-01 12:19:22.728000+00:00,0,1349093962
3723896394,1183195459,2012-10-01 12:19:22.728000+00:00,0,1349093962
3723896394,2529072432,2012-10-01 12:19:28.812000+00:00,1,1349093968
3723896394,719337372,2012-10-01 12:19:30.890000+00:00,1,1349093970
2501052021,221202458,2012-10-01 13:01:21.018000+00:00,0,1349096481
2501052021,322679569,2012-10-01 13:01:21.018000+00:00,0,1349096481
2501052021,3291858715,2012-10-01 13:01:21.018000+00:00,0,1349096481
2501052021,1845894044,2012-10-01 13:01:21.018000+00:00,1,1349096481
568409249,2529072432,2012-10-01 13:03:57.877000+00:00,0,1349096637
568409249,52246840,2012-10-01 13:03:57.877000+00:00,0,1349096637
568409249,955398943,2012-10-01 13:03:57.877000+00:00,0,1349096637
568409249,1600413013,2012-10-01 13:03:57.877000+00:00,1,1349096637
568409249,221202458,2012-10-01 13:03:57.877000+00:00,0,1349096637
568409249,705007381,2012-10-01 13:03:57.877000+00:00,0,1349096637
3043278753,2529072432,2012-10-01 13:28:15.274000+00:00,1,1349098095
3043278753,955398943,2012-10-01 13:28:15.274000+00:00,0,1349098095
3043278753,221202458,2012-10-01 13:28:15.274000+00:00,0,1349098095
3043278753,1242409753,2012-10-01 13:28:15.274000+00:00,0,1349098095
3043278753,1641491432,2012-10-01 13:28:15.274000+00:00,0,1349098095
3043278753,1969993396,2012-10-01 13:28:15.274000+00:00,0,1349098095
3043278753,719337372,2012-10-01 13:28:17.826000+00:00,1,1349098097
3930161610,705007381,2012-10-01 13:38:50.805000+00:00,1,1349098730
3930161610,1517488130,2012-10-01 13:38:50.785000+00:00,1,1349098730
3930161610,2529072432,2012-10-01 13:38:50.743000+00:00,1,1349098730
3930161610,3315486330,2012-10-01 13:38:50.743000+00:00,0,1349098730
3930161610,844299203,2012-10-01 13:38:50.771000+00:00,1,1349098730
3930161610,3942891975,2012-10-01 13:38:50.743000+00:00,0,1349098730
3930161610,3701581814,2012-10-01 13:38:50.818000+00:00,1,1349098730
3930161610,2763790767,2012-10-01 13:38:50.743000+00:00,0,1349098730
3930161610,4200394007,2012-10-01 13:38:50.743000+00:00,0,1349098730
3930161610,1797828094,2012-10-01 13:38:50.743000+00:00,0,1349098730
20041353,25669535,2012-10-01 13:48:05.535000+00:00,0,1349099285
20041353,813808366,2012-10-01 13:48:05.535000+00:00,1,1349099285
20041353,2373204206,2012-10-01 13:48:05.535000+00:00,0,1349099285
20041353,185968523,2012-10-01 13:48:05.535000+00:00,0,1349099285
20041353,4108853194,2012-10-01 13:48:05.535000+00:00,0,1349099285
20041353,2412834294,2012-10-01 13:48:05.535000+00:00,0,1349099285
3946163681,2717718620,2012-10-01 14:53:05.848000+00:00,0,1349103185
3946163681,2529072432,2012-10-01 14:53:05.848000+00:00,1,1349103185
3946163681,1641491432,2012-10-01 14:53:05.848000+00:00,0,1349103185
3946163681,3295999782,2012-10-01 14:53:05.848000+00:00,0,1349103185
3946163681,719337372,2012-10-01 14:53:05.848000+00:00,0,1349103185
3946163681,955398943,2012-10-01 14:53:05.848000+00:00,0,1349103185
1346837558,1611318583,2012-10-01 15:25:47.955000+00:00,0,1349105147
1346837558,2658488871,2012-10-01 15:25:47.955000+00:00,1,1349105147
1346837558,3218200119,2012-10-01 15:25:47.955000+00:00,0,1349105147
1346837558,2112976085,2012-10-01 15:25:47.955000+00:00,0,1349105147
1346837558,2335614916,2012-10-01 15:25:47.955000+00:00,0,1349105147
203050907,844299203,2012-10-01 16:54:37.173000+00:00,0,1349110477
203050907,4100712234,2012-10-01 16:54:37.173000+00:00,0,1349110477
203050907,1517488130,2012-10-01 16:54:37.173000+00:00,0,1349110477
203050907,955398943,2012-10-01 16:54:37.173000+00:00,0,1349110477
203050907,705007381,2012-10-01 16:54:37.173000+00:00,0,1349110477
203050907,2763790767,2012-10-01 16:54:37.173000+00:00,1,1349110477
203050907,1797828094,2012-10-01 16:54:38.236000+00:00,1,1349110478
203050907,3315486330,2012-10-01 16:54:39.756000+00:00,1,1349110479
203050907,2529072432,2012-10-01 16:54:41.873000+00:00,1,1349110481
203050907,1610171038,2012-10-01 16:56:58.394000+00:00,1,1349110618
203050907,1699663431,2012-10-01 16:56:59.916000+00:00,1,1349110619
203050907,861118590,2012-10-01 16:57:00.422000+00:00,1,1349110620
203050907,2860418664,2012-10-01 16:57:01.453000+00:00,1,1349110621
3194014105,2529072432,2012-10-01 17:20:14.536000+00:00,1,1349112014
3194014105,3314895954,2012-10-01 17:20:14.536000+00:00,0,1349112014
3194014105,217595071,2012-10-01 17:20:14.536000+00:00,0,1349112014
3194014105,1502284248,2012-10-01 17:20:14.536000+00:00,0,1349112014
3194014105,1352928000,2012-10-01 17:20:14.536000+00:00,0,1349112014
3194014105,955398943,2012-10-01 17:20:14.536000+00:00,0,1349112014
158531231,1600413013,2012-10-01 17:39:33.313000+00:00,0,1349113173
158531231,955398943,2012-10-01 17:39:33.313000+00:00,0,1349113173
158531231,1641491432,2012-10-01 17:39:33.313000+00:00,0,1349113173
158531231,2763790767,2012-10-01 17:39:33.313000+00:00,1,1349113173
158531231,2529072432,2012-10-01 17:39:33.313000+00:00,0,1349113173
158531231,714391510,2012-10-01 17:39:33.313000+00:00,0,1349113173
158531231,719337372,2012-10-01 17:39:34.844000+00:00,1,1349113174
995603012,134372956,2012-10-01 21:58:15.091000+00:00,1,1349128695
995603012,1853482857,2012-10-01 21:58:15.091000+00:00,0,1349128695
995603012,3700950547,2012-10-01 21:58:15.091000+00:00,0,1349128695
995603012,1766992061,2012-10-01 21:58:15.091000+00:00,0,1349128695
995603012,1744782555,2012-10-01 21:58:15.091000+00:00,0,1349128695
995603012,1427394700,2012-10-01 21:58:15.091000+00:00,0,1349128695
959300591,2776357538,2012-10-02 00:26:28.996000+00:00,0,1349137588
959300591,1390707377,2012-10-02 00:26:28.996000+00:00,0,1349137588
959300591,3632072502,2012-10-02 00:26:28.996000+00:00,0,1349137588
959300591,3267347122,2012-10-02 00:26:28.996000+00:00,1,1349137588
895967408,3944956311,2012-10-02 00:29:34.019000+00:00,0,1349137774
895967408,3935774651,2012-10-02 00:29:34.019000+00:00,0,1349137774
895967408,3503639871,2012-10-02 00:29:34.019000+00:00,0,1349137774
895967408,3669510320,2012-10-02 00:29:34.019000+00:00,0,1349137774
895967408,401374646,2012-10-02 00:29:34.019000+00:00,0,1349137774
895967408,1010067902,2012-10-02 00:29:34.019000+00:00,1,1349137774
1304554072,1612892907,2012-10-02 00:49:34.400000+00:00,0,1349138974
1304554072,736433133,2012-10-02 00:49:34.400000+00:00,0,1349138974
1304554072,626198729,2012-10-02 00:49:34.400000+00:00,0,1349138974
1304554072,2415319492,2012-10-02 00:49:34.400000+00:00,1,1349138974
1304554072,2932999753,2012-10-02 00:49:34.400000+00:00,0,1349138974
1304554072,880064528,2012-10-02 00:49:34.400000+00:00,0,1349138974
1304554072,3045891165,2012-10-02 00:49:36.427000+00:00,1,1349138976
1122537977,1532377761,2012-10-02 00:56:13.404000+00:00,0,1349139373
1122537977,955398943,2012-10-02 00:56:13.404000+00:00,0,1349139373
1122537977,1177314523,2012-10-02 00:56:13.404000+00:00,1,1349139373
1122537977,2529072432,2012-10-02 00:56:13.404000+00:00,0,1349139373
1122537977,719337372,2012-10-02 00:56:13.404000+00:00,0,1349139373
1122537977,1390707377,2012-10-02 00:56:13.404000+00:00,0,1349139373
708262477,2529072432,2012-10-02 01:10:59.230000+00:00,0,1349140259
708262477,719337372,2012-10-02 01:10:59.230000+00:00,0,1349140259
708262477,1600413013,2012-10-02 01:10:59.230000+00:00,1,1349140259
708262477,2129505727,2012-10-02 01:10:59.230000+00:00,0,1349140259
708262477,1532377761,2012-10-02 01:10:59.230000+00:00,0,1349140259
708262477,1044854627,2012-10-02 01:10:59.230000+00:00,0,1349140259
708262477,955398943,2012-10-02 01:11:14.543000+00:00,1,1349140274
708262477,2142755647,2012-10-02 01:11:15.577000+00:00,1,1349140275
2495110802,3735101795,2012-10-02 01:29:45.020000+00:00,0,1349141385
2495110802,2529072432,2012-10-02 01:29:45.020000+00:00,1,1349141385
2495110802,1532377761,2012-10-02 01:29:45.020000+00:00,0,1349141385
2495110802,1390707377,2012-10-02 01:29:45.020000+00:00,0,1349141385
2495110802,3632072502,2012-10-02 01:29:45.020000+00:00,0,1349141385
2495110802,1044854627,2012-10-02 01:29:45.020000+00:00,0,1349141385
2495110802,955398943,2012-10-02 01:29:48.056000+00:00,1,1349141388
2495110802,1600413013,2012-10-02 01:29:49.154000+00:00,1,1349141389
2298623317,1532377761,2012-10-02 02:23:27.765000+00:00,0,1349144607
2298623317,2555143768,2012-10-02 02:23:27.765000+00:00,0,1349144607
2298623317,27733025,2012-10-02 02:23:27.765000+00:00,0,1349144607
2298623317,955398943,2012-10-02 02:23:27.765000+00:00,1,1349144607
2298623317,1517488130,2012-10-02 02:23:27.765000+00:00,0,1349144607
2298623317,719337372,2012-10-02 02:23:27.765000+00:00,0,1349144607
608372256,986099040,2012-10-02 03:15:06.313000+00:00,0,1349147706
608372256,2763790767,2012-10-02 03:15:06.313000+00:00,1,1349147706
608372256,264366149,2012-10-02 03:15:06.313000+00:00,0,1349147706
608372256,1532377761,2012-10-02 03:15:06.313000+00:00,0,1349147706
608372256,1390707377,2012-10-02 03:15:06.313000+00:00,0,1349147706
608372256,2529072432,2012-10-02 03:15:06.313000+00:00,0,1349147706
3511155378,1532377761,2012-10-02 03:38:03.073000+00:00,0,1349149083
3511155378,3612574786,2012-10-02 03:38:03.073000+00:00,0,1349149083
3511155378,3632072502,2012-10-02 03:38:03.073000+00:00,0,1349149083
3511155378,2529072432,2012-10-02 03:38:03.073000+00:00,1,1349149083
3511155378,1390707377,2012-10-02 03:38:03.073000+00:00,0,1349149083
3511155378,3300948291,2012-10-02 03:38:03.073000+00:00,0,1349149083
3511155378,955398943,2012-10-02 03:38:07.607000+00:00,1,1349149087
3843287866,2529072432,2012-10-02 04:29:18.111000+00:00,0,1349152158
3843287866,1390707377,2012-10-02 04:29:18.111000+00:00,0,1349152158
3843287866,153565237,2012-10-02 04:29:18.111000+00:00,1,1349152158
3843287866,955398943,2012-10-02 04:29:18.111000+00:00,0,1349152158
3843287866,3632072502,2012-10-02 04:29:18.111000+00:00,0,1349152158
3843287866,1532377761,2012-10-02 04:29:18.111000+00:00,0,1349152158
3843287866,1360334065,2012-10-02 04:33:49.708000+00:00,1,1349152429
3843287866,2776357538,2012-10-02 04:36:23.914000+00:00,1,1349152583
3843287866,667779361,2012-10-02 04:37:53.249000+00:00,1,1349152673
3210206992,301084021,2012-10-02 04:38:38.596000+00:00,0,1349152718
3210206992,2148387768,2012-10-02 04:39:49.599000+00:00,1,1349152789
3210206992,1679778495,2012-10-02 04:39:49.599000+00:00,0,1349152789
3210206992,1801583645,2012-10-02 04:39:49.599000+00:00,0,1349152789
3210206992,1855073958,2012-10-02 04:39:49.599000+00:00,0,1349152789
3210206992,1662125407,2012-10-02 04:39:49.599000+00:00,0,1349152789
3210206992,4031268561,2012-10-02 04:39:49.599000+00:00,0,1349152789
3843287866,4268654829,2012-10-02 04:42:16.716000+00:00,1,1349152936
3843287866,3565166403,2012-10-02 04:42:23.906000+00:00,1,1349152943
2803741841,3632072502,2012-10-02 04:58:27.704000+00:00,0,1349153907
2803741841,1832462541,2012-10-02 04:58:27.704000+00:00,1,1349153907
2803741841,955398943,2012-10-02 04:58:27.704000+00:00,0,1349153907
2803741841,1390707377,2012-10-02 04:58:27.704000+00:00,0,1349153907
2803741841,1044854627,2012-10-02 04:58:27.704000+00:00,0,1349153907
2803741841,1532377761,2012-10-02 04:58:27.704000+00:00,0,1349153907
2803741841,199858305,2012-10-02 04:58:43.802000+00:00,1,1349153923
2803741841,2776566965,2012-10-02 04:59:18.139000+00:00,1,1349153958
3436715440,2529072432,2012-10-02 05:17:15.126000+00:00,0,1349155035
3436715440,2291985041,2012-10-02 05:17:16.649000+00:00,0,1349155036
3436715440,1390707377,2012-10-02 05:17:16.649000+00:00,0,1349155036
3436715440,955398943,2012-10-02 05:17:16.649000+00:00,1,1349155036
3436715440,1532377761,2012-10-02 05:17:16.649000+00:00,0,1349155036
3436715440,1332759137,2012-10-02 05:17:16.649000+00:00,0,1349155036
3436715440,2922265580,2012-10-02 05:17:16.649000+00:00,0,1349155036
3436715440,268203907,2012-10-02 05:17:27.767000+00:00,1,1349155047
3348417635,955398943,2012-10-02 05:48:03.430000+00:00,1,1349156883
3348417635,1532377761,2012-10-02 05:48:03.430000+00:00,0,1349156883
3348417635,3632072502,2012-10-02 05:48:03.430000+00:00,0,1349156883
3348417635,2064297240,2012-10-02 05:48:03.430000+00:00,0,1349156883
3348417635,1390707377,2012-10-02 05:48:03.430000+00:00,0,1349156883
3348417635,1044854627,2012-10-02 05:48:03.430000+00:00,0,1349156883
3348417635,2142755647,2012-10-02 05:48:04.956000+00:00,1,1349156884
3348417635,1600413013,2012-10-02 05:50:15.347000+00:00,1,1349157015
3348417635,2529072432,2012-10-02 05:50:15.374000+00:00,1,1349157015
3348417635,719337372,2012-10-02 05:50:15.360000+00:00,1,1349157015
3979775182,643346765,2012-10-02 06:49:27.100000+00:00,0,1349160567
3979775182,1600413013,2012-10-02 06:49:27.100000+00:00,1,1349160567
3979775182,1611840162,2012-10-02 06:49:27.100000+00:00,0,1349160567
3979775182,1390707377,2012-10-02 06:49:27.100000+00:00,0,1349160567
3979775182,1044854627,2012-10-02 06:49:27.100000+00:00,0,1349160567
3979775182,1532377761,2012-10-02 06:49:27.100000+00:00,0,1349160567
3979775182,719337372,2012-10-02 06:49:28.644000+00:00,1,1349160568
3979775182,955398943,2012-10-02 06:49:30.170000+00:00,1,1349160570
3979775182,2529072432,2012-10-02 06:49:31.194000+00:00,1,1349160571
682721107,1390707377,2012-10-02 07:13:51.502000+00:00,0,1349162031
682721107,600647841,2012-10-02 07:13:51.502000+00:00,0,1349162031
682721107,3632072502,2012-10-02 07:13:51.502000+00:00,0,1349162031
682721107,2529072432,2012-10-02 07:13:51.502000+00:00,1,1349162031
682721107,1532377761,2012-10-02 07:13:51.502000+00:00,0,1349162031
682721107,221202458,2012-10-02 07:13:51.502000+00:00,0,1349162031
682721107,955398943,2012-10-02 07:13:52.528000+00:00,1,1349162032
1213367737,2529072432,2012-10-02 07:20:54.262000+00:00,0,1349162454
1213367737,3632072502,2012-10-02 07:20:54.262000+00:00,0,1349162454
1213367737,1390707377,2012-10-02 07:20:54.262000+00:00,0,1349162454
1213367737,955398943,2012-10-02 07:20:54.262000+00:00,0,1349162454
1213367737,1532377761,2012-10-02 07:20:54.262000+00:00,0,1349162454
1213367737,1737420203,2012-10-02 07:20:54.262000+00:00,1,1349162454
2342735753,1390707377,2012-10-02 08:04:28.401000+00:00,0,1349165068
2342735753,2529072432,2012-10-02 08:04:28.401000+00:00,0,1349165068
2342735753,1527128646,2012-10-02 08:04:28.401000+00:00,1,1349165068
2342735753,1532377761,2012-10-02 08:04:28.401000+00:00,0,1349165068
2342735753,955398943,2012-10-02 08:04:28.401000+00:00,0,1349165068
2342735753,2921274626,2012-10-02 08:04:28.401000+00:00,0,1349165068
2342735753,719337372,2012-10-02 08:05:54.208000+00:00,1,1349165154
1844741381,728126986,2012-10-02 08:07:54.375000+00:00,0,1349165274
1844741381,1600413013,2012-10-02 08:07:54.375000+00:00,1,1349165274
1844741381,1532377761,2012-10-02 08:07:54.375000+00:00,0,1349165274
1844741381,3632072502,2012-10-02 08:07:54.375000+00:00,0,1349165274
1844741381,849092788,2012-10-02 08:07:54.375000+00:00,0,1349165274
1844741381,1390707377,2012-10-02 08:07:54.375000+00:00,0,1349165274
1844741381,719337372,2012-10-02 08:07:55.899000+00:00,1,1349165275
1844741381,2529072432,2012-10-02 08:07:56.426000+00:00,1,1349165276
1844741381,955398943,2012-10-02 08:07:57.951000+00:00,1,1349165277
4005604348,4043937476,2012-10-02 08:59:48.695000+00:00,0,1349168388
4005604348,3160682436,2012-10-02 08:59:48.695000+00:00,0,1349168388
4005604348,637801371,2012-10-02 08:59:48.695000+00:00,0,1349168388
4005604348,1045903606,2012-10-02 08:59:48.695000+00:00,1,1349168388
4005604348,1607857123,2012-10-02 09:00:12.821000+00:00,1,1349168412
1732859563,1532377761,2012-10-02 09:37:28.336000+00:00,0,1349170648
1732859563,955398943,2012-10-02 09:37:28.336000+00:00,0,1349170648
1732859563,2529072432,2012-10-02 09:37:28.336000+00:00,1,1349170648
1732859563,462678883,2012-10-02 09:37:28.336000+00:00,0,1349170648
1732859563,1390707377,2012-10-02 09:37:28.336000+00:00,0,1349170648
1732859563,221202458,2012-10-02 09:37:28.336000+00:00,0,1349170648
2936209614,1532377761,2012-10-02 09:42:10.505000+00:00,0,1349170930
2936209614,1872758613,2012-10-02 09:42:10.505000+00:00,0,1349170930
2936209614,955398943,2012-10-02 09:42:10.505000+00:00,0,1349170930
2936209614,1133385189,2012-10-02 09:42:10.505000+00:00,1,1349170930
2936209614,1256728745,2012-10-02 09:42:10.505000+00:00,0,1349170930
2936209614,3434410911,2012-10-02 09:42:10.505000+00:00,0,1349170930
2925400415,3565166403,2012-10-02 11:00:28.605000+00:00,0,1349175628
2925400415,3632072502,2012-10-02 11:00:28.605000+00:00,0,1349175628
2925400415,1390707377,2012-10-02 11:00:28.605000+00:00,0,1349175628
2925400415,955398943,2012-10-02 11:00:28.605000+00:00,1,1349175628
2925400415,2529072432,2012-10-02 11:00:28.605000+00:00,0,1349175628
2925400415,1532377761,2012-10-02 11:00:28.605000+00:00,0,1349175628
1109682681,2782403445,2012-10-02 11:03:47.091000+00:00,1,1349175827
1109682681,4203158470,2012-10-02 11:03:47.091000+00:00,0,1349175827
1109682681,1960789592,2012-10-02 11:03:47.091000+00:00,0,1349175827
1109682681,221202458,2012-10-02 11:03:47.091000+00:00,0,1349175827
1109682681,1302697811,2012-10-02 11:03:47.091000+00:00,0,1349175827
1619453117,705007381,2012-10-02 11:42:28.818000+00:00,1,1349178148
1619453117,2529072432,2012-10-02 11:42:28.818000+00:00,0,1349178148
1619453117,1532377761,2012-10-02 11:42:28.818000+00:00,0,1349178148
1619453117,1390707377,2012-10-02 11:42:28.818000+00:00,0,1349178148
1619453117,3632072502,2012-10-02 11:42:28.818000+00:00,0,1349178148
1619453117,955398943,2012-10-02 11:42:28.818000+00:00,0,1349178148
1732120655,1532377761,2012-10-02 11:49:01.534000+00:00,0,1349178541
1732120655,2373204206,2012-10-02 11:49:01.534000+00:00,0,1349178541
1732120655,1390707377,2012-10-02 11:49:01.534000+00:00,0,1349178541
1732120655,955398943,2012-10-02 11:49:01.534000+00:00,1,1349178541
1732120655,1790004322,2012-10-02 11:49:01.534000+00:00,0,1349178541
1732120655,2529072432,2012-10-02 11:49:01.534000+00:00,0,1349178541
3469589500,719337372,2012-10-02 12:16:22.642000+00:00,0,1349180182
3469589500,4194142958,2012-10-02 12:16:22.642000+00:00,0,1349180182
3469589500,2529072432,2012-10-02 12:16:22.642000+00:00,1,1349180182
3469589500,1390707377,2012-10-02 12:16:22.642000+00:00,0,1349180182
3469589500,1532377761,2012-10-02 12:16:22.642000+00:00,0,1349180182
3469589500,530867226,2012-10-02 12:16:22.642000+00:00,0,1349180182
3469589500,955398943,2012-10-02 12:16:23.666000+00:00,1,1349180183
2706413631,3735101795,2012-10-02 12:33:13.877000+00:00,0,1349181193
2706413631,955398943,2012-10-02 12:33:13.877000+00:00,1,1349181193
2706413631,1428402454,2012-10-02 12:33:13.877000+00:00,0,1349181193
2706413631,3632072502,2012-10-02 12:33:13.877000+00:00,0,1349181193
2706413631,1390707377,2012-10-02 12:33:13.877000+00:00,0,1349181193
2706413631,1532377761,2012-10-02 12:33:13.877000+00:00,0,1349181193
2706413631,2529072432,2012-10-02 12:33:17.904000+00:00,1,1349181197
2706413631,268203907,2012-10-02 12:33:19.938000+00:00,1,1349181199
605903903,2529072432,2012-10-02 12:37:48.319000+00:00,0,1349181468
605903903,1532377761,2012-10-02 12:37:48.319000+00:00,0,1349181468
605903903,30650936,2012-10-02 12:37:48.319000+00:00,0,1349181468
605903903,955398943,2012-10-02 12:37:48.319000+00:00,1,1349181468
605903903,1872758613,2012-10-02 12:37:48.319000+00:00,0,1349181468
605903903,1390707377,2012-10-02 12:37:48.319000+00:00,0,1349181468
199379035,1390707377,2012-10-02 12:50:54.041000+00:00,0,1349182254
199379035,955398943,2012-10-02 12:50:54.041000+00:00,1,1349182254
199379035,2063177201,2012-10-02 12:50:54.041000+00:00,0,1349182254
199379035,1092072561,2012-10-02 12:50:54.041000+00:00,0,1349182254
199379035,2529072432,2012-10-02 12:50:54.686000+00:00,1,1349182254
199379035,3632072502,2012-10-02 12:50:54.041000+00:00,0,1349182254
199379035,1532377761,2012-10-02 12:50:54.041000+00:00,0,1349182254
1197154185,1497201659,2012-10-02 13:05:37+00:00,0,1349183137
1197154185,4016804175,2012-10-02 13:05:37+00:00,0,1349183137
1197154185,3413075630,2012-10-02 13:05:37+00:00,0,1349183137
1197154185,3372530401,2012-10-02 13:05:37+00:00,0,1349183137
1197154185,3572269559,2012-10-02 13:05:37+00:00,0,1349183137
1680807465,1092072561,2012-10-02 13:20:55.696000+00:00,0,1349184055
1680807465,2529072432,2012-10-02 13:20:55.696000+00:00,0,1349184055
1680807465,1532377761,2012-10-02 13:20:55.696000+00:00,0,1349184055
1680807465,1611840162,2012-10-02 13:20:55.696000+00:00,0,1349184055
1680807465,955398943,2012-10-02 13:20:55.696000+00:00,1,1349184055
1680807465,1390707377,2012-10-02 13:20:55.696000+00:00,0,1349184055
1178274219,1646546831,2012-10-02 13:28:46.577000+00:00,0,1349184526
1178274219,3980181155,2012-10-02 13:28:46.577000+00:00,1,1349184526
1178274219,2157401626,2012-10-02 13:28:46.577000+00:00,0,1349184526
1178274219,2529072432,2012-10-02 13:28:46.577000+00:00,0,1349184526
1178274219,2811190711,2012-10-02 13:28:46.577000+00:00,0,1349184526
1178274219,1798195680,2012-10-02 13:28:46.577000+00:00,0,1349184526
3282950773,1532377761,2012-10-02 14:38:19.643000+00:00,0,1349188699
3282950773,3632072502,2012-10-02 14:38:19.643000+00:00,0,1349188699
3282950773,2529072432,2012-10-02 14:38:19.643000+00:00,0,1349188699
3282950773,1390707377,2012-10-02 14:38:19.643000+00:00,0,1349188699
3282950773,268203907,2012-10-02 14:38:19.643000+00:00,0,1349188699
3282950773,955398943,2012-10-02 14:38:19.643000+00:00,1,1349188699
38974975,3632072502,2012-10-02 15:33:58.471000+00:00,0,1349192038
38974975,1390707377,2012-10-02 15:33:58.471000+00:00,0,1349192038
38974975,2782403445,2012-10-02 15:33:58.471000+00:00,0,1349192038
38974975,2529072432,2012-10-02 15:33:58.471000+00:00,1,1349192038
38974975,1532377761,2012-10-02 15:33:58.471000+00:00,0,1349192038
38974975,2776566965,2012-10-02 15:33:58.471000+00:00,0,1349192038
38974975,1600413013,2012-10-02 15:34:01.518000+00:00,1,1349192041
38974975,955398943,2012-10-02 15:34:03.043000+00:00,1,1349192043
3357905099,1242636641,2012-10-02 15:36:24.210000+00:00,0,1349192184
3357905099,221202458,2012-10-02 15:36:24.210000+00:00,0,1349192184
3357905099,719337372,2012-10-02 15:36:24.210000+00:00,1,1349192184
3357905099,1532377761,2012-10-02 15:36:24.210000+00:00,0,1349192184
3357905099,955398943,2012-10-02 15:36:24.210000+00:00,0,1349192184
3357905099,1390707377,2012-10-02 15:36:24.210000+00:00,0,1349192184
618927177,1332882278,2012-10-02 15:43:13.202000+00:00,0,1349192593
618927177,1640004842,2012-10-02 15:43:13.202000+00:00,1,1349192593
618927177,2108032196,2012-10-02 15:43:13.202000+00:00,0,1349192593
618927177,1698790428,2012-10-02 15:43:13.202000+00:00,0,1349192593
618927177,940258698,2012-10-02 15:43:13.202000+00:00,0,1349192593
618927177,1976211898,2012-10-02 15:43:13.202000+00:00,0,1349192593
618927177,3538983527,2012-10-02 15:44:13.244000+00:00,1,1349192653
618927177,2749997868,2012-10-02 15:44:16.777000+00:00,1,1349192656
2692979972,1532377761,2012-10-02 15:50:52.337000+00:00,0,1349193052
2692979972,1641491432,2012-10-02 15:50:52.337000+00:00,0,1349193052
2692979972,1213078967,2012-10-02 15:50:52.337000+00:00,0,1349193052
2692979972,719337372,2012-10-02 15:50:52.337000+00:00,1,1349193052
2692979972,2739422201,2012-10-02 15:50:52.337000+00:00,0,1349193052
2692979972,955398943,2012-10-02 15:50:52.337000+00:00,0,1349193052
3044012,1502284248,2012-10-02 15:53:05.754000+00:00,0,1349193185
3044012,1532377761,2012-10-02 15:53:05.754000+00:00,0,1349193185
3044012,1390707377,2012-10-02 15:53:05.754000+00:00,0,1349193185
3044012,3072478280,2012-10-02 15:53:05.754000+00:00,0,1349193185
3044012,2529072432,2012-10-02 15:53:05.754000+00:00,1,1349193185
3044012,1918771225,2012-10-02 15:53:05.754000+00:00,0,1349193185
2985391759,1966266774,2012-10-02 19:09:38.994000+00:00,0,1349204978
2985391759,3501505424,2012-10-02 19:09:38.994000+00:00,0,1349204978
2985391759,497198144,2012-10-02 19:09:38.994000+00:00,0,1349204978
2985391759,2894424874,2012-10-02 19:09:38.994000+00:00,0,1349204978
2985391759,4194031651,2012-10-02 19:09:38.994000+00:00,1,1349204978
2985391759,3945518849,2012-10-02 19:09:38.994000+00:00,0,1349204978
2243065045,3735101795,2012-10-03 00:14:04.844000+00:00,0,1349223244
2243065045,1532377761,2012-10-03 00:14:04.844000+00:00,0,1349223244
2243065045,955398943,2012-10-03 00:14:04.844000+00:00,1,1349223244
2243065045,1076499062,2012-10-03 00:14:04.844000+00:00,0,1349223244
2243065045,2529072432,2012-10-03 00:14:04.844000+00:00,0,1349223244
2243065045,3610629096,2012-10-03 00:14:04.844000+00:00,0,1349223244
4190165036,1532377761,2012-10-03 02:10:44.678000+00:00,0,1349230244
4190165036,1390707377,2012-10-03 02:10:44.678000+00:00,0,1349230244
4190165036,2529072432,2012-10-03 02:10:44.678000+00:00,0,1349230244
4190165036,3632072502,2012-10-03 02:10:44.678000+00:00,0,1349230244
4190165036,955398943,2012-10-03 02:10:44.678000+00:00,1,1349230244
4190165036,1044854627,2012-10-03 02:10:44.678000+00:00,0,1349230244
4190165036,719337372,2012-10-03 02:10:47.218000+00:00,1,1349230247
4190165036,1600413013,2012-10-03 02:10:48.745000+00:00,1,1349230248
1197154185,3413075630,2012-10-03 03:05:37.819000+00:00,0,1349233537
1197154185,3572269559,2012-10-03 03:05:37.819000+00:00,0,1349233537
1197154185,1913655491,2012-10-03 03:05:37.819000+00:00,0,1349233537
1197154185,1497201659,2012-10-03 03:05:37.819000+00:00,0,1349233537
1197154185,3383063101,2012-10-03 03:05:37.819000+00:00,1,1349233537
1197154185,4016804175,2012-10-03 03:05:37.819000+00:00,0,1349233537
3674200063,955398943,2012-10-03 03:05:59.664000+00:00,0,1349233559
3674200063,1532377761,2012-10-03 03:05:59.664000+00:00,0,1349233559
3674200063,1390707377,2012-10-03 03:05:59.664000+00:00,0,1349233559
3674200063,3632072502,2012-10-03 03:05:59.664000+00:00,0,1349233559
3674200063,986099040,2012-10-03 03:05:59.664000+00:00,1,1349233559
3674200063,2529072432,2012-10-03 03:05:59.664000+00:00,0,1349233559
2792856754,1993111201,2012-10-03 03:25:49.116000+00:00,0,1349234749
2792856754,1936167908,2012-10-03 03:25:49.116000+00:00,0,1349234749
2792856754,3565166403,2012-10-03 03:25:49.116000+00:00,1,1349234749
2792856754,1532377761,2012-10-03 03:25:49.116000+00:00,0,1349234749
2792856754,955398943,2012-10-03 03:25:49.116000+00:00,0,1349234749
2792856754,2529072432,2012-10-03 03:25:49.116000+00:00,0,1349234749
2792856754,52246840,2012-10-03 03:27:47.534000+00:00,1,1349234867
2010045207,221202458,2012-10-03 03:59:03.821000+00:00,1,1349236743
2010045207,955398943,2012-10-03 03:59:03.821000+00:00,0,1349236743
2010045207,3632072502,2012-10-03 03:59:03.821000+00:00,0,1349236743
2010045207,1532377761,2012-10-03 03:59:03.821000+00:00,0,1349236743
2010045207,2529072432,2012-10-03 03:59:03.821000+00:00,0,1349236743
2010045207,1390707377,2012-10-03 03:59:03.821000+00:00,0,1349236743
4262496040,1532377761,2012-10-03 04:42:32.791000+00:00,0,1349239352
4262496040,955398943,2012-10-03 04:42:32.791000+00:00,1,1349239352
4262496040,4260484947,2012-10-03 04:42:32.791000+00:00,0,1349239352
4262496040,2555143768,2012-10-03 04:42:32.791000+00:00,0,1349239352
4262496040,4239674720,2012-10-03 04:42:32.791000+00:00,0,1349239352
4262496040,645163767,2012-10-03 04:42:32.791000+00:00,0,1349239352
4262496040,2529072432,2012-10-03 04:43:21.232000+00:00,1,1349239401
4262496040,719337372,2012-10-03 04:43:24.268000+00:00,1,1349239404
3279257076,1421349430,2012-10-03 05:07:33.664000+00:00,0,1349240853
3279257076,1611840162,2012-10-03 05:07:33.664000+00:00,0,1349240853
3279257076,3584466415,2012-10-03 05:07:33.664000+00:00,0,1349240853
3279257076,1641491432,2012-10-03 05:07:33.664000+00:00,0,1349240853
3279257076,1532377761,2012-10-03 05:07:33.664000+00:00,1,1349240853
3279257076,3212079634,2012-10-03 05:07:33.664000+00:00,0,1349240853
3279257076,955398943,2012-10-03 05:07:40.210000+00:00,1,1349240860
3279257076,2529072432,2012-10-03 05:07:52.881000+00:00,1,1349240872
3279257076,1390707377,2012-10-03 05:07:54.951000+00:00,1,1349240874
4005604348,1462294722,2012-10-03 05:38:27.350000+00:00,0,1349242707
4005604348,3317453113,2012-10-03 05:38:27.350000+00:00,0,1349242707
4005604348,3965376459,2012-10-03 05:38:27.350000+00:00,1,1349242707
4005604348,4043937476,2012-10-03 05:38:27.350000+00:00,0,1349242707
4005604348,637801371,2012-10-03 05:38:27.350000+00:00,0,1349242707
4005604348,3160682436,2012-10-03 05:38:27.350000+00:00,0,1349242707
4005604348,3061224963,2012-10-03 05:40:20.486000+00:00,1,1349242820
4005604348,3588120089,2012-10-03 05:43:03.453000+00:00,1,1349242983
1091746693,4086658384,2012-10-03 05:49:05.694000+00:00,0,1349243345
1091746693,645163767,2012-10-03 05:49:05.694000+00:00,0,1349243345
1091746693,3632072502,2012-10-03 05:49:05.694000+00:00,0,1349243345
1091746693,1096627389,2012-10-03 05:49:05.694000+00:00,1,1349243345
1091746693,221202458,2012-10-03 05:49:05.694000+00:00,0,1349243345
1091746693,3621583208,2012-10-03 05:49:05.694000+00:00,0,1349243345
2212919969,1641491432,2012-10-03 06:01:43.039000+00:00,0,1349244103
2212919969,1532377761,2012-10-03 06:01:43.039000+00:00,0,1349244103
2212919969,3632072502,2012-10-03 06:01:43.039000+00:00,0,1349244103
2212919969,2529072432,2012-10-03 06:01:43.102000+00:00,1,1349244103
2212919969,1390707377,2012-10-03 06:01:43.039000+00:00,0,1349244103
2212919969,955398943,2012-10-03 06:01:43.039000+00:00,1,1349244103
2212919969,1736093461,2012-10-03 06:01:43.039000+00:00,0,1349244103
569826712,1390707377,2012-10-03 06:14:04.503000+00:00,0,1349244844
569826712,3802870894,2012-10-03 06:14:04.503000+00:00,0,1349244844
569826712,1532377761,2012-10-03 06:14:04.503000+00:00,0,1349244844
569826712,3632072502,2012-10-03 06:14:04.503000+00:00,0,1349244844
569826712,2529072432,2012-10-03 06:14:04.503000+00:00,1,1349244844
569826712,955398943,2012-10-03 06:14:04.503000+00:00,0,1349244844
1859726822,2216215956,2012-10-03 06:17:53.511000+00:00,0,1349245073
1859726822,3632072502,2012-10-03 06:17:53.511000+00:00,0,1349245073
1859726822,1600413013,2012-10-03 06:17:53.511000+00:00,1,1349245073
1859726822,249760834,2012-10-03 06:17:53.511000+00:00,0,1349245073
1859726822,1532377761,2012-10-03 06:17:53.511000+00:00,0,1349245073
1859726822,1390707377,2012-10-03 06:17:53.511000+00:00,0,1349245073
1859726822,2529072432,2012-10-03 06:17:55.158000+00:00,1,1349245075
1859726822,955398943,2012-10-03 06:17:57.185000+00:00,1,1349245077
3751635372,719337372,2012-10-03 07:34:42.277000+00:00,1,1349249682
3751635372,1439846975,2012-10-03 07:34:42.277000+00:00,0,1349249682
3751635372,1600413013,2012-10-03 07:34:42.277000+00:00,0,1349249682
3751635372,1993111201,2012-10-03 07:34:42.277000+00:00,0,1349249682
3751635372,519339673,2012-10-03 07:34:42.277000+00:00,0,1349249682
3751635372,2712999658,2012-10-03 07:34:42.277000+00:00,0,1349249682
3751635372,955398943,2012-10-03 07:34:43.295000+00:00,1,1349249683
3751635372,1532377761,2012-10-03 07:34:44.354000+00:00,1,1349249684
3751635372,2529072432,2012-10-03 07:34:46.918000+00:00,1,1349249686
3751635372,1390707377,2012-10-03 07:35:29.253000+00:00,1,1349249729
1553019839,52246840,2012-10-03 08:14:50.269000+00:00,1,1349252090
1553019839,2455219297,2012-10-03 08:14:50.269000+00:00,0,1349252090
1553019839,2529072432,2012-10-03 08:14:50.269000+00:00,0,1349252090
1553019839,1390707377,2012-10-03 08:14:50.269000+00:00,0,1349252090
1553019839,3632072502,2012-10-03 08:14:50.269000+00:00,0,1349252090
1553019839,955398943,2012-10-03 08:14:50.269000+00:00,0,1349252090
1553019839,2096635407,2012-10-03 08:15:00.855000+00:00,1,1349252100
1553019839,526418317,2012-10-03 08:15:36.268000+00:00,1,1349252136
1553019839,3565166403,2012-10-03 08:15:48.011000+00:00,1,1349252148
1553019839,4205554879,2012-10-03 08:16:14.889000+00:00,1,1349252174
1553019839,902869993,2012-10-03 08:16:16.936000+00:00,1,1349252176
1553019839,3934491209,2012-10-03 08:16:17.956000+00:00,1,1349252177
2736679402,2780690728,2012-10-03 08:19:45.854000+00:00,0,1349252385
2736679402,899419077,2012-10-03 08:19:45.854000+00:00,0,1349252385
2736679402,3633409518,2012-10-03 08:19:45.854000+00:00,0,1349252385
2736679402,915339846,2012-10-03 08:19:45.854000+00:00,0,1349252385
2736679402,4211366080,2012-10-03 08:19:45.854000+00:00,1,1349252385
2736679402,221202458,2012-10-03 08:19:45.854000+00:00,0,1349252385
2736679402,3926022702,2012-10-03 08:19:46.874000+00:00,1,1349252386
1553019839,2770527444,2012-10-03 08:20:50.926000+00:00,1,1349252450
1553019839,2615984474,2012-10-03 08:20:57.037000+00:00,1,1349252457
887085722,1532377761,2012-10-03 08:23:38.652000+00:00,0,1349252618
887085722,2529072432,2012-10-03 08:23:38.652000+00:00,1,1349252618
887085722,1390707377,2012-10-03 08:23:38.652000+00:00,0,1349252618
887085722,3632072502,2012-10-03 08:23:38.652000+00:00,0,1349252618
887085722,955398943,2012-10-03 08:23:38.652000+00:00,0,1349252618
887085722,1600413013,2012-10-03 08:23:38.652000+00:00,0,1349252618
382550204,3392885130,2012-10-03 08:58:43.694000+00:00,0,1349254723
382550204,2036720107,2012-10-03 08:58:43.694000+00:00,1,1349254723
382550204,4255760117,2012-10-03 08:58:43.694000+00:00,0,1349254723
382550204,3201007806,2012-10-03 08:58:43.694000+00:00,0,1349254723
382550204,2676920996,2012-10-03 08:58:43.694000+00:00,0,1349254723
382550204,58362757,2012-10-03 08:58:43.694000+00:00,0,1349254723
1666288434,2529072432,2012-10-03 09:27:14.708000+00:00,1,1349256434
1666288434,1532377761,2012-10-03 09:27:14.708000+00:00,0,1349256434
1666288434,1600413013,2012-10-03 09:27:14.708000+00:00,0,1349256434
1666288434,1044854627,2012-10-03 09:27:14.708000+00:00,0,1349256434
1666288434,955398943,2012-10-03 09:27:14.708000+00:00,0,1349256434
1666288434,1390707377,2012-10-03 09:27:14.708000+00:00,0,1349256434
3669515588,1390707377,2012-10-03 09:27:28.804000+00:00,0,1349256448
3669515588,1532377761,2012-10-03 09:27:28.804000+00:00,0,1349256448
3669515588,2529072432,2012-10-03 09:27:28.804000+00:00,1,1349256448
3669515588,955398943,2012-10-03 09:27:28.804000+00:00,0,1349256448
3669515588,689417931,2012-10-03 09:27:28.804000+00:00,0,1349256448
3669515588,1502284248,2012-10-03 09:27:28.804000+00:00,0,1349256448
3145229913,2529072432,2012-10-03 09:41:50.713000+00:00,0,1349257310
3145229913,1600413013,2012-10-03 09:41:50.713000+00:00,0,1349257310
3145229913,1367257694,2012-10-03 09:41:50.713000+00:00,1,1349257310
3145229913,1017435233,2012-10-03 09:41:50.713000+00:00,0,1349257310
3145229913,1390707377,2012-10-03 09:41:50.713000+00:00,0,1349257310
3145229913,3632072502,2012-10-03 09:41:50.713000+00:00,0,1349257310
3145229913,1532377761,2012-10-03 09:41:56.758000+00:00,1,1349257316
3145229913,955398943,2012-10-03 09:41:57.934000+00:00,1,1349257317
1027766032,3491817479,2012-10-03 10:39:02.442000+00:00,0,1349260742
1027766032,3873822688,2012-10-03 10:39:02.442000+00:00,0,1349260742
1027766032,1370749478,2012-10-03 10:39:02.442000+00:00,0,1349260742
1027766032,1536819364,2012-10-03 10:39:02.442000+00:00,0,1349260742
1027766032,2969611776,2012-10-03 10:39:02.442000+00:00,0,1349260742
1027766032,1611840162,2012-10-03 10:39:02.442000+00:00,1,1349260742
608310969,1044854627,2012-10-03 11:04:00.067000+00:00,0,1349262240
608310969,955398943,2012-10-03 11:04:00.067000+00:00,1,1349262240
608310969,3314895954,2012-10-03 11:04:00.067000+00:00,0,1349262240
608310969,1600413013,2012-10-03 11:04:00.067000+00:00,0,1349262240
608310969,1390707377,2012-10-03 11:04:00.067000+00:00,0,1349262240
608310969,3565166403,2012-10-03 11:04:00.067000+00:00,0,1349262240
608310969,1532377761,2012-10-03 11:04:06.162000+00:00,1,1349262246
608310969,2529072432,2012-10-03 11:04:26.773000+00:00,1,1349262266
4124005270,3632072502,2012-10-03 11:18:20.469000+00:00,0,1349263100
4124005270,1390707377,2012-10-03 11:18:20.469000+00:00,0,1349263100
4124005270,2051111588,2012-10-03 11:18:20.469000+00:00,0,1349263100
4124005270,1532377761,2012-10-03 11:18:20.469000+00:00,0,1349263100
4124005270,955398943,2012-10-03 11:18:20.469000+00:00,0,1349263100
4124005270,2529072432,2012-10-03 11:18:20.469000+00:00,1,1349263100
2023721073,2529072432,2012-10-03 11:46:46.536000+00:00,0,1349264806
2023721073,1390707377,2012-10-03 11:46:46.536000+00:00,0,1349264806
2023721073,687388226,2012-10-03 11:46:46.536000+00:00,0,1349264806
2023721073,52246840,2012-10-03 11:46:46.536000+00:00,0,1349264806
2023721073,3565166403,2012-10-03 11:46:46.536000+00:00,0,1349264806
2023721073,719337372,2012-10-03 11:46:46.536000+00:00,1,1349264806
2023721073,955398943,2012-10-03 11:46:46.547000+00:00,1,1349264806
3071252660,2780690728,2012-10-03 12:13:04.552000+00:00,0,1349266384
3071252660,915339846,2012-10-03 12:13:04.552000+00:00,0,1349266384
3071252660,1327533901,2012-10-03 12:13:04.552000+00:00,0,1349266384
3071252660,3926022702,2012-10-03 12:13:04.552000+00:00,0,1349266384
3071252660,889795193,2012-10-03 12:13:04.552000+00:00,1,1349266384
3071252660,4211366080,2012-10-03 12:13:04.552000+00:00,0,1349266384
2836886911,2776357538,2012-10-03 12:43:05.708000+00:00,1,1349268185
2836886911,1390707377,2012-10-03 12:43:05.708000+00:00,0,1349268185
2836886911,606749223,2012-10-03 12:43:05.708000+00:00,0,1349268185
2836886911,3632072502,2012-10-03 12:43:05.708000+00:00,0,1349268185
2836886911,740982915,2012-10-03 12:43:05.708000+00:00,0,1349268185
2836886911,1647631096,2012-10-03 12:43:54.336000+00:00,1,1349268234
4171765566,4106186736,2012-10-03 13:53:39.194000+00:00,0,1349272419
4171765566,1532377761,2012-10-03 13:53:39.194000+00:00,0,1349272419
4171765566,955398943,2012-10-03 13:53:39.194000+00:00,0,1349272419
4171765566,2373204206,2012-10-03 13:53:39.194000+00:00,0,1349272419
4171765566,3300948291,2012-10-03 13:53:39.194000+00:00,1,1349272419
4171765566,2529072432,2012-10-03 13:53:39.194000+00:00,0,1349272419
111840914,3858223520,2012-10-03 14:21:58.712000+00:00,0,1349274118
111840914,1936167908,2012-10-03 14:21:58.712000+00:00,0,1349274118
111840914,955398943,2012-10-03 14:21:58.712000+00:00,0,1349274118
111840914,2475079669,2012-10-03 14:21:58.712000+00:00,0,1349274118
111840914,2776357538,2012-10-03 14:21:58.712000+00:00,0,1349274118
111840914,2529072432,2012-10-03 14:21:58.756000+00:00,1,1349274118
111840914,1532377761,2012-10-03 14:21:58.740000+00:00,1,1349274118
111840914,1600413013,2012-10-03 14:21:58.712000+00:00,1,1349274118
3793812304,445373500,2012-10-03 15:02:38.425000+00:00,0,1349276558
3793812304,1611840162,2012-10-03 15:02:38.425000+00:00,1,1349276558
3793812304,3632072502,2012-10-03 15:02:38.425000+00:00,0,1349276558
3793812304,955398943,2012-10-03 15:02:38.425000+00:00,0,1349276558
4247824186,3632072502,2012-10-03 15:48:07.625000+00:00,0,1349279287
4247824186,392004313,2012-10-03 15:48:07.625000+00:00,0,1349279287
4247824186,2529072432,2012-10-03 15:48:07.744000+00:00,1,1349279287
4247824186,1390707377,2012-10-03 15:48:07.625000+00:00,1,1349279287
4247824186,448070308,2012-10-03 15:48:07.625000+00:00,0,1349279287
4247824186,1993111201,2012-10-03 15:48:07.625000+00:00,0,1349279287
4247824186,2254372858,2012-10-03 15:48:07.625000+00:00,0,1349279287
4247824186,719337372,2012-10-03 15:49:58.259000+00:00,1,1349279398
3793812304,1390707377,2012-10-03 16:40:43.801000+00:00,1,1349282443
3793812304,986099040,2012-10-03 16:40:54.353000+00:00,1,1349282454
3793812304,1532377761,2012-10-03 16:41:24.762000+00:00,1,1349282484
3793812304,1044854627,2012-10-03 16:41:32.364000+00:00,1,1349282492
3793812304,3300948291,2012-10-03 16:42:07.050000+00:00,1,1349282527
3793812304,1794486525,2012-10-03 16:42:11.604000+00:00,1,1349282531
3793812304,2688888297,2012-10-03 16:42:22.173000+00:00,1,1349282542
3793812304,1943255162,2012-10-03 16:42:28.720000+00:00,1,1349282548
3969691423,3503174392,2012-10-03 17:10:53.351000+00:00,0,1349284253
3969691423,955398943,2012-10-03 17:10:53.351000+00:00,1,1349284253
3969691423,1255909715,2012-10-03 17:10:53.351000+00:00,0,1349284253
3969691423,335083853,2012-10-03 17:10:53.351000+00:00,0,1349284253
3969691423,2793561755,2012-10-03 17:10:53.351000+00:00,0,1349284253
3969691423,2373204206,2012-10-03 17:10:53.351000+00:00,0,1349284253
3969691423,1532377761,2012-10-03 17:10:54.392000+00:00,1,1349284254
2166518457,2529072432,2012-10-03 19:23:15.159000+00:00,1,1349292195
2166518457,1536819364,2012-10-03 19:23:15.159000+00:00,0,1349292195
2166518457,86502595,2012-10-03 19:23:15.159000+00:00,0,1349292195
2166518457,719337372,2012-10-03 19:23:15.159000+00:00,0,1349292195
2166518457,3833635397,2012-10-03 19:23:15.159000+00:00,0,1349292195
2166518457,4215729078,2012-10-03 19:23:15.159000+00:00,0,1349292195
2166518457,1390707377,2012-10-03 19:23:16.698000+00:00,1,1349292196
2163512224,3887323073,2012-10-03 19:40:57.428000+00:00,0,1349293257
2163512224,643346765,2012-10-03 19:40:57.428000+00:00,0,1349293257
2163512224,4200394007,2012-10-03 19:40:57.428000+00:00,0,1349293257
2163512224,844299203,2012-10-03 19:40:57.428000+00:00,0,1349293257
2163512224,714391510,2012-10-03 19:40:57.428000+00:00,1,1349293257
2163512224,2489624476,2012-10-03 19:40:57.428000+00:00,0,1349293257
2163512224,3453792488,2012-10-03 19:50:31.492000+00:00,1,1349293831
431015679,3934491209,2012-10-03 20:01:38.412000+00:00,1,1349294498
431015679,2942809579,2012-10-03 20:01:38.412000+00:00,0,1349294498
431015679,1566716821,2012-10-03 20:01:38.412000+00:00,0,1349294498
431015679,3163258205,2012-10-03 20:01:38.412000+00:00,0,1349294498
431015679,645163767,2012-10-03 20:01:38.412000+00:00,0,1349294498
431015679,2725919614,2012-10-03 20:01:38.412000+00:00,0,1349294498
2217853337,3996963187,2012-10-03 20:42:21.848000+00:00,0,1349296941
2217853337,1070907565,2012-10-03 20:42:21.848000+00:00,0,1349296941
2217853337,4029785203,2012-10-03 20:42:21.848000+00:00,0,1349296941
2217853337,1471977551,2012-10-03 20:42:21.848000+00:00,1,1349296941
2217853337,1748583111,2012-10-03 20:42:21.848000+00:00,0,1349296941
2217853337,2955724234,2012-10-03 20:42:21.848000+00:00,0,1349296941
2217853337,3051438735,2012-10-03 20:42:49.019000+00:00,1,1349296969
2217853337,2277283296,2012-10-03 20:42:53.570000+00:00,1,1349296973
2217853337,33770938,2012-10-03 20:44:31.441000+00:00,1,1349297071
2441936878,3275597979,2012-10-03 20:58:51.755000+00:00,0,1349297931
2441936878,3293919620,2012-10-03 20:58:51.755000+00:00,0,1349297931
2441936878,505160374,2012-10-03 20:58:51.755000+00:00,0,1349297931
2441936878,3501001868,2012-10-03 20:58:51.755000+00:00,1,1349297931
2441936878,91909487,2012-10-03 20:58:51.755000+00:00,0,1349297931
2441936878,1998319367,2012-10-03 20:58:51.755000+00:00,0,1349297931
1258447015,1769089355,2012-10-03 21:42:04.378000+00:00,1,1349300524
1258447015,1287627385,2012-10-03 21:42:04.378000+00:00,0,1349300524
1258447015,228021132,2012-10-03 21:42:04.378000+00:00,0,1349300524
1258447015,479542123,2012-10-03 21:42:04.378000+00:00,0,1349300524
1258447015,2892367012,2012-10-03 21:42:04.378000+00:00,0,1349300524
1258447015,3342260349,2012-10-03 21:42:04.378000+00:00,0,1349300524
2008761267,73873746,2012-10-03 23:29:16.506000+00:00,0,1349306956
2008761267,161896320,2012-10-03 23:29:16.506000+00:00,0,1349306956
2008761267,2181792794,2012-10-03 23:29:16.506000+00:00,0,1349306956
2008761267,3205718958,2012-10-03 23:29:16.506000+00:00,0,1349306956
2008761267,1412339497,2012-10-03 23:29:16.506000+00:00,1,1349306956
2008761267,2641166932,2012-10-03 23:29:16.506000+00:00,0,1349306956
3475233110,2479545611,2012-10-03 23:49:19.635000+00:00,0,1349308159
3475233110,4200954298,2012-10-03 23:49:19.635000+00:00,0,1349308159
3475233110,1143734836,2012-10-03 23:49:19.635000+00:00,0,1349308159
3475233110,2730018676,2012-10-03 23:49:19.635000+00:00,0,1349308159
3475233110,1574913732,2012-10-03 23:49:19.635000+00:00,1,1349308159
3475233110,92230658,2012-10-03 23:49:19.635000+00:00,0,1349308159
967361915,719337372,2012-10-03 23:51:36.341000+00:00,0,1349308296
967361915,1390707377,2012-10-03 23:51:36.341000+00:00,0,1349308296
967361915,2529072432,2012-10-03 23:51:36.341000+00:00,0,1349308296
967361915,3315486330,2012-10-03 23:51:36.341000+00:00,0,1349308296
967361915,1960789592,2012-10-03 23:51:36.341000+00:00,0,1349308296
967361915,1810772954,2012-10-03 23:51:36.341000+00:00,1,1349308296
422699736,4108853194,2012-10-04 02:54:15.467000+00:00,0,1349319255
422699736,4200394007,2012-10-04 02:54:15.467000+00:00,0,1349319255
422699736,719337372,2012-10-04 02:54:15.467000+00:00,0,1349319255
422699736,955398943,2012-10-04 02:54:15.467000+00:00,1,1349319255
422699736,645163767,2012-10-04 02:54:15.467000+00:00,0,1349319255
422699736,740982915,2012-10-04 02:54:15.467000+00:00,0,1349319255
1023717643,1274527630,2012-10-04 03:23:14.645000+00:00,0,1349320994
1023717643,2529072432,2012-10-04 03:23:14.684000+00:00,1,1349320994
1023717643,1390707377,2012-10-04 03:23:14.664000+00:00,1,1349320994
1023717643,719337372,2012-10-04 03:23:14.645000+00:00,1,1349320994
1023717643,645163767,2012-10-04 03:23:14.645000+00:00,0,1349320994
1023717643,1887960803,2012-10-04 03:23:14.645000+00:00,0,1349320994
1023717643,955398943,2012-10-04 03:24:08.085000+00:00,1,1349321048
1023717643,1532377761,2012-10-04 03:24:38.321000+00:00,1,1349321078
2763959582,3632072502,2012-10-04 03:37:00.241000+00:00,0,1349321820
2763959582,2142755647,2012-10-04 03:37:00.241000+00:00,1,1349321820
2763959582,426902061,2012-10-04 03:37:00.241000+00:00,0,1349321820
2763959582,1532377761,2012-10-04 03:37:00.241000+00:00,0,1349321820
2763959582,1390707377,2012-10-04 03:37:00.241000+00:00,0,1349321820
2763959582,2529072432,2012-10-04 03:37:00.241000+00:00,0,1349321820
2763959582,1600413013,2012-10-04 03:37:04.778000+00:00,1,1349321824
2763959582,955398943,2012-10-04 03:37:06.302000+00:00,1,1349321826
2763959582,1044854627,2012-10-04 03:37:11.352000+00:00,1,1349321831
3377526627,1810772954,2012-10-04 03:48:57.740000+00:00,0,1349322537
3377526627,719337372,2012-10-04 03:48:57.740000+00:00,0,1349322537
3377526627,645163767,2012-10-04 03:48:57.740000+00:00,0,1349322537
3377526627,572892424,2012-10-04 03:48:57.740000+00:00,0,1349322537
3377526627,1592319948,2012-10-04 03:48:57.740000+00:00,0,1349322537
3377526627,1332759137,2012-10-04 03:48:57.740000+00:00,1,1349322537
905852095,3873822688,2012-10-04 04:23:27.493000+00:00,0,1349324607
905852095,1532377761,2012-10-04 04:23:27.493000+00:00,1,1349324607
905852095,1390707377,2012-10-04 04:23:27.501000+00:00,1,1349324607
905852095,3926022702,2012-10-04 04:23:27.493000+00:00,0,1349324607
905852095,2908519477,2012-10-04 04:23:27.493000+00:00,0,1349324607
905852095,955398943,2012-10-04 04:23:28.525000+00:00,1,1349324608
905852095,2529072432,2012-10-04 04:23:30.046000+00:00,1,1349324610
905852095,1600413013,2012-10-04 04:23:59.846000+00:00,1,1349324639
905852095,714391510,2012-10-04 04:24:05.393000+00:00,1,1349324645
905852095,719337372,2012-10-04 04:24:46.038000+00:00,1,1349324686
1620608449,1532377761,2012-10-04 04:30:22.798000+00:00,1,1349325022
1620608449,2127623176,2012-10-04 04:30:22.779000+00:00,0,1349325022
1620608449,955398943,2012-10-04 04:30:22.779000+00:00,1,1349325022
1620608449,1317022921,2012-10-04 04:30:22.779000+00:00,0,1349325022
1620608449,645163767,2012-10-04 04:30:22.779000+00:00,0,1349325022
2855659739,1599219405,2012-10-04 04:39:14.028000+00:00,0,1349325554
2855659739,3632072502,2012-10-04 04:39:14.028000+00:00,0,1349325554
2855659739,1736093461,2012-10-04 04:39:14.028000+00:00,0,1349325554
2855659739,3314895954,2012-10-04 04:39:14.028000+00:00,0,1349325554
2855659739,3565166403,2012-10-04 04:39:14.028000+00:00,0,1349325554
2855659739,955398943,2012-10-04 04:39:14.028000+00:00,1,1349325554
2855659739,1532377761,2012-10-04 04:40:29.549000+00:00,1,1349325629
2855659739,2529072432,2012-10-04 04:40:32.099000+00:00,1,1349325632
2855659739,1390707377,2012-10-04 04:40:34.631000+00:00,1,1349325634
2855659739,3953952340,2012-10-04 04:40:37.252000+00:00,1,1349325637
2855659739,3551855555,2012-10-04 04:40:41.412000+00:00,1,1349325641
2855659739,1611840162,2012-10-04 04:40:50.182000+00:00,1,1349325650
1101021964,2603934428,2012-10-04 05:24:21.135000+00:00,0,1349328261
1101021964,739312213,2012-10-04 05:24:21.135000+00:00,0,1349328261
1101021964,1532377761,2012-10-04 05:24:21.135000+00:00,0,1349328261
1101021964,955398943,2012-10-04 05:24:21.135000+00:00,1,1349328261
1101021964,3594767065,2012-10-04 05:24:21.135000+00:00,0,1349328261
1101021964,3632072502,2012-10-04 05:24:21.135000+00:00,0,1349328261
1101021964,1600413013,2012-10-04 05:25:09.242000+00:00,1,1349328309
70152834,1936167908,2012-10-04 05:36:32.651000+00:00,0,1349328992
70152834,2811190711,2012-10-04 05:36:32.651000+00:00,0,1349328992
70152834,1421349430,2012-10-04 05:36:32.651000+00:00,0,1349328992
70152834,2780690728,2012-10-04 05:36:32.651000+00:00,0,1349328992
70152834,844299203,2012-10-04 05:36:32.651000+00:00,1,1349328992
70152834,1390707377,2012-10-04 05:36:32.651000+00:00,0,1349328992
70152834,955398943,2012-10-04 05:36:33.683000+00:00,1,1349328993
70152834,1532377761,2012-10-04 05:36:34.713000+00:00,1,1349328994
70152834,2529072432,2012-10-04 05:36:37.250000+00:00,1,1349328997
453809966,1832462541,2012-10-04 05:53:48.007000+00:00,0,1349330028
453809966,719337372,2012-10-04 05:53:48.007000+00:00,1,1349330028
453809966,3632072502,2012-10-04 05:53:48.007000+00:00,0,1349330028
453809966,1390707377,2012-10-04 05:53:48.007000+00:00,0,1349330028
453809966,955398943,2012-10-04 05:53:48.007000+00:00,0,1349330028
453809966,2529072432,2012-10-04 05:53:48.007000+00:00,0,1349330028
447244169,43564092,2012-10-04 06:01:03.316000+00:00,0,1349330463
447244169,2095085551,2012-10-04 06:01:03.316000+00:00,0,1349330463
447244169,2266549530,2012-10-04 06:01:03.316000+00:00,0,1349330463
447244169,2596086831,2012-10-04 06:01:03.316000+00:00,1,1349330463
447244169,1403285194,2012-10-04 06:01:03.316000+00:00,0,1349330463
447244169,3223228633,2012-10-04 06:01:03.316000+00:00,0,1349330463
447244169,734267487,2012-10-04 06:01:04.839000+00:00,1,1349330464
447244169,3176850745,2012-10-04 06:01:05.356000+00:00,1,1349330465
447244169,2493324415,2012-10-04 06:01:06.365000+00:00,1,1349330466
1320034490,396698671,2012-10-04 06:08:27.148000+00:00,0,1349330907
1320034490,641427702,2012-10-04 06:08:27.148000+00:00,1,1349330907
1320034490,2529072432,2012-10-04 06:08:27.148000+00:00,0,1349330907
1320034490,1390707377,2012-10-04 06:08:27.148000+00:00,0,1349330907
3166414361,2078953061,2012-10-04 07:17:44.662000+00:00,0,1349335064
3166414361,1449135207,2012-10-04 07:17:44.662000+00:00,0,1349335064
3166414361,740982915,2012-10-04 07:17:44.662000+00:00,0,1349335064
3166414361,3002206386,2012-10-04 07:17:44.662000+00:00,0,1349335064
3166414361,719337372,2012-10-04 07:17:44.662000+00:00,1,1349335064
3166414361,645163767,2012-10-04 07:17:44.662000+00:00,0,1349335064
397493741,1832462541,2012-10-04 07:20:16.241000+00:00,0,1349335216
397493741,3175909186,2012-10-04 07:20:16.241000+00:00,0,1349335216
397493741,1390707377,2012-10-04 07:20:16.241000+00:00,1,1349335216
397493741,2529072432,2012-10-04 07:20:16.241000+00:00,0,1349335216
397493741,1532377761,2012-10-04 07:20:16.241000+00:00,0,1349335216
397493741,955398943,2012-10-04 07:20:16.241000+00:00,0,1349335216
3166414361,1332759137,2012-10-04 07:20:44.535000+00:00,1,1349335244
913235409,1600413013,2012-10-04 07:27:51.115000+00:00,0,1349335671
913235409,955398943,2012-10-04 07:27:51.115000+00:00,1,1349335671
913235409,1390707377,2012-10-04 07:27:51.115000+00:00,0,1349335671
913235409,2529072432,2012-10-04 07:27:51.115000+00:00,0,1349335671
913235409,1044854627,2012-10-04 07:27:51.115000+00:00,0,1349335671
913235409,1532377761,2012-10-04 07:27:51.115000+00:00,0,1349335671
3410667855,955398943,2012-10-04 07:32:12.566000+00:00,0,1349335932
3410667855,3565166403,2012-10-04 07:32:12.566000+00:00,0,1349335932
3410667855,2529072432,2012-10-04 07:32:12.566000+00:00,0,1349335932
3410667855,1063772489,2012-10-04 07:32:12.566000+00:00,0,1349335932
3410667855,1611840162,2012-10-04 07:32:12.566000+00:00,0,1349335932
3410667855,3934491209,2012-10-04 07:32:12.566000+00:00,1,1349335932
3410667855,530344370,2012-10-04 07:32:15.107000+00:00,1,1349335935
1774252774,913747949,2012-10-04 07:42:15.378000+00:00,0,1349336535
1774252774,1390707377,2012-10-04 07:42:15.378000+00:00,0,1349336535
1774252774,3632072502,2012-10-04 07:42:15.378000+00:00,0,1349336535
1774252774,445373500,2012-10-04 07:42:15.378000+00:00,0,1349336535
1774252774,2554554656,2012-10-04 07:42:15.378000+00:00,1,1349336535
1774252774,1996503357,2012-10-04 07:42:15.378000+00:00,0,1349336535
1774252774,2529072432,2012-10-04 07:42:23.024000+00:00,1,1349336543
1275857085,2529072432,2012-10-04 07:43:03.871000+00:00,0,1349336583
1275857085,3802870894,2012-10-04 07:43:03.871000+00:00,0,1349336583
1275857085,1832462541,2012-10-04 07:43:03.871000+00:00,1,1349336583
1275857085,2475079669,2012-10-04 07:43:03.871000+00:00,0,1349336583
1275857085,1390707377,2012-10-04 07:43:03.871000+00:00,0,1349336583
1275857085,3632072502,2012-10-04 07:43:03.871000+00:00,0,1349336583
715159059,86502595,2012-10-04 07:44:46.387000+00:00,1,1349336686
715159059,2529072432,2012-10-04 07:44:46.387000+00:00,0,1349336686
715159059,1390707377,2012-10-04 07:44:46.387000+00:00,0,1349336686
715159059,1536819364,2012-10-04 07:44:46.387000+00:00,0,1349336686
715159059,1213078967,2012-10-04 07:44:46.387000+00:00,0,1349336686
715159059,3632072502,2012-10-04 07:44:46.387000+00:00,0,1349336686
180779799,645163767,2012-10-04 07:52:19.316000+00:00,0,1349337139
180779799,1129446757,2012-10-04 07:52:19.316000+00:00,0,1349337139
180779799,42193426,2012-10-04 07:52:19.316000+00:00,1,1349337139
180779799,1213078967,2012-10-04 07:52:19.316000+00:00,0,1349337139
180779799,719337372,2012-10-04 07:52:19.316000+00:00,0,1349337139
180779799,1332759137,2012-10-04 07:52:19.316000+00:00,0,1349337139
1377253602,2529072432,2012-10-04 08:22:40.640000+00:00,0,1349338960
1377253602,2258521927,2012-10-04 08:22:40.640000+00:00,0,1349338960
1377253602,1390707377,2012-10-04 08:22:40.640000+00:00,0,1349338960
1377253602,955398943,2012-10-04 08:22:40.640000+00:00,0,1349338960
1377253602,1532377761,2012-10-04 08:22:40.640000+00:00,0,1349338960
1377253602,3735036412,2012-10-04 08:22:40.640000+00:00,1,1349338960
3089564924,2405536413,2012-10-04 08:22:55.735000+00:00,0,1349338975
3089564924,3374652016,2012-10-04 08:22:55.735000+00:00,0,1349338975
3089564924,3590401557,2012-10-04 08:22:55.735000+00:00,0,1349338975
3089564924,2540520458,2012-10-04 08:22:55.735000+00:00,0,1349338975
3089564924,2630656108,2012-10-04 08:22:55.735000+00:00,1,1349338975
3089564924,3732064146,2012-10-04 08:22:55.735000+00:00,0,1349338975
1377253602,2425916002,2012-10-04 08:24:25.726000+00:00,1,1349339065
1377253602,1704179171,2012-10-04 08:24:45.608000+00:00,1,1349339085
1821733300,955398943,2012-10-04 08:41:41.865000+00:00,1,1349340101
1821733300,445373500,2012-10-04 08:41:41.865000+00:00,0,1349340101
1821733300,3858223520,2012-10-04 08:41:41.865000+00:00,0,1349340101
1821733300,1390707377,2012-10-04 08:41:41.865000+00:00,0,1349340101
1821733300,2529072432,2012-10-04 08:41:41.865000+00:00,0,1349340101
1821733300,3632072502,2012-10-04 08:41:41.865000+00:00,0,1349340101
2644859372,364572656,2012-10-04 08:43:07.845000+00:00,1,1349340187
2644859372,1868970319,2012-10-04 08:43:07.845000+00:00,0,1349340187
2644859372,2252963799,2012-10-04 08:43:07.845000+00:00,0,1349340187
2644859372,2647215157,2012-10-04 08:43:07.845000+00:00,0,1349340187
2644859372,2163403169,2012-10-04 08:43:07.845000+00:00,0,1349340187
2644859372,3610583418,2012-10-04 08:43:07.845000+00:00,0,1349340187
3669048335,719337372,2012-10-04 09:01:59.112000+00:00,0,1349341319
3669048335,1390707377,2012-10-04 09:01:59.112000+00:00,0,1349341319
3669048335,2529072432,2012-10-04 09:01:59.112000+00:00,0,1349341319
3669048335,955398943,2012-10-04 09:01:59.112000+00:00,1,1349341319
3669048335,1600413013,2012-10-04 09:01:59.112000+00:00,0,1349341319
3669048335,1532377761,2012-10-04 09:01:59.112000+00:00,0,1349341319
439279583,955398943,2012-10-04 09:03:24.428000+00:00,0,1349341404
439279583,3565166403,2012-10-04 09:03:24.428000+00:00,0,1349341404
439279583,1532377761,2012-10-04 09:03:24.428000+00:00,0,1349341404
439279583,3808625328,2012-10-04 09:03:24.428000+00:00,1,1349341404
439279583,2529072432,2012-10-04 09:03:24.428000+00:00,0,1349341404
439279583,1390707377,2012-10-04 09:03:24.428000+00:00,0,1349341404
439279583,1506044723,2012-10-04 09:03:31.492000+00:00,1,1349341411
1085794659,2717307282,2012-10-04 09:15:03.374000+00:00,0,1349342103
1085794659,889795193,2012-10-04 09:15:03.374000+00:00,1,1349342103
1085794659,2656279729,2012-10-04 09:15:03.374000+00:00,0,1349342103
1085794659,497346227,2012-10-04 09:15:03.374000+00:00,0,1349342103
1085794659,4106186736,2012-10-04 09:15:03.374000+00:00,0,1349342103
1085794659,1748675851,2012-10-04 09:15:03.374000+00:00,0,1349342103
1085794659,968240954,2012-10-04 09:15:11.962000+00:00,1,1349342111
1085794659,3637245518,2012-10-04 09:15:12.970000+00:00,1,1349342112
4291083982,2988656322,2012-10-04 10:07:33.022000+00:00,0,1349345253
4291083982,2072616125,2012-10-04 10:07:33.022000+00:00,1,1349345253
4291083982,2753805623,2012-10-04 10:07:33.022000+00:00,0,1349345253
4291083982,395593428,2012-10-04 10:07:33.022000+00:00,0,1349345253
4291083982,558937896,2012-10-04 10:07:33.022000+00:00,0,1349345253
4291083982,548484748,2012-10-04 10:07:33.022000+00:00,0,1349345253
1543462230,235695034,2012-10-04 11:27:31.282000+00:00,0,1349350051
1543462230,2729245797,2012-10-04 11:27:31.282000+00:00,1,1349350051
1543462230,1059402615,2012-10-04 11:27:31.282000+00:00,0,1349350051
1543462230,2782403445,2012-10-04 11:27:31.282000+00:00,0,1349350051
1543462230,63434504,2012-10-04 11:27:31.282000+00:00,0,1349350051
1543462230,2410300337,2012-10-04 11:27:31.282000+00:00,0,1349350051
3734794530,3428175758,2012-10-04 11:38:11.984000+00:00,0,1349350691
3734794530,1798929494,2012-10-04 11:38:11.984000+00:00,1,1349350691
3734794530,25570068,2012-10-04 11:38:11.984000+00:00,0,1349350691
3734794530,3460795809,2012-10-04 11:38:11.984000+00:00,0,1349350691
3734794530,1894439828,2012-10-04 11:38:11.984000+00:00,0,1349350691
3734794530,2666796755,2012-10-04 11:38:11.984000+00:00,0,1349350691
2677559053,1072735416,2012-10-04 12:57:46.630000+00:00,0,1349355466
2677559053,3479309219,2012-10-04 12:57:46.630000+00:00,0,1349355466
2677559053,2233735163,2012-10-04 12:57:46.630000+00:00,0,1349355466
2677559053,1141817122,2012-10-04 12:57:46.630000+00:00,0,1349355466
2677559053,2811190711,2012-10-04 12:57:46.630000+00:00,0,1349355466
2677559053,712766233,2012-10-04 12:57:46.630000+00:00,1,1349355466
2677559053,3171602353,2012-10-04 12:57:51.767000+00:00,1,1349355471
3224203982,1390707377,2012-10-04 13:17:29.939000+00:00,0,1349356649
3224203982,3593742314,2012-10-04 13:17:29.939000+00:00,0,1349356649
3224203982,1601916220,2012-10-04 13:17:29.939000+00:00,0,1349356649
3224203982,2529072432,2012-10-04 13:17:29.939000+00:00,0,1349356649
3224203982,645163767,2012-10-04 13:17:29.939000+00:00,1,1349356649
3224203982,719337372,2012-10-04 13:17:29.939000+00:00,0,1349356649
4226575687,914532885,2012-10-04 13:27:08.758000+00:00,0,1349357228
4226575687,3434410911,2012-10-04 13:27:16.799000+00:00,0,1349357236
4226575687,1517488130,2012-10-04 13:27:18.337000+00:00,0,1349357238
4226575687,186104502,2012-10-04 13:27:33.463000+00:00,0,1349357253
4226575687,2529072432,2012-10-04 13:27:33.463000+00:00,1,1349357253
4226575687,814437417,2012-10-04 13:27:33.463000+00:00,0,1349357253
4226575687,1390707377,2012-10-04 13:27:33.463000+00:00,0,1349357253
4226575687,719337372,2012-10-04 13:27:33.463000+00:00,0,1349357253
4226575687,645163767,2012-10-04 13:27:33.463000+00:00,0,1349357253
531967718,3632072502,2012-10-04 13:38:58.072000+00:00,0,1349357938
531967718,4135388683,2012-10-04 13:38:58.072000+00:00,0,1349357938
531967718,1213078967,2012-10-04 13:38:58.072000+00:00,0,1349357938
531967718,1390707377,2012-10-04 13:38:58.072000+00:00,0,1349357938
531967718,526347239,2012-10-04 13:38:58.072000+00:00,0,1349357938
531967718,955398943,2012-10-04 13:38:58.072000+00:00,1,1349357938
531967718,1532377761,2012-10-04 13:39:03.115000+00:00,1,1349357943
531967718,2529072432,2012-10-04 13:39:05.643000+00:00,1,1349357945
1315208123,986099040,2012-10-04 14:11:54.935000+00:00,0,1349359914
1315208123,3735101795,2012-10-04 14:11:54.935000+00:00,0,1349359914
1315208123,3314895954,2012-10-04 14:11:54.935000+00:00,0,1349359914
1315208123,3938809089,2012-10-04 14:11:54.935000+00:00,1,1349359914
1315208123,1390707377,2012-10-04 14:11:54.935000+00:00,0,1349359914
1315208123,3565166403,2012-10-04 14:12:24.832000+00:00,1,1349359944
1315208123,1445028465,2012-10-04 14:12:28.885000+00:00,1,1349359948
1315208123,955398943,2012-10-04 14:12:29.324000+00:00,1,1349359949
1315208123,522741694,2012-10-04 14:12:34.856000+00:00,1,1349359954
1315208123,1532377761,2012-10-04 14:12:34.112000+00:00,1,1349359954
1315208123,2529072432,2012-10-04 14:12:35.834000+00:00,1,1349359955
1315208123,3875231517,2012-10-04 14:12:37.166000+00:00,1,1349359957
3467140948,1044854627,2012-10-04 14:52:53.251000+00:00,0,1349362373
3467140948,3565166403,2012-10-04 14:52:53.251000+00:00,0,1349362373
3467140948,1390707377,2012-10-04 14:52:53.251000+00:00,0,1349362373
3467140948,1532377761,2012-10-04 14:52:53.251000+00:00,0,1349362373
3467140948,643346765,2012-10-04 14:52:53.251000+00:00,0,1349362373
3467140948,2680546784,2012-10-04 14:52:53.251000+00:00,1,1349362373
2191468400,1213078967,2012-10-04 15:44:51.337000+00:00,1,1349365491
2191468400,2712999658,2012-10-04 15:44:51.337000+00:00,0,1349365491
2191468400,2848599369,2012-10-04 15:44:51.337000+00:00,0,1349365491
2191468400,1960789592,2012-10-04 15:44:51.337000+00:00,0,1349365491
2191468400,719337372,2012-10-04 15:44:51.337000+00:00,0,1349365491
3330061773,1730523109,2012-10-04 17:54:24.950000+00:00,1,1349373264
3330061773,643346765,2012-10-04 17:54:24.950000+00:00,0,1349373264
3330061773,392004313,2012-10-04 17:54:24.950000+00:00,0,1349373264
3330061773,3593742314,2012-10-04 17:54:24.950000+00:00,0,1349373264
3330061773,740982915,2012-10-04 17:54:24.950000+00:00,0,1349373264
3330061773,4093857686,2012-10-04 17:54:24.950000+00:00,0,1349373264
3330061773,2683060847,2012-10-04 17:54:50.747000+00:00,1,1349373290
3330061773,1993111201,2012-10-04 17:54:52.266000+00:00,1,1349373292
3330061773,645163767,2012-10-04 17:55:07.565000+00:00,0,1349373307
599144899,955398943,2012-10-04 18:10:08.967000+00:00,0,1349374208
599144899,4260484947,2012-10-04 18:10:16.507000+00:00,0,1349374216
599144899,1532377761,2012-10-04 18:10:16.507000+00:00,1,1349374216
599144899,1968146304,2012-10-04 18:10:16.507000+00:00,0,1349374216
599144899,3632072502,2012-10-04 18:10:16.507000+00:00,0,1349374216
599144899,2529072432,2012-10-04 18:10:16.507000+00:00,0,1349374216
599144899,1390707377,2012-10-04 18:10:16.507000+00:00,0,1349374216
3394779937,2529072432,2012-10-04 18:17:07.254000+00:00,0,1349374627
3394779937,1390707377,2012-10-04 18:17:07.254000+00:00,0,1349374627
3394779937,1996503357,2012-10-04 18:17:07.254000+00:00,1,1349374627
3394779937,3802870894,2012-10-04 18:17:07.254000+00:00,0,1349374627
3394779937,849092788,2012-10-04 18:17:07.254000+00:00,0,1349374627
3394779937,3632072502,2012-10-04 18:17:07.254000+00:00,0,1349374627
3394779937,2372750027,2012-10-04 18:19:16.175000+00:00,1,1349374756
3861589862,1122283794,2012-10-04 19:49:28.588000+00:00,0,1349380168
3861589862,4044222914,2012-10-04 19:49:28.588000+00:00,0,1349380168
3861589862,3022952629,2012-10-04 19:49:28.588000+00:00,0,1349380168
3861589862,951441070,2012-10-04 19:49:28.588000+00:00,1,1349380168
3861589862,3327757331,2012-10-04 19:49:28.588000+00:00,0,1349380168
3861589862,2692153353,2012-10-04 19:49:28.588000+00:00,0,1349380168
1832146052,4205554879,2012-10-04 20:57:51.763000+00:00,1,1349384271
1832146052,955398943,2012-10-04 20:57:51.763000+00:00,0,1349384271
1832146052,1532377761,2012-10-04 20:57:51.763000+00:00,0,1349384271
1832146052,2529072432,2012-10-04 20:57:51.763000+00:00,0,1349384271
1832146052,1390707377,2012-10-04 20:57:51.763000+00:00,0,1349384271
1832146052,3632072502,2012-10-04 20:57:51.763000+00:00,0,1349384271
1832146052,526418317,2012-10-04 20:59:14.205000+00:00,1,1349384354
3614158257,1532377761,2012-10-04 21:55:33.698000+00:00,0,1349387733
3614158257,1498441841,2012-10-04 21:55:33.698000+00:00,0,1349387733
3614158257,3632072502,2012-10-04 21:55:33.698000+00:00,0,1349387733
3614158257,1491066879,2012-10-04 21:55:33.698000+00:00,0,1349387733
3614158257,445373500,2012-10-04 21:55:33.698000+00:00,0,1349387733
3614158257,3934491209,2012-10-04 21:55:33.698000+00:00,1,1349387733
3614158257,955398943,2012-10-04 21:55:36.243000+00:00,1,1349387736
3614158257,175229279,2012-10-04 21:56:07.426000+00:00,1,1349387767
3614158257,1133147752,2012-10-04 21:56:10.982000+00:00,1,1349387770
3614158257,3463879879,2012-10-04 21:56:12.001000+00:00,1,1349387772
3614158257,2551881360,2012-10-04 21:56:13.027000+00:00,1,1349387773
3614158257,1876951633,2012-10-04 21:56:14.043000+00:00,1,1349387774
4057602883,2886354319,2012-10-04 22:37:35.264000+00:00,0,1349390255
4057602883,3987699038,2012-10-04 22:37:35.264000+00:00,0,1349390255
4057602883,175229279,2012-10-04 22:37:35.264000+00:00,0,1349390255
4057602883,3782727355,2012-10-04 22:37:35.264000+00:00,0,1349390255
4057602883,3823518713,2012-10-04 22:37:35.264000+00:00,0,1349390255
4057602883,4049610607,2012-10-04 22:37:35.264000+00:00,1,1349390255
4057602883,527886433,2012-10-04 22:37:37.794000+00:00,1,1349390257
4057602883,947239682,2012-10-04 22:37:42.830000+00:00,1,1349390262
4057602883,1326595643,2012-10-04 22:38:19.636000+00:00,0,1349390299
4057602883,397526429,2012-10-04 22:38:24.227000+00:00,0,1349390304
4057602883,2944816123,2012-10-04 22:38:27.301000+00:00,0,1349390307
4057602883,2874701225,2012-10-04 22:38:41.982000+00:00,0,1349390321
4057602883,2114238114,2012-10-04 22:42:11.789000+00:00,1,1349390531
4057602883,12241688,2012-10-04 22:42:31.941000+00:00,1,1349390551
2937013787,3807522847,2012-10-04 22:57:36.574000+00:00,0,1349391456
2937013787,60006801,2012-10-04 22:57:36.574000+00:00,0,1349391456
2937013787,1330161973,2012-10-04 22:57:36.574000+00:00,0,1349391456
2937013787,3036141504,2012-10-04 22:57:36.574000+00:00,0,1349391456
2937013787,1973140471,2012-10-04 22:57:36.574000+00:00,0,1349391456
2937013787,595118544,2012-10-04 22:57:36.574000+00:00,1,1349391456
535350558,2529072432,2012-10-05 00:50:26.840000+00:00,0,1349398226
535350558,3632072502,2012-10-05 00:50:26.840000+00:00,1,1349398226
535350558,1390707377,2012-10-05 00:50:26.840000+00:00,0,1349398226
535350558,1532377761,2012-10-05 00:50:26.840000+00:00,0,1349398226
535350558,645163767,2012-10-05 00:50:26.840000+00:00,0,1349398226
535350558,955398943,2012-10-05 00:50:26.840000+00:00,0,1349398226
3276463946,1390707377,2012-10-05 00:59:13.333000+00:00,0,1349398753
3276463946,2405536413,2012-10-05 00:59:13.333000+00:00,0,1349398753
3276463946,3632072502,2012-10-05 00:59:13.333000+00:00,0,1349398753
3276463946,2475079669,2012-10-05 00:59:13.333000+00:00,0,1349398753
3276463946,73460149,2012-10-05 00:59:13.333000+00:00,1,1349398753
3276463946,1261557576,2012-10-05 00:59:13.333000+00:00,0,1349398753
3276463946,955398943,2012-10-05 00:59:19.381000+00:00,1,1349398759
3276463946,1532377761,2012-10-05 00:59:20.908000+00:00,1,1349398760
3276463946,2529072432,2012-10-05 00:59:26.952000+00:00,1,1349398766
272886293,2529072432,2012-10-05 01:08:14.617000+00:00,1,1349399294
272886293,3632072502,2012-10-05 01:08:14.617000+00:00,0,1349399294
272886293,3926022702,2012-10-05 01:08:14.617000+00:00,0,1349399294
272886293,1532377761,2012-10-05 01:08:14.617000+00:00,0,1349399294
272886293,1611840162,2012-10-05 01:08:14.617000+00:00,0,1349399294
272886293,899419077,2012-10-05 01:08:14.617000+00:00,0,1349399294
272886293,1390707377,2012-10-05 01:08:15.133000+00:00,1,1349399295
272886293,955398943,2012-10-05 01:08:17.687000+00:00,1,1349399297
2222162186,178648386,2012-10-05 01:13:18.668000+00:00,0,1349399598
2222162186,3522246891,2012-10-05 01:13:18.668000+00:00,0,1349399598
2222162186,2780690728,2012-10-05 01:13:18.668000+00:00,0,1349399598
2222162186,730938870,2012-10-05 01:13:18.668000+00:00,1,1349399598
2222162186,4211366080,2012-10-05 01:13:27.776000+00:00,1,1349399607
2222162186,529297758,2012-10-05 01:13:28.786000+00:00,1,1349399608
2222162186,1697930615,2012-10-05 01:13:34.377000+00:00,1,1349399614
2222162186,889116423,2012-10-05 01:13:45.999000+00:00,1,1349399625
2197210107,4010412126,2012-10-05 01:57:29.344000+00:00,0,1349402249
2197210107,3934491209,2012-10-05 01:57:29.344000+00:00,0,1349402249
2197210107,445373500,2012-10-05 01:57:29.344000+00:00,0,1349402249
2197210107,955398943,2012-10-05 01:57:29.344000+00:00,0,1349402249
2197210107,2321511403,2012-10-05 01:57:29.344000+00:00,1,1349402249
2197210107,218663179,2012-10-05 01:57:29.344000+00:00,0,1349402249
2197210107,1017435233,2012-10-05 01:57:48.623000+00:00,1,1349402268
2197210107,1480147250,2012-10-05 01:59:38.626000+00:00,1,1349402378
661151794,2549186516,2012-10-05 03:25:53.330000+00:00,0,1349407553
661151794,2731275763,2012-10-05 03:25:53.330000+00:00,0,1349407553
661151794,187728438,2012-10-05 03:25:53.330000+00:00,0,1349407553
661151794,1043712341,2012-10-05 03:25:53.330000+00:00,1,1349407553
661151794,2427659174,2012-10-05 03:25:53.330000+00:00,0,1349407553
661151794,1508535164,2012-10-05 03:25:53.330000+00:00,0,1349407553
3165928866,235695034,2012-10-05 03:30:56.174000+00:00,0,1349407856
3165928866,992561323,2012-10-05 03:30:56.174000+00:00,0,1349407856
3165928866,3838044081,2012-10-05 03:30:56.174000+00:00,0,1349407856
3165928866,1993111201,2012-10-05 03:30:56.174000+00:00,0,1349407856
3165928866,3858223520,2012-10-05 03:30:56.174000+00:00,0,1349407856
3165928866,645163767,2012-10-05 03:30:56.174000+00:00,1,1349407856
2621463744,1390707377,2012-10-05 05:39:49.774000+00:00,1,1349415589
2621463744,955398943,2012-10-05 05:39:49.774000+00:00,0,1349415589
2621463744,1532377761,2012-10-05 05:39:49.774000+00:00,0,1349415589
2621463744,2529072432,2012-10-05 05:39:49.774000+00:00,0,1349415589
2621463744,3632072502,2012-10-05 05:39:49.774000+00:00,0,1349415589
2621463744,3264448398,2012-10-05 05:39:49.774000+00:00,0,1349415589
4055395044,955398943,2012-10-05 05:59:32.885000+00:00,0,1349416772
4055395044,1390707377,2012-10-05 05:59:32.885000+00:00,0,1349416772
4055395044,3802870894,2012-10-05 05:59:32.885000+00:00,1,1349416772
4055395044,1532377761,2012-10-05 05:59:32.885000+00:00,0,1349416772
4055395044,3314895954,2012-10-05 05:59:32.885000+00:00,0,1349416772
4055395044,2529072432,2012-10-05 05:59:32.885000+00:00,0,1349416772
1289232847,3632072502,2012-10-05 06:07:45.452000+00:00,0,1349417265
1289232847,1390707377,2012-10-05 06:07:45.452000+00:00,0,1349417265
1289232847,2529072432,2012-10-05 06:07:45.452000+00:00,0,1349417265
1289232847,3021192688,2012-10-05 06:07:45.452000+00:00,1,1349417265
1289232847,3735101795,2012-10-05 06:07:45.452000+00:00,0,1349417265
1289232847,3828122977,2012-10-05 06:07:45.452000+00:00,0,1349417265
23170479,2405536413,2012-10-05 06:42:21.742000+00:00,0,1349419341
23170479,1753679456,2012-10-05 06:42:21.742000+00:00,0,1349419341
23170479,955398943,2012-10-05 06:42:21.742000+00:00,1,1349419341
23170479,2782403445,2012-10-05 06:42:21.742000+00:00,0,1349419341
23170479,3985899647,2012-10-05 06:42:21.742000+00:00,0,1349419341
23170479,1996503357,2012-10-05 06:42:21.742000+00:00,0,1349419341
23170479,1532377761,2012-10-05 06:42:24.775000+00:00,1,1349419344
23170479,2529072432,2012-10-05 06:42:29.831000+00:00,1,1349419349
23170479,1390707377,2012-10-05 06:42:30.348000+00:00,1,1349419350
23170479,2776357538,2012-10-05 06:42:30.865000+00:00,1,1349419350
23170479,1600413013,2012-10-05 06:42:35.405000+00:00,1,1349419355
23170479,1044854627,2012-10-05 06:43:09.621000+00:00,1,1349419389
23170479,813650546,2012-10-05 06:43:14.203000+00:00,1,1349419394
23170479,3632072502,2012-10-05 06:43:20.336000+00:00,1,1349419400
23170479,2142755647,2012-10-05 06:43:21.948000+00:00,1,1349419401
3033728418,1532377761,2012-10-05 07:15:03.627000+00:00,0,1349421303
3033728418,3291515508,2012-10-05 07:15:03.627000+00:00,0,1349421303
3033728418,2529072432,2012-10-05 07:15:03.627000+00:00,0,1349421303
3033728418,1390707377,2012-10-05 07:15:03.627000+00:00,0,1349421303
3033728418,1600413013,2012-10-05 07:15:03.627000+00:00,1,1349421303
3033728418,955398943,2012-10-05 07:15:03.627000+00:00,0,1349421303
3430986998,1532377761,2012-10-05 08:23:28.971000+00:00,0,1349425408
3430986998,1390707377,2012-10-05 08:23:28.971000+00:00,0,1349425408
3430986998,1960789592,2012-10-05 08:23:28.971000+00:00,0,1349425408
3430986998,2529072432,2012-10-05 08:23:28.971000+00:00,0,1349425408
3430986998,1600413013,2012-10-05 08:23:28.971000+00:00,1,1349425408
3430986998,955398943,2012-10-05 08:23:28.971000+00:00,0,1349425408
3357589225,3637245518,2012-10-05 08:39:49.983000+00:00,0,1349426389
3357589225,862976415,2012-10-05 08:39:49.983000+00:00,1,1349426389
3357589225,1390707377,2012-10-05 08:39:49.983000+00:00,0,1349426389
3357589225,428794879,2012-10-05 08:39:49.983000+00:00,0,1349426389
3357589225,2854622624,2012-10-05 08:39:49.983000+00:00,0,1349426389
3357589225,3899671924,2012-10-05 08:39:49.983000+00:00,0,1349426389
3041198590,2529072432,2012-10-05 09:25:57.800000+00:00,0,1349429157
3041198590,1532377761,2012-10-05 09:25:57.800000+00:00,1,1349429157
3041198590,2433903660,2012-10-05 09:25:57.800000+00:00,0,1349429157
3041198590,3632072502,2012-10-05 09:25:57.800000+00:00,0,1349429157
3041198590,1390707377,2012-10-05 09:25:57.800000+00:00,0,1349429157
3041198590,3952421022,2012-10-05 09:25:57.800000+00:00,0,1349429157
3041198590,955398943,2012-10-05 09:26:03.400000+00:00,1,1349429163
95170590,955398943,2012-10-05 10:46:02.947000+00:00,1,1349433962
95170590,2655831834,2012-10-05 10:46:02.947000+00:00,0,1349433962
95170590,1044854627,2012-10-05 10:46:02.947000+00:00,0,1349433962
95170590,1600413013,2012-10-05 10:46:02.947000+00:00,0,1349433962
95170590,73460149,2012-10-05 10:46:02.947000+00:00,0,1349433962
95170590,1936167908,2012-10-05 10:46:02.947000+00:00,0,1349433962
95170590,460925649,2012-10-05 10:46:05.475000+00:00,1,1349433965
95170590,2529072432,2012-10-05 10:46:07.500000+00:00,1,1349433967
95170590,1390707377,2012-10-05 10:46:08.002000+00:00,1,1349433968
95170590,1532377761,2012-10-05 10:46:09.025000+00:00,1,1349433969
2890467561,955398943,2012-10-05 10:46:37.683000+00:00,0,1349433997
2890467561,1390707377,2012-10-05 10:46:37.683000+00:00,0,1349433997
2890467561,2529072432,2012-10-05 10:46:37.683000+00:00,0,1349433997
2890467561,445373500,2012-10-05 10:46:37.683000+00:00,1,1349433997
2890467561,1600413013,2012-10-05 10:46:37.683000+00:00,0,1349433997
2890467561,1532377761,2012-10-05 10:46:37.683000+00:00,0,1349433997
2233880590,1433540428,2012-10-05 11:08:07.244000+00:00,0,1349435287
2233880590,914532885,2012-10-05 11:08:07.244000+00:00,0,1349435287
2233880590,542448793,2012-10-05 11:08:07.244000+00:00,0,1349435287
2233880590,3434410911,2012-10-05 11:08:07.244000+00:00,1,1349435287
2233880590,1943275101,2012-10-05 11:08:07.244000+00:00,0,1349435287
2233880590,2724829651,2012-10-05 11:08:07.244000+00:00,0,1349435287
3893362486,1044854627,2012-10-05 11:09:28.832000+00:00,0,1349435368
3893362486,1600413013,2012-10-05 11:09:28.832000+00:00,0,1349435368
3893362486,2017478494,2012-10-05 11:09:28.832000+00:00,0,1349435368
3893362486,3632072502,2012-10-05 11:09:28.832000+00:00,0,1349435368
3893362486,2529072432,2012-10-05 11:09:28.832000+00:00,1,1349435368
3893362486,3802870894,2012-10-05 11:09:28.832000+00:00,0,1349435368
3893362486,1532377761,2012-10-05 11:09:40.967000+00:00,1,1349435380
3893362486,1390707377,2012-10-05 11:09:46.079000+00:00,1,1349435386
3893362486,955398943,2012-10-05 11:09:48.118000+00:00,1,1349435388
3169024744,1876951633,2012-10-05 11:17:58.594000+00:00,1,1349435878
3169024744,1670218702,2012-10-05 11:17:58.594000+00:00,0,1349435878
3169024744,108508030,2012-10-05 11:17:58.594000+00:00,0,1349435878
3169024744,582041333,2012-10-05 11:17:58.594000+00:00,0,1349435878
3169024744,206554895,2012-10-05 11:17:58.594000+00:00,0,1349435878
3169024744,774682244,2012-10-05 11:17:58.594000+00:00,0,1349435878
3169024744,1464985006,2012-10-05 11:19:32.035000+00:00,1,1349435972
2993320562,955398943,2012-10-05 12:07:16.185000+00:00,0,1349438836
2993320562,825525529,2012-10-05 12:07:16.185000+00:00,0,1349438836
2993320562,1601916220,2012-10-05 12:07:16.185000+00:00,0,1349438836
2993320562,1532377761,2012-10-05 12:07:16.185000+00:00,0,1349438836
2993320562,1390707377,2012-10-05 12:07:16.185000+00:00,1,1349438836
2993320562,2529072432,2012-10-05 12:07:16.185000+00:00,0,1349438836
2334852679,3759330615,2012-10-05 12:39:23.357000+00:00,0,1349440763
2334852679,2642751886,2012-10-05 12:39:23.357000+00:00,0,1349440763
2334852679,889116423,2012-10-05 12:39:23.357000+00:00,1,1349440763
2334852679,1900681884,2012-10-05 12:39:23.357000+00:00,0,1349440763
2334852679,2746757137,2012-10-05 12:39:23.357000+00:00,0,1349440763
2334852679,178648386,2012-10-05 12:39:23.357000+00:00,0,1349440763
26389537,1532377761,2012-10-05 12:51:22.928000+00:00,1,1349441482
26389537,1390707377,2012-10-05 12:51:22.928000+00:00,0,1349441482
26389537,999665321,2012-10-05 12:51:22.928000+00:00,0,1349441482
26389537,813808366,2012-10-05 12:51:22.928000+00:00,0,1349441482
26389537,1936167908,2012-10-05 12:51:22.928000+00:00,0,1349441482
26389537,2529072432,2012-10-05 12:51:22.928000+00:00,0,1349441482
26389537,1600413013,2012-10-05 12:51:23.927000+00:00,1,1349441483
26389537,955398943,2012-10-05 12:51:23.901000+00:00,1,1349441483
26389537,1044854627,2012-10-05 12:51:24.462000+00:00,1,1349441484
3300092451,2372401889,2012-10-05 13:49:38.875000+00:00,1,1349444978
3300092451,3838044081,2012-10-05 13:49:38.875000+00:00,0,1349444978
3300092451,3632072502,2012-10-05 13:49:38.875000+00:00,0,1349444978
3300092451,1538688389,2012-10-05 13:49:38.875000+00:00,0,1349444978
3300092451,1532377761,2012-10-05 13:49:38.875000+00:00,0,1349444978
3300092451,1390707377,2012-10-05 13:49:38.875000+00:00,0,1349444978
3300092451,510796094,2012-10-05 13:50:06.364000+00:00,1,1349445006
3406478396,2529072432,2012-10-05 13:54:18.118000+00:00,0,1349445258
3406478396,1532377761,2012-10-05 13:54:18.118000+00:00,0,1349445258
3406478396,3632072502,2012-10-05 13:54:18.118000+00:00,0,1349445258
3406478396,1390707377,2012-10-05 13:54:18.118000+00:00,1,1349445258
3406478396,863669353,2012-10-05 13:54:19.643000+00:00,1,1349445259
3406478396,955398943,2012-10-05 13:54:21.154000+00:00,1,1349445261
2546983756,775641004,2012-10-05 14:23:27.882000+00:00,0,1349447007
2546983756,1904753074,2012-10-05 14:23:27.882000+00:00,0,1349447007
2546983756,1928727087,2012-10-05 14:23:27.882000+00:00,0,1349447007
2546983756,763000217,2012-10-05 14:23:27.882000+00:00,1,1349447007
2546983756,3958632725,2012-10-05 14:23:27.882000+00:00,0,1349447007
2546983756,1665571549,2012-10-05 14:23:27.882000+00:00,0,1349447007
2546983756,729856026,2012-10-05 14:23:35.466000+00:00,1,1349447015
3811264923,3632072502,2012-10-05 15:08:12.332000+00:00,0,1349449692
3811264923,426902061,2012-10-05 15:08:12.332000+00:00,0,1349449692
3811264923,4106186736,2012-10-05 15:08:12.332000+00:00,0,1349449692
3811264923,1832462541,2012-10-05 15:08:12.332000+00:00,0,1349449692
3811264923,1044854627,2012-10-05 15:08:12.332000+00:00,0,1349449692
3811264923,955398943,2012-10-05 15:08:12.332000+00:00,1,1349449692
3811264923,2529072432,2012-10-05 15:08:13.911000+00:00,1,1349449693
3811264923,1600413013,2012-10-05 15:08:17.605000+00:00,1,1349449697
3811264923,1532377761,2012-10-05 15:08:22.205000+00:00,1,1349449702
3811264923,1390707377,2012-10-05 15:08:27.837000+00:00,1,1349449707
661151794,2549186516,2012-10-05 15:08:39.170000+00:00,0,1349449719
661151794,2162029283,2012-10-05 15:08:39.170000+00:00,0,1349449719
661151794,3780075220,2012-10-05 15:08:39.170000+00:00,1,1349449719
661151794,187728438,2012-10-05 15:08:39.170000+00:00,0,1349449719
661151794,2427659174,2012-10-05 15:08:39.170000+00:00,0,1349449719
661151794,1508535164,2012-10-05 15:08:39.170000+00:00,0,1349449719
1433939064,1960789592,2012-10-05 15:19:42.010000+00:00,0,1349450382
1433939064,1731353579,2012-10-05 15:19:42.010000+00:00,0,1349450382
1433939064,1536819364,2012-10-05 15:19:42.010000+00:00,1,1349450382
1433939064,3838044081,2012-10-05 15:19:42.010000+00:00,0,1349450382
1433939064,3083830288,2012-10-05 15:19:42.010000+00:00,0,1349450382
1433939064,645163767,2012-10-05 15:19:42.010000+00:00,0,1349450382
1433939064,1532377761,2012-10-05 15:20:35.831000+00:00,1,1349450435
1433939064,955398943,2012-10-05 15:20:35.788000+00:00,1,1349450435
1318722285,1532377761,2012-10-05 15:24:01.840000+00:00,0,1349450641
1318722285,2529072432,2012-10-05 15:24:01.840000+00:00,0,1349450641
1318722285,955398943,2012-10-05 15:24:01.840000+00:00,0,1349450641
1318722285,986099040,2012-10-05 15:24:01.840000+00:00,1,1349450641
1318722285,813808366,2012-10-05 15:24:01.840000+00:00,0,1349450641
1318722285,2252007144,2012-10-05 15:24:01.840000+00:00,0,1349450641
3376988073,3565166403,2012-10-05 15:51:51.090000+00:00,0,1349452311
3376988073,1532377761,2012-10-05 15:51:51.167000+00:00,1,1349452311
3376988073,3010686555,2012-10-05 15:51:51.090000+00:00,0,1349452311
3376988073,955398943,2012-10-05 15:51:51.148000+00:00,1,1349452311
3376988073,1282938425,2012-10-05 15:51:51.090000+00:00,0,1349452311
3376988073,2529072432,2012-10-05 15:51:51.090000+00:00,1,1349452311
3376988073,3632072502,2012-10-05 15:51:51.090000+00:00,0,1349452311
3376988073,2776566965,2012-10-05 15:51:51.090000+00:00,0,1349452311
3376988073,3300948291,2012-10-05 15:51:52.190000+00:00,1,1349452312
3376988073,1390707377,2012-10-05 15:52:01.252000+00:00,1,1349452321
1914182220,3769818139,2012-10-05 16:18:12.803000+00:00,1,1349453892
1914182220,955398943,2012-10-05 16:18:12.803000+00:00,0,1349453892
1914182220,2529072432,2012-10-05 16:18:12.803000+00:00,0,1349453892
1914182220,1532377761,2012-10-05 16:18:12.803000+00:00,0,1349453892
1914182220,1600413013,2012-10-05 16:18:12.803000+00:00,0,1349453892
1914182220,1390707377,2012-10-05 16:18:12.803000+00:00,0,1349453892
1914182220,2901008831,2012-10-05 16:18:14.324000+00:00,1,1349453894
1914182220,1601916220,2012-10-05 16:18:20.424000+00:00,1,1349453900
1914182220,1652875579,2012-10-05 16:19:32.933000+00:00,1,1349453972
1914182220,3632072502,2012-10-05 16:19:34.007000+00:00,1,1349453974
1227446685,2127963022,2012-10-05 16:37:49.970000+00:00,0,1349455069
1227446685,3021023405,2012-10-05 16:37:49.970000+00:00,0,1349455069
1227446685,2621627963,2012-10-05 16:37:49.970000+00:00,0,1349455069
1227446685,4028072926,2012-10-05 16:37:49.970000+00:00,1,1349455069
1227446685,3513983552,2012-10-05 16:37:49.970000+00:00,0,1349455069
1227446685,2461302232,2012-10-05 16:37:49.970000+00:00,0,1349455069
1990188032,3069411884,2012-10-05 16:49:06.790000+00:00,0,1349455746
1990188032,447655182,2012-10-05 16:49:06.790000+00:00,0,1349455746
1990188032,2742822035,2012-10-05 16:49:06.790000+00:00,0,1349455746
1990188032,53934373,2012-10-05 16:49:06.790000+00:00,0,1349455746
1990188032,1364538695,2012-10-05 16:49:06.790000+00:00,1,1349455746
1990188032,2693387972,2012-10-05 16:49:06.790000+00:00,0,1349455746
1990188032,169679772,2012-10-05 16:49:08.315000+00:00,1,1349455748
1622366272,2529072432,2012-10-05 17:34:23.907000+00:00,0,1349458463
1622366272,1390707377,2012-10-05 17:34:23.907000+00:00,1,1349458463
1622366272,1532377761,2012-10-05 17:34:23.907000+00:00,0,1349458463
1622366272,955398943,2012-10-05 17:34:23.907000+00:00,0,1349458463
1622366272,3565166403,2012-10-05 17:34:23.907000+00:00,0,1349458463
1622366272,1600413013,2012-10-05 17:34:23.907000+00:00,0,1349458463
2939775948,3934491209,2012-10-05 17:41:28.709000+00:00,0,1349458888
2939775948,2988656322,2012-10-05 17:41:28.709000+00:00,1,1349458888
2939775948,3300948291,2012-10-05 17:41:28.709000+00:00,0,1349458888
2939775948,986099040,2012-10-05 17:41:28.709000+00:00,0,1349458888
2939775948,4235779838,2012-10-05 17:41:28.709000+00:00,0,1349458888
2939775948,2196514887,2012-10-05 17:41:28.709000+00:00,0,1349458888
2939775948,445373500,2012-10-05 17:42:23.166000+00:00,1,1349458943
1079339663,422926531,2012-10-05 17:50:31.663000+00:00,0,1349459431
1079339663,4273169880,2012-10-05 17:55:45.010000+00:00,1,1349459745
1079339663,3965935592,2012-10-05 17:55:45.010000+00:00,0,1349459745
1079339663,2074041241,2012-10-05 17:55:45.010000+00:00,0,1349459745
1079339663,2877332363,2012-10-05 17:55:45.010000+00:00,0,1349459745
1079339663,1282190480,2012-10-05 17:55:45.010000+00:00,0,1349459745
1079339663,4215766191,2012-10-05 17:55:45.010000+00:00,0,1349459745
1079339663,2307226742,2012-10-05 17:59:24.236000+00:00,1,1349459964
1079339663,2611645010,2012-10-05 17:59:57.955000+00:00,1,1349459997
1079339663,1369208954,2012-10-05 18:00:39.394000+00:00,1,1349460039
15469418,1790004322,2012-10-05 18:47:40.797000+00:00,0,1349462860
15469418,3234409400,2012-10-05 18:47:40.797000+00:00,1,1349462860
15469418,986099040,2012-10-05 18:47:40.797000+00:00,0,1349462860
15469418,445373500,2012-10-05 18:47:40.797000+00:00,0,1349462860
15469418,3794224297,2012-10-05 18:47:40.797000+00:00,0,1349462860
15469418,955398943,2012-10-05 18:47:40.797000+00:00,0,1349462860
891035674,4220792229,2012-10-05 19:12:03.558000+00:00,1,1349464323
891035674,17874489,2012-10-05 19:12:03.558000+00:00,0,1349464323
891035674,3219983221,2012-10-05 19:12:03.558000+00:00,0,1349464323
891035674,2982847299,2012-10-05 19:12:03.558000+00:00,0,1349464323
4220962429,1951884947,2012-10-05 19:13:39.799000+00:00,0,1349464419
4220962429,2178152313,2012-10-05 19:13:39.799000+00:00,0,1349464419
4220962429,1124649470,2012-10-05 19:13:39.799000+00:00,0,1349464419
4220962429,1247327810,2012-10-05 19:13:39.799000+00:00,0,1349464419
4220962429,1950128895,2012-10-05 19:13:39.799000+00:00,0,1349464419
4220962429,29180020,2012-10-05 19:13:39.799000+00:00,1,1349464419
4220962429,1611840162,2012-10-05 19:13:44.367000+00:00,1,1349464424
4220962429,3926022702,2012-10-05 19:13:46.888000+00:00,1,1349464426
4220962429,4239416496,2012-10-05 19:13:47.911000+00:00,1,1349464427
4220962429,63434504,2012-10-05 19:13:49.431000+00:00,1,1349464429
4178291537,2468957580,2012-10-05 19:29:39.553000+00:00,0,1349465379
4178291537,1487659279,2012-10-05 19:29:39.553000+00:00,0,1349465379
4178291537,633242631,2012-10-05 19:29:39.553000+00:00,0,1349465379
4178291537,1275755916,2012-10-05 19:29:39.553000+00:00,1,1349465379
4178291537,332179237,2012-10-05 19:29:39.553000+00:00,0,1349465379
4178291537,28242790,2012-10-05 19:29:39.553000+00:00,0,1349465379
4178291537,3613324598,2012-10-05 19:29:43.649000+00:00,1,1349465383
4178291537,4222144697,2012-10-05 19:29:44.157000+00:00,1,1349465384
2467980416,863669353,2012-10-05 20:49:13.367000+00:00,0,1349470153
2467980416,1532377761,2012-10-05 20:49:13.367000+00:00,1,1349470153
2467980416,1983767076,2012-10-05 20:49:13.367000+00:00,0,1349470153
2467980416,2455219297,2012-10-05 20:49:13.367000+00:00,0,1349470153
2467980416,955398943,2012-10-05 20:49:13.367000+00:00,0,1349470153
2467980416,1390707377,2012-10-05 20:49:13.367000+00:00,0,1349470153
2223946882,202394818,2012-10-05 23:41:17.419000+00:00,0,1349480477
2223946882,4215766191,2012-10-05 23:41:17.419000+00:00,1,1349480477
2223946882,2837083684,2012-10-05 23:41:17.419000+00:00,0,1349480477
2223946882,966176695,2012-10-05 23:41:17.419000+00:00,0,1349480477
2223946882,1963129990,2012-10-05 23:41:17.419000+00:00,0,1349480477
2223946882,2877332363,2012-10-05 23:41:17.419000+00:00,0,1349480477
2223946882,1282190480,2012-10-05 23:41:18.931000+00:00,1,1349480478
2463413235,2498438372,2012-10-06 01:24:21.435000+00:00,0,1349486661
2463413235,174639232,2012-10-06 01:24:21.435000+00:00,0,1349486661
2463413235,3210034198,2012-10-06 01:24:21.435000+00:00,0,1349486661
2463413235,672898146,2012-10-06 01:24:21.435000+00:00,1,1349486661
2463413235,2891782769,2012-10-06 01:24:21.435000+00:00,0,1349486661
4007830365,2905482756,2012-10-06 01:44:12.663000+00:00,0,1349487852
4007830365,3956263256,2012-10-06 01:44:12.663000+00:00,0,1349487852
4007830365,3434513569,2012-10-06 01:44:12.663000+00:00,1,1349487852
4007830365,4125421459,2012-10-06 01:44:12.663000+00:00,0,1349487852
4007830365,3566919263,2012-10-06 01:44:12.663000+00:00,0,1349487852
4007830365,3875790954,2012-10-06 01:44:12.663000+00:00,0,1349487852
1296420014,2314011851,2012-10-06 02:10:19.781000+00:00,0,1349489419
1296420014,3633875859,2012-10-06 02:10:19.781000+00:00,0,1349489419
1296420014,864506904,2012-10-06 02:10:19.781000+00:00,0,1349489419
1296420014,2313995027,2012-10-06 02:10:19.781000+00:00,0,1349489419
1296420014,2009645483,2012-10-06 02:10:19.781000+00:00,1,1349489419
1296420014,889795193,2012-10-06 02:10:19.781000+00:00,0,1349489419
1296420014,1209358269,2012-10-06 02:11:01.523000+00:00,1,1349489461
4275037038,1104077405,2012-10-06 03:58:47.156000+00:00,0,1349495927
4275037038,2275768334,2012-10-06 03:58:47.156000+00:00,0,1349495927
4275037038,1611840162,2012-10-06 03:58:47.156000+00:00,1,1349495927
4275037038,237485904,2012-10-06 03:58:47.156000+00:00,0,1349495927
4275037038,2122213042,2012-10-06 03:58:47.156000+00:00,0,1349495927
4275037038,445373500,2012-10-06 03:58:47.156000+00:00,0,1349495927
2671029253,896121769,2012-10-06 04:37:24.918000+00:00,0,1349498244
2671029253,809213795,2012-10-06 04:37:24.918000+00:00,0,1349498244
2671029253,3048394832,2012-10-06 04:37:24.918000+00:00,0,1349498244
2671029253,3191533412,2012-10-06 04:37:24.918000+00:00,0,1349498244
2671029253,750584397,2012-10-06 04:37:24.918000+00:00,1,1349498244
2671029253,718752800,2012-10-06 04:37:24.918000+00:00,0,1349498244
221442949,1044854627,2012-10-06 04:37:39.006000+00:00,0,1349498259
221442949,426902061,2012-10-06 04:37:39.006000+00:00,0,1349498259
221442949,4114638129,2012-10-06 04:37:39.006000+00:00,0,1349498259
221442949,3606182932,2012-10-06 04:37:39.006000+00:00,0,1349498259
221442949,2252007144,2012-10-06 04:37:39.006000+00:00,0,1349498259
221442949,1390707377,2012-10-06 04:37:39.006000+00:00,1,1349498259
221442949,264366149,2012-10-06 04:37:52.103000+00:00,1,1349498272
221442949,986099040,2012-10-06 04:37:53.626000+00:00,1,1349498273
221442949,2529072432,2012-10-06 04:38:00.301000+00:00,1,1349498280
221442949,1600413013,2012-10-06 04:38:05.420000+00:00,1,1349498285
221442949,955398943,2012-10-06 04:38:06.440000+00:00,1,1349498286
221442949,1532377761,2012-10-06 04:38:07.968000+00:00,1,1349498287
221442949,1033318499,2012-10-06 04:38:10.005000+00:00,1,1349498290
3390146258,4025878315,2012-10-06 05:45:04.694000+00:00,0,1349502304
3390146258,3925512770,2012-10-06 05:45:04.694000+00:00,1,1349502304
3390146258,3407311067,2012-10-06 05:45:04.694000+00:00,0,1349502304
3390146258,4106186736,2012-10-06 05:45:04.694000+00:00,0,1349502304
3390146258,589257919,2012-10-06 05:45:04.694000+00:00,0,1349502304
3390146258,4276275266,2012-10-06 05:45:04.694000+00:00,0,1349502304
3390146258,2570572563,2012-10-06 05:45:13.757000+00:00,1,1349502313
3390146258,2385338568,2012-10-06 05:45:15.274000+00:00,1,1349502315
3903823612,1188520854,2012-10-06 07:55:48.548000+00:00,0,1349510148
3903823612,2872096089,2012-10-06 07:55:48.548000+00:00,0,1349510148
3903823612,1084042117,2012-10-06 07:55:48.548000+00:00,0,1349510148
3903823612,1532377761,2012-10-06 07:55:48.548000+00:00,1,1349510148
3903823612,1390707377,2012-10-06 07:55:48.548000+00:00,0,1349510148
3903823612,1242636641,2012-10-06 07:55:48.548000+00:00,0,1349510148
3903823612,1678145610,2012-10-06 07:55:53.121000+00:00,1,1349510153
171842881,3632072502,2012-10-06 08:12:22.913000+00:00,1,1349511142
171842881,1390707377,2012-10-06 08:12:22.913000+00:00,0,1349511142
171842881,1532377761,2012-10-06 08:12:22.913000+00:00,0,1349511142
171842881,2808705599,2012-10-06 08:12:22.913000+00:00,0,1349511142
171842881,2607100460,2012-10-06 08:12:22.913000+00:00,0,1349511142
171842881,2794244676,2012-10-06 08:12:22.913000+00:00,0,1349511142
1159947871,3985899647,2012-10-06 09:09:39.689000+00:00,0,1349514579
1159947871,1390707377,2012-10-06 09:09:39.689000+00:00,0,1349514579
1159947871,1601916220,2012-10-06 09:09:39.689000+00:00,0,1349514579
1159947871,1753679456,2012-10-06 09:09:39.689000+00:00,0,1349514579
1159947871,1532377761,2012-10-06 09:09:39.689000+00:00,0,1349514579
1159947871,3173314627,2012-10-06 09:09:39.689000+00:00,1,1349514579
3464554032,2894128040,2012-10-06 12:01:31.589000+00:00,1,1349524891
3464554032,2264041858,2012-10-06 12:01:31.589000+00:00,0,1349524891
3464554032,3397593388,2012-10-06 12:01:31.589000+00:00,0,1349524891
3464554032,1103665416,2012-10-06 12:01:31.589000+00:00,0,1349524891
3464554032,3180988532,2012-10-06 12:01:34.635000+00:00,1,1349524894
3464554032,2258521927,2012-10-06 12:01:39.429000+00:00,1,1349524899
3464554032,889795193,2012-10-06 12:01:47.028000+00:00,1,1349524907
3464554032,1270829015,2012-10-06 12:01:48.056000+00:00,1,1349524908
3464554032,645163767,2012-10-06 12:01:49.081000+00:00,1,1349524909
3464554032,2777472459,2012-10-06 12:01:51.868000+00:00,1,1349524911
321386359,3247562562,2012-10-06 16:46:19.139000+00:00,0,1349541979
321386359,645163767,2012-10-06 16:46:19.139000+00:00,1,1349541979
321386359,3538230257,2012-10-06 16:46:19.139000+00:00,0,1349541979
321386359,1507639278,2012-10-06 16:46:19.139000+00:00,0,1349541979
321386359,2127623176,2012-10-06 16:46:19.139000+00:00,0,1349541979
321386359,4147703743,2012-10-06 16:46:19.139000+00:00,0,1349541979
2945726385,3076799165,2012-10-06 17:32:53.417000+00:00,0,1349544773
2945726385,2004127159,2012-10-06 17:32:53.417000+00:00,0,1349544773
2945726385,966176695,2012-10-06 17:32:53.417000+00:00,0,1349544773
2945726385,4010518120,2012-10-06 17:32:53.417000+00:00,1,1349544773
2945726385,1484456382,2012-10-06 17:32:53.417000+00:00,0,1349544773
2945726385,2456511255,2012-10-06 17:32:53.417000+00:00,0,1349544773
4261340176,2390324672,2012-10-06 19:10:09.689000+00:00,0,1349550609
4261340176,4294096869,2012-10-06 19:10:09.689000+00:00,0,1349550609
4261340176,1879190850,2012-10-06 19:10:09.689000+00:00,0,1349550609
4261340176,3371362346,2012-10-06 19:10:09.689000+00:00,0,1349550609
4261340176,3640265762,2012-10-06 19:10:09.689000+00:00,1,1349550609
4261340176,3521274632,2012-10-06 19:10:09.689000+00:00,0,1349550609
1353596523,3374652016,2012-10-06 19:55:47.578000+00:00,0,1349553347
1353596523,3300948291,2012-10-06 19:55:47.578000+00:00,1,1349553347
1353596523,2776566965,2012-10-06 19:55:47.578000+00:00,0,1349553347
1353596523,1035136905,2012-10-06 19:55:47.578000+00:00,0,1349553347
1353596523,3934491209,2012-10-06 19:55:47.578000+00:00,0,1349553347
1353596523,3838044081,2012-10-06 19:55:47.578000+00:00,0,1349553347
3488485988,1993111201,2012-10-07 00:31:05.546000+00:00,0,1349569865
3488485988,1187237091,2012-10-07 00:31:05.546000+00:00,0,1349569865
3488485988,3838044081,2012-10-07 00:31:05.546000+00:00,0,1349569865
3488485988,645163767,2012-10-07 00:31:05.546000+00:00,1,1349569865
3488485988,3478474611,2012-10-07 00:31:05.546000+00:00,0,1349569865
3488485988,3270933059,2012-10-07 00:31:05.546000+00:00,0,1349569865
23150045,1373703897,2012-10-07 01:01:06.034000+00:00,0,1349571666
23150045,2126750158,2012-10-07 01:01:06.034000+00:00,0,1349571666
23150045,2705316616,2012-10-07 01:01:06.034000+00:00,0,1349571666
23150045,3328980614,2012-10-07 01:01:06.034000+00:00,0,1349571666
23150045,735593165,2012-10-07 01:01:06.034000+00:00,1,1349571666
23150045,692753668,2012-10-07 01:01:06.034000+00:00,0,1349571666
3240337776,1312506827,2012-10-07 05:06:18.562000+00:00,0,1349586378
3240337776,2772929791,2012-10-07 05:06:18.562000+00:00,0,1349586378
3240337776,3738186641,2012-10-07 05:06:18.562000+00:00,0,1349586378
3240337776,83332510,2012-10-07 05:06:18.562000+00:00,0,1349586378
3240337776,4124620007,2012-10-07 05:06:18.562000+00:00,0,1349586378
3240337776,1640004842,2012-10-07 05:06:18.562000+00:00,1,1349586378
642317092,761140108,2012-10-07 05:38:02.249000+00:00,0,1349588282
642317092,4211366080,2012-10-07 05:38:02.249000+00:00,1,1349588282
642317092,54535450,2012-10-07 05:38:02.249000+00:00,0,1349588282
642317092,3669346949,2012-10-07 05:38:02.249000+00:00,0,1349588282
642317092,1832462541,2012-10-07 05:38:02.249000+00:00,0,1349588282
642317092,1974247761,2012-10-07 05:38:02.249000+00:00,0,1349588282
642317092,678132679,2012-10-07 05:38:14.503000+00:00,1,1349588294
171842881,3838044081,2012-10-07 06:10:45.157000+00:00,0,1349590245
171842881,3341977420,2012-10-07 06:10:45.157000+00:00,0,1349590245
171842881,797638314,2012-10-07 06:10:45.157000+00:00,1,1349590245
171842881,3934491209,2012-10-07 06:10:45.157000+00:00,0,1349590245
171842881,915097673,2012-10-07 06:10:45.157000+00:00,0,1349590245
171842881,1561139627,2012-10-07 06:10:45.157000+00:00,0,1349590245
1109682681,4182729306,2012-10-07 07:06:28.822000+00:00,0,1349593588
1109682681,2093319113,2012-10-07 07:06:28.822000+00:00,1,1349593588
1109682681,3911022906,2012-10-07 07:06:28.822000+00:00,0,1349593588
1109682681,2103785836,2012-10-07 07:06:28.822000+00:00,0,1349593588
1109682681,2264041858,2012-10-07 07:06:28.822000+00:00,0,1349593588
3646961870,3774454065,2012-10-07 09:24:11.559000+00:00,0,1349601851
3646961870,392004313,2012-10-07 09:24:11.559000+00:00,1,1349601851
3646961870,3838044081,2012-10-07 09:24:11.559000+00:00,0,1349601851
3646961870,3911022906,2012-10-07 09:24:11.559000+00:00,0,1349601851
3646961870,3458574870,2012-10-07 09:24:11.559000+00:00,0,1349601851
3646961870,4106186736,2012-10-07 09:24:11.559000+00:00,0,1349601851
4081921627,1650425619,2012-10-07 12:52:41.505000+00:00,0,1349614361
4081921627,3730987913,2012-10-07 12:52:41.505000+00:00,0,1349614361
4081921627,2028133922,2012-10-07 12:52:41.505000+00:00,1,1349614361
4081921627,456154992,2012-10-07 12:52:41.505000+00:00,0,1349614361
4081921627,1991348663,2012-10-07 12:52:41.505000+00:00,0,1349614361
4081921627,1107859556,2012-10-07 12:52:41.505000+00:00,0,1349614361
4081921627,2804196261,2012-10-07 12:52:50.058000+00:00,1,1349614370
4081921627,3335267094,2012-10-07 12:52:56.608000+00:00,1,1349614376
2914443596,3979927641,2012-10-07 13:19:42.008000+00:00,0,1349615982
2914443596,872950970,2012-10-07 13:19:42.008000+00:00,0,1349615982
2914443596,1258131508,2012-10-07 13:19:42.008000+00:00,0,1349615982
2914443596,730938870,2012-10-07 13:19:42.008000+00:00,0,1349615982
2914443596,2081508008,2012-10-07 13:19:42.008000+00:00,0,1349615982
2914443596,3596836719,2012-10-07 13:19:42.008000+00:00,1,1349615982
2914443596,2284410316,2012-10-07 13:20:08.649000+00:00,1,1349616008
661151794,1430932461,2012-10-07 15:27:52.026000+00:00,0,1349623672
661151794,3175383828,2012-10-07 15:27:52.026000+00:00,0,1349623672
661151794,3881506984,2012-10-07 15:27:52.026000+00:00,1,1349623672
661151794,187728438,2012-10-07 15:27:52.026000+00:00,0,1349623672
661151794,4098307380,2012-10-07 15:27:52.026000+00:00,0,1349623672
661151794,1381535648,2012-10-07 15:27:52.026000+00:00,0,1349623672
661151794,1326595643,2012-10-07 15:27:53.552000+00:00,1,1349623673
661151794,2268576153,2012-10-07 15:27:58.722000+00:00,1,1349623678
3898478698,2776566965,2012-10-07 16:07:31.777000+00:00,1,1349626051
3898478698,1907898664,2012-10-07 16:07:31.777000+00:00,0,1349626051
3898478698,199858305,2012-10-07 16:07:31.777000+00:00,0,1349626051
3898478698,900649983,2012-10-07 16:07:31.777000+00:00,0,1349626051
3898478698,2823119321,2012-10-07 16:07:31.777000+00:00,0,1349626051
3898478698,479218640,2012-10-07 16:07:31.777000+00:00,0,1349626051
3898478698,2253311961,2012-10-07 16:07:33.300000+00:00,1,1349626053
3199368063,2045816822,2012-10-07 16:42:37.548000+00:00,0,1349628157
3199368063,605260413,2012-10-07 16:42:37.548000+00:00,0,1349628157
3199368063,1364682420,2012-10-07 16:42:37.548000+00:00,0,1349628157
3199368063,3290701166,2012-10-07 16:42:37.548000+00:00,1,1349628157
3199368063,1036990545,2012-10-07 16:42:37.548000+00:00,0,1349628157
3199368063,460864556,2012-10-07 16:42:37.548000+00:00,0,1349628157
785251375,3838044081,2012-10-07 16:52:13.202000+00:00,0,1349628733
785251375,645163767,2012-10-07 16:52:13.202000+00:00,0,1349628733
785251375,1993111201,2012-10-07 16:52:13.202000+00:00,0,1349628733
785251375,2264041858,2012-10-07 16:52:13.202000+00:00,1,1349628733
785251375,1517730411,2012-10-07 16:52:13.202000+00:00,0,1349628733
785251375,867953287,2012-10-07 16:52:13.202000+00:00,0,1349628733
3298977709,415121897,2012-10-07 16:56:51.767000+00:00,1,1349629011
3298977709,4061374867,2012-10-07 16:56:51.767000+00:00,0,1349629011
3298977709,3907154058,2012-10-07 16:56:51.767000+00:00,0,1349629011
3298977709,3026257237,2012-10-07 16:56:51.767000+00:00,0,1349629011
3298977709,3009527181,2012-10-07 16:56:51.767000+00:00,0,1349629011
3298977709,4080537914,2012-10-07 16:56:51.767000+00:00,0,1349629011
3384563138,1516890542,2012-10-07 23:04:18.546000+00:00,0,1349651058
3384563138,702719295,2012-10-07 23:04:18.546000+00:00,1,1349651058
3384563138,200781541,2012-10-07 23:04:18.546000+00:00,0,1349651058
3384563138,2133473801,2012-10-07 23:04:18.546000+00:00,0,1349651058
3384563138,2491530958,2012-10-07 23:04:18.546000+00:00,0,1349651058
3384563138,2795394372,2012-10-07 23:04:18.546000+00:00,0,1349651058
990496397,955334047,2012-10-08 00:22:00.042000+00:00,0,1349655720
990496397,688314875,2012-10-08 00:22:00.042000+00:00,0,1349655720
990496397,794747940,2012-10-08 00:22:00.042000+00:00,0,1349655720
990496397,3838044081,2012-10-08 00:22:00.042000+00:00,1,1349655720
990496397,582279263,2012-10-08 00:22:00.042000+00:00,0,1349655720
990496397,1728846117,2012-10-08 00:22:00.042000+00:00,0,1349655720
3715196259,242495922,2012-10-08 02:31:01.306000+00:00,0,1349663461
3715196259,724969489,2012-10-08 02:31:01.306000+00:00,0,1349663461
3715196259,1335651304,2012-10-08 02:31:01.306000+00:00,0,1349663461
3715196259,2450679563,2012-10-08 02:31:01.306000+00:00,1,1349663461
3715196259,2497272063,2012-10-08 02:31:01.306000+00:00,0,1349663461
3715196259,207490276,2012-10-08 02:31:01.306000+00:00,0,1349663461
3715196259,241689075,2012-10-08 02:31:06.363000+00:00,1,1349663466
3715196259,2573518736,2012-10-08 02:31:18.956000+00:00,1,1349663478
3715196259,2979855962,2012-10-08 02:31:26.509000+00:00,1,1349663486
2912946138,1958206168,2012-10-08 02:31:31.046000+00:00,0,1349663491
2912946138,1508286450,2012-10-08 02:31:31.046000+00:00,0,1349663491
2912946138,2079744277,2012-10-08 02:31:31.046000+00:00,0,1349663491
2912946138,2315439666,2012-10-08 02:31:31.046000+00:00,0,1349663491
2912946138,3062356265,2012-10-08 02:31:31.046000+00:00,0,1349663491
2912946138,2345215183,2012-10-08 02:31:31.046000+00:00,1,1349663491
2196976878,2642084542,2012-10-08 04:26:57.225000+00:00,0,1349670417
2196976878,1255904420,2012-10-08 04:26:57.225000+00:00,0,1349670417
2196976878,3219737521,2012-10-08 04:26:57.225000+00:00,1,1349670417
2196976878,2012506795,2012-10-08 04:26:57.225000+00:00,0,1349670417
2196976878,3809365080,2012-10-08 04:26:57.225000+00:00,0,1349670417
2196976878,110927946,2012-10-08 04:26:57.225000+00:00,0,1349670417
2196976878,2784973713,2012-10-08 04:28:00.200000+00:00,1,1349670480
2467706552,3709772523,2012-10-08 06:37:34.337000+00:00,0,1349678254
2467706552,3838044081,2012-10-08 06:37:34.337000+00:00,1,1349678254
2467706552,3264448398,2012-10-08 06:37:34.337000+00:00,0,1349678254
2467706552,261218444,2012-10-08 06:37:34.337000+00:00,0,1349678254
2467706552,390945698,2012-10-08 06:37:34.337000+00:00,0,1349678254
2467706552,2529072432,2012-10-08 06:37:34.337000+00:00,0,1349678254
1060557660,1600413013,2012-10-08 09:25:14.463000+00:00,0,1349688314
1060557660,2823119321,2012-10-08 09:25:14.463000+00:00,0,1349688314
1060557660,1391158753,2012-10-08 09:25:14.463000+00:00,0,1349688314
1060557660,3925512770,2012-10-08 09:25:14.463000+00:00,1,1349688314
1060557660,2870889809,2012-10-08 09:25:31.089000+00:00,1,1349688331
2034536037,3264448398,2012-10-08 09:48:18.713000+00:00,0,1349689698
2034536037,4145779864,2012-10-08 09:48:18.713000+00:00,1,1349689698
2034536037,625259568,2012-10-08 09:48:18.713000+00:00,0,1349689698
2034536037,2519922801,2012-10-08 09:48:18.713000+00:00,0,1349689698
2034536037,1791652679,2012-10-08 09:48:18.713000+00:00,0,1349689698
2034536037,2867164384,2012-10-08 09:48:18.713000+00:00,0,1349689698
4192733318,3081875998,2012-10-08 10:28:33.808000+00:00,0,1349692113
4192733318,4145779864,2012-10-08 10:28:33.808000+00:00,1,1349692113
4192733318,2530774373,2012-10-08 10:28:33.808000+00:00,0,1349692113
4192733318,3755008121,2012-10-08 10:28:33.808000+00:00,0,1349692113
4192733318,2954869825,2012-10-08 10:28:33.808000+00:00,0,1349692113
4192733318,606749223,2012-10-08 10:30:55.114000+00:00,1,1349692255
4192733318,2968986224,2012-10-08 10:30:55.096000+00:00,1,1349692255
4192733318,519339673,2012-10-08 10:30:55.077000+00:00,1,1349692255
2577093097,301530247,2012-10-08 10:35:35.163000+00:00,0,1349692535
2577093097,2129049769,2012-10-08 10:35:35.163000+00:00,0,1349692535
2577093097,4104785185,2012-10-08 10:35:35.163000+00:00,1,1349692535
2577093097,2306621524,2012-10-08 10:35:35.163000+00:00,0,1349692535
2577093097,1631274105,2012-10-08 10:35:35.163000+00:00,0,1349692535
2577093097,474449136,2012-10-08 10:35:35.163000+00:00,0,1349692535
2577093097,375366678,2012-10-08 10:37:15.769000+00:00,1,1349692635
1964309262,2264041858,2012-10-08 10:55:23.850000+00:00,0,1349693723
1964309262,2773204108,2012-10-08 10:55:23.850000+00:00,0,1349693723
1964309262,1520030208,2012-10-08 10:55:23.850000+00:00,1,1349693723
1964309262,2823119321,2012-10-08 10:55:23.850000+00:00,0,1349693723
1964309262,3838044081,2012-10-08 10:55:23.850000+00:00,0,1349693723
1964309262,1600413013,2012-10-08 10:55:23.850000+00:00,0,1349693723
1964309262,1645370294,2012-10-08 10:56:44.407000+00:00,1,1349693804
1073821707,2529072432,2012-10-08 12:08:23.488000+00:00,0,1349698103
1073821707,1089819483,2012-10-08 12:08:23.488000+00:00,0,1349698103
1073821707,861118590,2012-10-08 12:08:23.488000+00:00,1,1349698103
1073821707,1245050522,2012-10-08 12:08:23.488000+00:00,0,1349698103
1073821707,955398943,2012-10-08 12:08:23.488000+00:00,0,1349698103
1073821707,2093319113,2012-10-08 12:08:23.488000+00:00,0,1349698103
3719575513,2394399969,2012-10-08 12:26:53.803000+00:00,0,1349699213
3719575513,2269626530,2012-10-08 12:26:53.803000+00:00,0,1349699213
3719575513,1829625839,2012-10-08 12:26:53.803000+00:00,1,1349699213
3719575513,1600413013,2012-10-08 12:26:53.803000+00:00,0,1349699213
3719575513,955398943,2012-10-08 12:26:53.803000+00:00,0,1349699213
3719575513,3838044081,2012-10-08 12:26:53.803000+00:00,0,1349699213
1879908611,3808789648,2012-10-08 12:30:47.770000+00:00,1,1349699447
1879908611,2575172306,2012-10-08 12:30:47.770000+00:00,0,1349699447
1879908611,88871313,2012-10-08 12:30:47.770000+00:00,0,1349699447
1879908611,823446235,2012-10-08 12:30:47.770000+00:00,0,1349699447
1879908611,3784642395,2012-10-08 12:30:47.770000+00:00,0,1349699447
1879908611,2004151159,2012-10-08 12:30:47.770000+00:00,0,1349699447
1882344631,3318084807,2012-10-08 13:25:41.106000+00:00,0,1349702741
1882344631,3165830762,2012-10-08 13:25:41.106000+00:00,0,1349702741
1882344631,3711746032,2012-10-08 13:25:41.106000+00:00,1,1349702741
1882344631,344812468,2012-10-08 13:25:41.106000+00:00,0,1349702741
1882344631,2460315917,2012-10-08 13:25:41.106000+00:00,0,1349702741
1882344631,435185357,2012-10-08 13:25:41.106000+00:00,0,1349702741
4269216118,3838044081,2012-10-08 13:27:11.398000+00:00,0,1349702831
4269216118,955398943,2012-10-08 13:27:11.398000+00:00,0,1349702831
4269216118,3316845347,2012-10-08 13:27:11.398000+00:00,1,1349702831
4269216118,2867164384,2012-10-08 13:27:11.398000+00:00,0,1349702831
4269216118,1630489177,2012-10-08 13:27:11.398000+00:00,0,1349702831
4269216118,1829625839,2012-10-08 13:27:11.398000+00:00,0,1349702831
1882344631,1565011423,2012-10-08 13:27:38.816000+00:00,1,1349702858
1882344631,627290679,2012-10-08 13:27:54.680000+00:00,1,1349702874
1882344631,2859386475,2012-10-08 13:27:59.364000+00:00,1,1349702879
1882344631,66357203,2012-10-08 13:28:04.413000+00:00,1,1349702884
1882344631,3981222120,2012-10-08 13:28:10.018000+00:00,1,1349702890
1882344631,3174718152,2012-10-08 13:28:42.330000+00:00,1,1349702922
2023976924,1977406305,2012-10-08 13:40:19.403000+00:00,0,1349703619
2023976924,3974620202,2012-10-08 13:40:19.403000+00:00,0,1349703619
2023976924,2823119321,2012-10-08 13:40:19.403000+00:00,0,1349703619
2023976924,1811322299,2012-10-08 13:40:19.403000+00:00,1,1349703619
2023976924,1600413013,2012-10-08 13:40:19.403000+00:00,0,1349703619
2023976924,479218640,2012-10-08 13:40:19.403000+00:00,0,1349703619
2023976924,900649983,2012-10-08 13:40:36.247000+00:00,1,1349703636
1143069903,1393708890,2012-10-08 18:35:39.489000+00:00,0,1349721339
1143069903,2984989998,2012-10-08 18:35:39.489000+00:00,0,1349721339
1143069903,3781961564,2012-10-08 18:35:39.489000+00:00,0,1349721339
1143069903,2093319113,2012-10-08 18:35:39.489000+00:00,1,1349721339
1143069903,1652875579,2012-10-08 18:35:41.014000+00:00,1,1349721341
3223036396,1431039561,2012-10-08 19:30:21.398000+00:00,0,1349724621
3223036396,2415873572,2012-10-08 19:30:21.398000+00:00,0,1349724621
3223036396,2834364568,2012-10-08 19:30:21.398000+00:00,0,1349724621
3223036396,2264041858,2012-10-08 19:30:21.398000+00:00,1,1349724621
3223036396,856475566,2012-10-08 19:30:21.398000+00:00,0,1349724621
3223036396,3382266244,2012-10-08 19:30:21.398000+00:00,0,1349724621
4137863751,1080582769,2012-10-08 22:01:11.384000+00:00,0,1349733671
4137863751,3345225671,2012-10-08 22:01:11.384000+00:00,0,1349733671
4137863751,83332510,2012-10-08 22:01:11.384000+00:00,0,1349733671
4137863751,4201550847,2012-10-08 22:01:11.384000+00:00,1,1349733671
4137863751,3974066619,2012-10-08 22:01:11.384000+00:00,0,1349733671
4137863751,3414181314,2012-10-08 22:01:11.384000+00:00,0,1349733671
4137863751,1818408219,2012-10-08 22:01:34.039000+00:00,1,1349733694
1652448351,1462736290,2012-10-08 23:26:29.164000+00:00,0,1349738789
1652448351,1041949398,2012-10-08 23:26:29.164000+00:00,0,1349738789
1652448351,1818408219,2012-10-08 23:26:29.164000+00:00,0,1349738789
1652448351,3106485137,2012-10-08 23:26:29.164000+00:00,0,1349738789
1652448351,83332510,2012-10-08 23:26:29.164000+00:00,0,1349738789
1652448351,4201550847,2012-10-08 23:26:29.164000+00:00,1,1349738789
2717402855,854213413,2012-10-08 23:35:26.812000+00:00,0,1349739326
2717402855,2695345830,2012-10-08 23:35:26.812000+00:00,0,1349739326
2717402855,2357213703,2012-10-08 23:35:26.812000+00:00,0,1349739326
2717402855,4100467276,2012-10-08 23:35:26.812000+00:00,1,1349739326
2717402855,553002810,2012-10-08 23:35:26.812000+00:00,0,1349739326
2717402855,643284065,2012-10-08 23:35:26.812000+00:00,0,1349739326
1114094430,2929656192,2012-10-09 00:33:11.422000+00:00,0,1349742791
1114094430,3744997604,2012-10-09 00:33:11.422000+00:00,1,1349742791
1114094430,1510737024,2012-10-09 00:33:11.422000+00:00,0,1349742791
1114094430,2456511255,2012-10-09 00:33:11.422000+00:00,0,1349742791
1114094430,3551669536,2012-10-09 00:33:11.422000+00:00,0,1349742791
1114094430,2504428394,2012-10-09 00:33:11.422000+00:00,0,1349742791
4257951883,2422402842,2012-10-09 00:58:06.556000+00:00,0,1349744286
4257951883,881849271,2012-10-09 00:58:06.556000+00:00,1,1349744286
4257951883,183080593,2012-10-09 00:58:06.556000+00:00,0,1349744286
4257951883,3599006720,2012-10-09 00:58:06.556000+00:00,0,1349744286
4257951883,3062356265,2012-10-09 00:58:06.556000+00:00,0,1349744286
4257951883,1072343159,2012-10-09 00:58:06.556000+00:00,0,1349744286
4257951883,3478806116,2012-10-09 00:58:08.589000+00:00,1,1349744288
4257951883,1180607121,2012-10-09 00:58:24.687000+00:00,1,1349744304
4257951883,2178315774,2012-10-09 00:58:27.711000+00:00,1,1349744307
743008535,2721223260,2012-10-09 06:02:46.785000+00:00,0,1349762566
743008535,4100846290,2012-10-09 06:02:46.785000+00:00,0,1349762566
743008535,4047436521,2012-10-09 06:02:46.785000+00:00,0,1349762566
743008535,2062854199,2012-10-09 06:02:46.785000+00:00,0,1349762566
743008535,3461255917,2012-10-09 06:02:46.785000+00:00,1,1349762566
743008535,4125204455,2012-10-09 06:02:46.785000+00:00,0,1349762566
120053518,2529072432,2012-10-09 10:37:45.607000+00:00,1,1349779065
120053518,2282291531,2012-10-09 10:37:45.607000+00:00,0,1349779065
120053518,1155472355,2012-10-09 10:37:45.607000+00:00,0,1349779065
120053518,2369873901,2012-10-09 10:37:45.607000+00:00,0,1349779065
120053518,955398943,2012-10-09 10:39:43.377000+00:00,0,1349779183
120053518,1600413013,2012-10-09 10:42:22.163000+00:00,1,1349779342
120053518,861118590,2012-10-09 10:42:23.185000+00:00,1,1349779343
120053518,3219059524,2012-10-09 10:42:24.702000+00:00,1,1349779344
120053518,3118974631,2012-10-09 10:42:26.727000+00:00,1,1349779346
120053518,3404987729,2012-10-09 10:43:18.039000+00:00,1,1349779398
3486057072,491095881,2012-10-09 11:15:59.731000+00:00,0,1349781359
3486057072,3438779574,2012-10-09 11:15:59.731000+00:00,0,1349781359
3486057072,1793588465,2012-10-09 11:15:59.731000+00:00,0,1349781359
3486057072,2237504401,2012-10-09 11:15:59.731000+00:00,0,1349781359
3486057072,1428612515,2012-10-09 11:15:59.731000+00:00,0,1349781359
3486057072,2223651182,2012-10-09 11:15:59.731000+00:00,1,1349781359
3486057072,767782490,2012-10-09 11:16:02.760000+00:00,1,1349781362
3486057072,1471140446,2012-10-09 11:18:02.044000+00:00,1,1349781482
3486057072,1474416640,2012-10-09 11:18:27.041000+00:00,1,1349781507
3486057072,2626154283,2012-10-09 11:18:29.604000+00:00,1,1349781509
3486057072,3526965347,2012-10-09 11:26:19.296000+00:00,1,1349781979
3486057072,1785099143,2012-10-09 11:26:29.861000+00:00,1,1349781989
3486057072,1498441841,2012-10-09 11:26:33.942000+00:00,1,1349781993
3486057072,1168483619,2012-10-09 11:26:37.990000+00:00,1,1349781997
3486057072,2921824776,2012-10-09 11:26:43.013000+00:00,1,1349782003
3035853030,1849550758,2012-10-09 14:33:06.589000+00:00,1,1349793186
3035853030,1854380763,2012-10-09 14:33:06.589000+00:00,0,1349793186
3035853030,1406619711,2012-10-09 14:33:06.589000+00:00,0,1349793186
3035853030,3930310541,2012-10-09 14:33:06.589000+00:00,0,1349793186
3035853030,489711508,2012-10-09 14:33:06.589000+00:00,0,1349793186
3035853030,1997149065,2012-10-09 14:33:06.589000+00:00,0,1349793186
272886293,199858305,2012-10-09 17:18:40.324000+00:00,0,1349803120
272886293,1428612515,2012-10-09 17:18:40.324000+00:00,0,1349803120
272886293,1361741648,2012-10-09 17:18:40.324000+00:00,0,1349803120
272886293,1600413013,2012-10-09 17:18:40.324000+00:00,1,1349803120
272886293,3264448398,2012-10-09 17:18:40.324000+00:00,0,1349803120
272886293,3655295959,2012-10-09 17:18:41.344000+00:00,1,1349803121
272886293,2237504401,2012-10-09 17:18:46.469000+00:00,1,1349803126
3803479601,1600413013,2012-10-09 17:55:55.176000+00:00,0,1349805355
3803479601,3655295959,2012-10-09 17:55:55.176000+00:00,0,1349805355
3803479601,510454016,2012-10-09 17:55:55.176000+00:00,0,1349805355
3803479601,3622325352,2012-10-09 17:55:55.176000+00:00,0,1349805355
3803479601,3288255289,2012-10-09 17:55:55.176000+00:00,0,1349805355
3803479601,955398943,2012-10-09 17:55:55.176000+00:00,1,1349805355
3803479601,861118590,2012-10-09 17:56:40.952000+00:00,1,1349805400
661656054,2994155492,2012-10-09 17:59:57.580000+00:00,0,1349805597
661656054,1971956223,2012-10-09 17:59:57.580000+00:00,0,1349805597
661656054,3085890896,2012-10-09 17:59:57.580000+00:00,0,1349805597
661656054,3630632197,2012-10-09 17:59:57.580000+00:00,1,1349805597
661656054,527070251,2012-10-09 18:00:59.431000+00:00,1,1349805659
1601125543,2306621524,2012-10-09 19:27:48.417000+00:00,0,1349810868
1601125543,2505215665,2012-10-09 19:27:48.417000+00:00,0,1349810868
1601125543,1940061840,2012-10-09 19:27:48.417000+00:00,0,1349810868
1601125543,1387775604,2012-10-09 19:27:48.417000+00:00,1,1349810868
1601125543,4104785185,2012-10-09 19:27:48.417000+00:00,0,1349810868
1601125543,872496975,2012-10-09 19:27:48.417000+00:00,0,1349810868
210296799,2138103664,2012-10-09 19:45:33.822000+00:00,0,1349811933
210296799,3562955208,2012-10-09 19:45:33.822000+00:00,0,1349811933
210296799,899234866,2012-10-09 19:45:33.822000+00:00,1,1349811933
210296799,724466045,2012-10-09 19:45:33.822000+00:00,0,1349811933
210296799,3395050610,2012-10-09 19:45:33.822000+00:00,0,1349811933
210296799,2062562875,2012-10-09 19:45:33.822000+00:00,0,1349811933
210296799,213754032,2012-10-09 19:46:00.507000+00:00,1,1349811960
210296799,4139300008,2012-10-09 19:46:49.128000+00:00,1,1349812009
2448969855,479218640,2012-10-09 20:04:19.975000+00:00,0,1349813059
2448969855,3282506422,2012-10-09 20:04:19.975000+00:00,0,1349813059
2448969855,3219059524,2012-10-09 20:04:19.975000+00:00,0,1349813059
2448969855,541805002,2012-10-09 20:04:19.975000+00:00,0,1349813059
2448969855,1600413013,2012-10-09 20:04:19.975000+00:00,1,1349813059
2448969855,1658768128,2012-10-09 20:04:19.975000+00:00,0,1349813059
2448969855,955398943,2012-10-09 20:04:30.694000+00:00,1,1349813070
2448969855,2860418664,2012-10-09 20:04:31.231000+00:00,1,1349813071
2448969855,3971267428,2012-10-09 20:04:32.755000+00:00,1,1349813072
2381922770,1759360542,2012-10-09 21:39:11+00:00,0,1349818751
2381922770,3863651111,2012-10-09 21:39:11+00:00,0,1349818751
2381922770,1989834189,2012-10-09 21:39:11+00:00,0,1349818751
2381922770,376484644,2012-10-09 21:39:11+00:00,0,1349818751
2381922770,137465175,2012-10-09 21:39:11+00:00,0,1349818751
4122483286,2792119811,2012-10-09 21:58:50.463000+00:00,0,1349819930
4122483286,3784929022,2012-10-09 21:58:50.463000+00:00,0,1349819930
4122483286,1643733273,2012-10-09 21:58:50.463000+00:00,1,1349819930
4122483286,1174322982,2012-10-09 21:58:50.463000+00:00,0,1349819930
4122483286,580944656,2012-10-09 21:58:52.493000+00:00,1,1349819932
4122483286,1363299595,2012-10-09 21:58:57.058000+00:00,1,1349819937
4122483286,2892429018,2012-10-09 21:58:58.577000+00:00,1,1349819938
4122483286,193057331,2012-10-09 21:59:00.601000+00:00,1,1349819940
4122483286,3729527390,2012-10-09 21:59:04.171000+00:00,1,1349819944
4122483286,3803531290,2012-10-09 21:59:11.451000+00:00,1,1349819951
4122483286,1940144951,2012-10-09 21:59:15.589000+00:00,1,1349819955
4122483286,158205194,2012-10-09 21:59:16.106000+00:00,1,1349819956
4122483286,4100467276,2012-10-09 21:59:18.232000+00:00,1,1349819958
4122483286,4159151915,2012-10-09 22:00:05.714000+00:00,1,1349820005
4122483286,1270821753,2012-10-09 22:00:06.233000+00:00,1,1349820006
2205536033,2741065012,2012-10-10 00:57:27.176000+00:00,0,1349830647
2205536033,886419721,2012-10-10 00:57:27.176000+00:00,0,1349830647
2205536033,1363299595,2012-10-10 00:57:27.176000+00:00,0,1349830647
2205536033,624162389,2012-10-10 00:57:27.176000+00:00,0,1349830647
2205536033,2892429018,2012-10-10 00:57:27.176000+00:00,1,1349830647
2205536033,1353283815,2012-10-10 00:57:27.176000+00:00,0,1349830647
3757971767,2437975546,2012-10-10 02:59:46.695000+00:00,0,1349837986
3757971767,1873532916,2012-10-10 02:59:46.695000+00:00,0,1349837986
3757971767,861118590,2012-10-10 02:59:46.695000+00:00,1,1349837986
3757971767,3219059524,2012-10-10 02:59:46.695000+00:00,0,1349837986
3757971767,3735036412,2012-10-10 02:59:46.695000+00:00,0,1349837986
3757971767,1063306856,2012-10-10 02:59:46.695000+00:00,0,1349837986
2722968909,3536426515,2012-10-10 04:01:53.032000+00:00,1,1349841713
2722968909,3606600625,2012-10-10 04:01:53.032000+00:00,0,1349841713
2722968909,1764893644,2012-10-10 04:01:53.032000+00:00,0,1349841713
2722968909,3565319586,2012-10-10 04:01:53.032000+00:00,0,1349841713
2722968909,2843312746,2012-10-10 04:01:53.032000+00:00,0,1349841713
2722968909,3121610262,2012-10-10 04:01:53.032000+00:00,0,1349841713
1651844876,1600413013,2012-10-10 04:34:58.851000+00:00,1,1349843698
1651844876,2264041858,2012-10-10 04:34:58.851000+00:00,0,1349843698
1651844876,861118590,2012-10-10 04:34:58.851000+00:00,0,1349843698
1651844876,3676729604,2012-10-10 04:34:58.851000+00:00,0,1349843698
1651844876,2820039265,2012-10-10 04:34:58.851000+00:00,0,1349843698
1651844876,4208608073,2012-10-10 04:34:58.851000+00:00,0,1349843698
4246010516,1600413013,2012-10-10 06:21:35.625000+00:00,0,1349850095
4246010516,2641648909,2012-10-10 06:21:35.625000+00:00,0,1349850095
4246010516,3735036412,2012-10-10 06:21:35.625000+00:00,0,1349850095
4246010516,1077729842,2012-10-10 06:21:35.625000+00:00,0,1349850095
4246010516,955398943,2012-10-10 06:21:35.625000+00:00,1,1349850095
4246010516,3952438126,2012-10-10 06:21:35.625000+00:00,0,1349850095
2644859372,2413298858,2012-10-10 06:31:03.299000+00:00,0,1349850663
2644859372,4192203721,2012-10-10 06:31:03.299000+00:00,0,1349850663
2644859372,2733928937,2012-10-10 06:31:03.299000+00:00,0,1349850663
2644859372,1298668930,2012-10-10 06:31:03.299000+00:00,0,1349850663
2644859372,3019482312,2012-10-10 06:31:03.299000+00:00,0,1349850663
2644859372,730938870,2012-10-10 06:31:03.299000+00:00,1,1349850663
3290663177,955398943,2012-10-10 08:09:13.444000+00:00,0,1349856553
3290663177,1892861718,2012-10-10 08:09:13.444000+00:00,1,1349856553
3290663177,2820039265,2012-10-10 08:09:13.444000+00:00,0,1349856553
3290663177,1361741648,2012-10-10 08:09:13.444000+00:00,0,1349856553
3290663177,3275248026,2012-10-10 08:09:43.327000+00:00,1,1349856583
3290663177,861118590,2012-10-10 08:09:58.066000+00:00,1,1349856598
3290663177,2867164384,2012-10-10 08:10:13.270000+00:00,1,1349856613
627948360,2823119321,2012-10-10 08:57:03.729000+00:00,0,1349859423
627948360,1617301663,2012-10-10 08:57:03.729000+00:00,0,1349859423
627948360,2355400133,2012-10-10 08:57:03.729000+00:00,0,1349859423
627948360,1600413013,2012-10-10 08:57:03.729000+00:00,0,1349859423
627948360,955398943,2012-10-10 08:57:03.729000+00:00,1,1349859423
627948360,2529072432,2012-10-10 08:57:03.729000+00:00,0,1349859423
1404395751,3735036412,2012-10-10 09:18:12.517000+00:00,0,1349860692
1404395751,2090707728,2012-10-10 09:18:12.517000+00:00,0,1349860692
1404395751,861118590,2012-10-10 09:18:12.517000+00:00,0,1349860692
1404395751,955398943,2012-10-10 09:18:12.517000+00:00,1,1349860692
1404395751,3275248026,2012-10-10 09:18:12.517000+00:00,0,1349860692
1404395751,2529072432,2012-10-10 09:18:12.517000+00:00,0,1349860692
4101515763,3608297024,2012-10-10 11:26:01.455000+00:00,0,1349868361
4101515763,2615984474,2012-10-10 11:26:01.455000+00:00,0,1349868361
4101515763,2554184750,2012-10-10 11:26:01.455000+00:00,0,1349868361
4101515763,3655295959,2012-10-10 11:26:01.455000+00:00,0,1349868361
4101515763,2770527444,2012-10-10 11:26:01.455000+00:00,1,1349868361
4101515763,2090707728,2012-10-10 11:26:01.455000+00:00,0,1349868361
2249748129,3984507010,2012-10-10 13:06:40.594000+00:00,0,1349874400
2249748129,1863639098,2012-10-10 13:06:40.594000+00:00,0,1349874400
2249748129,2062854199,2012-10-10 13:06:40.594000+00:00,0,1349874400
2249748129,4106568158,2012-10-10 13:06:40.594000+00:00,0,1349874400
2249748129,102972049,2012-10-10 13:06:40.594000+00:00,0,1349874400
2249748129,2456511255,2012-10-10 13:06:40.594000+00:00,1,1349874400
187910813,2529072432,2012-10-10 14:15:46.073000+00:00,0,1349878546
187910813,955398943,2012-10-10 14:15:46.073000+00:00,1,1349878546
187910813,2355400133,2012-10-10 14:15:46.073000+00:00,0,1349878546
187910813,1600413013,2012-10-10 14:15:46.073000+00:00,0,1349878546
187910813,1361741648,2012-10-10 14:15:46.073000+00:00,0,1349878546
187910813,4038388081,2012-10-10 14:15:46.073000+00:00,0,1349878546
3715196259,2961264393,2012-10-10 14:25:13.447000+00:00,0,1349879113
3715196259,3668054394,2012-10-10 14:25:17.479000+00:00,0,1349879117
3715196259,158767969,2012-10-10 14:25:17.479000+00:00,0,1349879117
3715196259,2363351901,2012-10-10 14:25:17.479000+00:00,1,1349879117
3715196259,2760908744,2012-10-10 14:25:17.479000+00:00,0,1349879117
3715196259,207490276,2012-10-10 14:25:17.479000+00:00,0,1349879117
3715196259,2497272063,2012-10-10 14:25:17.479000+00:00,0,1349879117
2485670452,3735036412,2012-10-10 14:52:37.252000+00:00,0,1349880757
2485670452,2093319113,2012-10-10 14:52:37.252000+00:00,0,1349880757
2485670452,1602227394,2012-10-10 14:52:37.252000+00:00,0,1349880757
2485670452,2529072432,2012-10-10 14:52:37.252000+00:00,1,1349880757
3697489067,861118590,2012-10-10 15:33:54.111000+00:00,0,1349883234
3697489067,333353849,2012-10-10 15:33:54.111000+00:00,0,1349883234
3697489067,2529072432,2012-10-10 15:33:54.111000+00:00,1,1349883234
3697489067,31456310,2012-10-10 15:33:54.111000+00:00,0,1349883234
3697489067,2355400133,2012-10-10 15:33:54.111000+00:00,0,1349883234
3697489067,955398943,2012-10-10 15:33:54.111000+00:00,0,1349883234
3697489067,1600413013,2012-10-10 15:34:02.214000+00:00,1,1349883242
3697489067,2860418664,2012-10-10 15:35:11.380000+00:00,1,1349883311
3697489067,1811836231,2012-10-10 15:35:41.025000+00:00,1,1349883341
3697489067,3735036412,2012-10-10 15:35:45.073000+00:00,1,1349883345
249577815,1270273887,2012-10-10 15:50:49.470000+00:00,0,1349884249
249577815,475538891,2012-10-10 15:50:49.470000+00:00,0,1349884249
249577815,1447029818,2012-10-10 15:50:49.470000+00:00,0,1349884249
249577815,3710620111,2012-10-10 15:50:49.470000+00:00,0,1349884249
249577815,3802296711,2012-10-10 15:50:49.470000+00:00,1,1349884249
249577815,3403413215,2012-10-10 15:50:49.470000+00:00,0,1349884249
3705805946,1681914210,2012-10-10 18:48:14.671000+00:00,0,1349894894
3705805946,3755202160,2012-10-10 18:48:14.671000+00:00,0,1349894894
3705805946,2750641926,2012-10-10 18:48:14.671000+00:00,0,1349894894
3705805946,3114456985,2012-10-10 18:48:14.671000+00:00,0,1349894894
3705805946,3247396557,2012-10-10 18:48:14.671000+00:00,1,1349894894
3705805946,4070309332,2012-10-10 18:48:14.671000+00:00,0,1349894894
3820521570,55793348,2012-10-10 20:03:17.694000+00:00,0,1349899397
3820521570,2063056872,2012-10-10 20:03:17.694000+00:00,0,1349899397
3820521570,3263635682,2012-10-10 20:03:17.694000+00:00,0,1349899397
3820521570,4012150032,2012-10-10 20:03:17.694000+00:00,0,1349899397
3820521570,2795674177,2012-10-10 20:03:17.694000+00:00,0,1349899397
3820521570,485105270,2012-10-10 20:03:17.694000+00:00,1,1349899397
3820521570,1942474082,2012-10-10 20:03:20.723000+00:00,1,1349899400
3820521570,4228034043,2012-10-10 20:03:24.759000+00:00,1,1349899404
3820521570,585557076,2012-10-10 20:03:28.292000+00:00,1,1349899408
3820521570,1088305818,2012-10-10 20:06:33.841000+00:00,1,1349899593
2903662804,3693943691,2012-10-10 21:50:39.394000+00:00,0,1349905839
2903662804,3063189490,2012-10-10 21:50:39.394000+00:00,0,1349905839
2903662804,344410172,2012-10-10 21:50:39.394000+00:00,1,1349905839
2903662804,3192953579,2012-10-10 21:50:39.394000+00:00,0,1349905839
2903662804,641594474,2012-10-10 21:50:39.394000+00:00,0,1349905839
2903662804,3321517547,2012-10-10 21:50:39.394000+00:00,0,1349905839
2903662804,1074735574,2012-10-10 21:51:36.651000+00:00,1,1349905896
4282954307,2168072348,2012-10-11 01:37:33.701000+00:00,0,1349919453
4282954307,3924453080,2012-10-11 01:37:33.701000+00:00,0,1349919453
4282954307,1065677688,2012-10-11 01:37:33.701000+00:00,0,1349919453
4282954307,3431614259,2012-10-11 01:37:33.701000+00:00,1,1349919453
4282954307,3879978209,2012-10-11 01:37:33.701000+00:00,0,1349919453
4282954307,2504428394,2012-10-11 01:37:33.701000+00:00,0,1349919453
540360566,2992855622,2012-10-11 01:51:31.194000+00:00,0,1349920291
540360566,2206508128,2012-10-11 01:51:31.194000+00:00,0,1349920291
540360566,628621130,2012-10-11 01:51:31.194000+00:00,1,1349920291
540360566,2776140162,2012-10-11 01:51:31.194000+00:00,0,1349920291
540360566,1836221047,2012-10-11 01:51:31.194000+00:00,0,1349920291
540360566,918139741,2012-10-11 01:51:31.194000+00:00,0,1349920291
439507113,1471140446,2012-10-11 03:52:29.628000+00:00,0,1349927549
439507113,3288255289,2012-10-11 03:52:29.628000+00:00,1,1349927549
439507113,1600413013,2012-10-11 03:52:29.628000+00:00,0,1349927549
439507113,479218640,2012-10-11 03:52:29.628000+00:00,0,1349927549
439507113,3483003454,2012-10-11 03:52:29.628000+00:00,0,1349927549
439507113,3735036412,2012-10-11 03:52:29.628000+00:00,0,1349927549
1213744330,1955298811,2012-10-11 04:21:32.450000+00:00,1,1349929292
1213744330,224435617,2012-10-11 04:21:32.450000+00:00,0,1349929292
1213744330,1829278132,2012-10-11 04:21:32.450000+00:00,0,1349929292
1213744330,1771107019,2012-10-11 04:21:32.450000+00:00,0,1349929292
1213744330,3138906100,2012-10-11 04:21:32.450000+00:00,0,1349929292
1213744330,1369779823,2012-10-11 04:21:32.450000+00:00,0,1349929292
23170479,2753736442,2012-10-11 04:37:32.086000+00:00,0,1349930252
23170479,4182729306,2012-10-11 04:37:32.086000+00:00,0,1349930252
23170479,861118590,2012-10-11 04:37:32.086000+00:00,1,1349930252
23170479,2099424186,2012-10-11 04:37:32.086000+00:00,0,1349930252
23170479,3735036412,2012-10-11 04:37:32.086000+00:00,0,1349930252
23170479,1063306856,2012-10-11 04:37:32.086000+00:00,0,1349930252
1876906939,4242910698,2012-10-11 05:37:44.855000+00:00,0,1349933864
1876906939,36010741,2012-10-11 05:37:44.855000+00:00,0,1349933864
1876906939,591309308,2012-10-11 05:37:44.855000+00:00,0,1349933864
1876906939,3016291457,2012-10-11 05:37:44.855000+00:00,0,1349933864
1876906939,1423839325,2012-10-11 05:37:44.855000+00:00,0,1349933864
1876906939,2155134627,2012-10-11 05:37:44.855000+00:00,1,1349933864
2890467561,1673895160,2012-10-11 06:05:43.696000+00:00,0,1349935543
2890467561,3610905380,2012-10-11 06:05:43.696000+00:00,0,1349935543
2890467561,1287319410,2012-10-11 06:05:43.696000+00:00,0,1349935543
2890467561,613942852,2012-10-11 06:05:43.696000+00:00,0,1349935543
2890467561,844053363,2012-10-11 06:05:43.696000+00:00,0,1349935543
2890467561,2860418664,2012-10-11 06:05:43.696000+00:00,1,1349935543
2890467561,3735036412,2012-10-11 06:05:46.723000+00:00,1,1349935546
2329755329,861118590,2012-10-11 07:59:48.705000+00:00,0,1349942388
1476956307,861118590,2012-10-11 08:08:57.615000+00:00,0,1349942937
1476956307,955398943,2012-10-11 08:08:57.615000+00:00,0,1349942937
1476956307,977985181,2012-10-11 08:08:57.615000+00:00,0,1349942937
1476956307,1066708183,2012-10-11 08:08:57.615000+00:00,0,1349942937
1476956307,2459337942,2012-10-11 08:08:57.615000+00:00,1,1349942937
1476956307,3635358150,2012-10-11 08:08:57.615000+00:00,0,1349942937
873272013,3275248026,2012-10-11 08:28:10.209000+00:00,0,1349944090
873272013,3404987729,2012-10-11 08:28:10.209000+00:00,1,1349944090
873272013,2867164384,2012-10-11 08:28:10.209000+00:00,0,1349944090
873272013,1572334348,2012-10-11 08:28:10.209000+00:00,0,1349944090
873272013,2714876429,2012-10-11 08:28:10.209000+00:00,0,1349944090
873272013,3017293541,2012-10-11 08:28:10.209000+00:00,0,1349944090
2328301807,3219059524,2012-10-11 09:42:14.220000+00:00,0,1349948534
2328301807,1600413013,2012-10-11 09:42:14.220000+00:00,1,1349948534
2328301807,1082833698,2012-10-11 09:42:14.220000+00:00,0,1349948534
2328301807,4192203721,2012-10-11 09:42:14.220000+00:00,0,1349948534
2328301807,955398943,2012-10-11 09:42:14.220000+00:00,0,1349948534
2328301807,2529072432,2012-10-11 09:42:14.220000+00:00,0,1349948534
2328301807,2860418664,2012-10-11 09:42:15.239000+00:00,1,1349948535
2328301807,861118590,2012-10-11 09:42:15.759000+00:00,1,1349948535
280410144,3735036412,2012-10-11 12:22:10.327000+00:00,1,1349958130
280410144,904937903,2012-10-11 12:22:10.327000+00:00,0,1349958130
280410144,4038388081,2012-10-11 12:22:10.327000+00:00,0,1349958130
280410144,1471140446,2012-10-11 12:22:10.327000+00:00,0,1349958130
280410144,1063306856,2012-10-11 12:22:10.327000+00:00,0,1349958130
280410144,292829502,2012-10-11 12:22:10.327000+00:00,0,1349958130
280410144,1600413013,2012-10-11 12:22:11.871000+00:00,1,1349958131
280410144,3275248026,2012-10-11 12:22:14.396000+00:00,1,1349958134
419778061,861118590,2012-10-11 13:53:46.028000+00:00,0,1349963626
419778061,1033421355,2012-10-11 13:53:46.028000+00:00,0,1349963626
419778061,2529072432,2012-10-11 13:53:46.028000+00:00,1,1349963626
419778061,2070844001,2012-10-11 13:53:46.028000+00:00,0,1349963626
419778061,955398943,2012-10-11 13:53:46.028000+00:00,0,1349963626
419778061,1600413013,2012-10-11 13:53:46.028000+00:00,0,1349963626
1230559341,4032628037,2012-10-11 14:13:25.936000+00:00,0,1349964805
1230559341,613942852,2012-10-11 14:13:25.936000+00:00,0,1349964805
1230559341,861118590,2012-10-11 14:13:25.936000+00:00,1,1349964805
1230559341,2459263769,2012-10-11 14:13:25.936000+00:00,0,1349964805
1230559341,2415873572,2012-10-11 14:13:25.936000+00:00,0,1349964805
1230559341,1423839325,2012-10-11 14:13:25.936000+00:00,0,1349964805
1372630997,34370465,2012-10-11 14:38:11.021000+00:00,0,1349966291
1372630997,1092737830,2012-10-11 14:38:11.021000+00:00,0,1349966291
1372630997,729305487,2012-10-11 14:38:11.021000+00:00,0,1349966291
1372630997,20381932,2012-10-11 14:38:11.021000+00:00,1,1349966291
1372630997,3669474557,2012-10-11 14:38:11.021000+00:00,0,1349966291
1372630997,1422946117,2012-10-11 14:38:11.021000+00:00,0,1349966291
4217222631,317863256,2012-10-11 15:54:03.538000+00:00,0,1349970843
4217222631,1319656469,2012-10-11 15:54:03.538000+00:00,0,1349970843
4217222631,3404987729,2012-10-11 15:54:03.538000+00:00,0,1349970843
4217222631,844053363,2012-10-11 15:54:03.538000+00:00,1,1349970843
4217222631,613942852,2012-10-11 15:54:03.538000+00:00,0,1349970843
4217222631,1673895160,2012-10-11 15:54:03.538000+00:00,0,1349970843
4217222631,728874447,2012-10-11 15:54:04.058000+00:00,0,1349970844
4217222631,2860418664,2012-10-11 15:54:07.084000+00:00,0,1349970847
4217222631,3573758696,2012-10-11 15:54:07.607000+00:00,0,1349970847
4217222631,1854406812,2012-10-11 15:54:08.627000+00:00,0,1349970848
4217222631,3241272469,2012-10-11 15:54:27.872000+00:00,0,1349970867
4217222631,468922992,2012-10-11 15:54:28.873000+00:00,0,1349970868
4217222631,2762536315,2012-10-11 15:54:41.662000+00:00,0,1349970881
4217222631,955398943,2012-10-11 15:55:13.959000+00:00,0,1349970913
4217222631,2529072432,2012-10-11 15:55:25.738000+00:00,0,1349970925
4217222631,1433072169,2012-10-11 15:55:26.303000+00:00,0,1349970926
4217222631,1120274880,2012-10-11 15:55:33.672000+00:00,0,1349970933
4217222631,3273695084,2012-10-11 15:55:34.690000+00:00,0,1349970934
4217222631,3012990777,2012-10-11 15:55:37.228000+00:00,0,1349970937
4217222631,4198564536,2012-10-11 15:55:42.805000+00:00,1,1349970942
4217222631,2328083431,2012-10-11 15:55:47.386000+00:00,0,1349970947
4217222631,4130722320,2012-10-11 15:56:03.511000+00:00,0,1349970963
1625052108,1184492151,2012-10-11 18:03:16.765000+00:00,0,1349978596
1625052108,4255445383,2012-10-11 18:25:01.415000+00:00,1,1349979901
1625052108,883921036,2012-10-11 18:25:01.415000+00:00,0,1349979901
1625052108,200617202,2012-10-11 18:25:01.415000+00:00,0,1349979901
1625052108,1095332232,2012-10-11 18:25:01.415000+00:00,0,1349979901
1625052108,555703577,2012-10-11 18:25:01.415000+00:00,0,1349979901
1625052108,2584972286,2012-10-11 18:25:01.415000+00:00,0,1349979901
1625052108,1210091631,2012-10-11 18:26:30.352000+00:00,0,1349979990
1349230619,4106568158,2012-10-11 18:59:13.207000+00:00,0,1349981953
1349230619,711971335,2012-10-11 18:59:20.779000+00:00,0,1349981960
1349230619,3770539193,2012-10-11 18:59:20.779000+00:00,0,1349981960
1349230619,2214787713,2012-10-11 18:59:20.779000+00:00,1,1349981960
1349230619,361264528,2012-10-11 18:59:20.779000+00:00,0,1349981960
1349230619,436651588,2012-10-11 18:59:20.779000+00:00,0,1349981960
1349230619,939509575,2012-10-11 18:59:20.779000+00:00,0,1349981960
2903662804,641594474,2012-10-12 00:36:18.180000+00:00,0,1350002178
2903662804,372148582,2012-10-12 00:36:18.180000+00:00,1,1350002178
2903662804,3321517547,2012-10-12 00:36:18.180000+00:00,0,1350002178
2903662804,3693943691,2012-10-12 00:36:18.180000+00:00,0,1350002178
2903662804,3063189490,2012-10-12 00:36:18.180000+00:00,0,1350002178
2903662804,3192953579,2012-10-12 00:36:18.180000+00:00,0,1350002178
3297493554,2850910542,2012-10-12 01:16:48.876000+00:00,0,1350004608
3297493554,1889940073,2012-10-12 01:16:48.876000+00:00,0,1350004608
3297493554,1510737024,2012-10-12 01:16:48.876000+00:00,0,1350004608
3297493554,2843363655,2012-10-12 01:16:48.876000+00:00,1,1350004608
3297493554,3469376782,2012-10-12 01:16:48.876000+00:00,0,1350004608
3297493554,3958590279,2012-10-12 01:16:48.876000+00:00,0,1350004608
3297493554,514880482,2012-10-12 01:16:54.923000+00:00,1,1350004614
4135589149,1764893644,2012-10-12 01:59:42.995000+00:00,0,1350007182
4135589149,3130359578,2012-10-12 01:59:42.995000+00:00,0,1350007182
4135589149,1063306856,2012-10-12 01:59:42.995000+00:00,1,1350007182
4135589149,1685082900,2012-10-12 01:59:42.995000+00:00,0,1350007182
4135589149,3536426515,2012-10-12 01:59:42.995000+00:00,0,1350007182
4135589149,2579225663,2012-10-12 01:59:42.995000+00:00,0,1350007182
2728047278,1063306856,2012-10-12 02:40:26.068000+00:00,1,1350009626
2728047278,1487572967,2012-10-12 02:40:26.068000+00:00,0,1350009626
2728047278,2363654406,2012-10-12 02:40:26.068000+00:00,0,1350009626
2728047278,1829625839,2012-10-12 02:40:26.068000+00:00,0,1350009626
2728047278,1338321138,2012-10-12 02:40:26.068000+00:00,0,1350009626
2728047278,1610171038,2012-10-12 02:40:26.068000+00:00,0,1350009626
2789486165,1833493223,2012-10-12 02:58:09.570000+00:00,0,1350010689
2789486165,68377012,2012-10-12 02:58:09.570000+00:00,0,1350010689
2789486165,2367733143,2012-10-12 02:58:09.570000+00:00,1,1350010689
2789486165,2793834557,2012-10-12 02:58:09.570000+00:00,0,1350010689
2789486165,192254554,2012-10-12 02:58:09.570000+00:00,0,1350010689
2789486165,1180440770,2012-10-12 02:58:09.570000+00:00,0,1350010689
492612031,861118590,2012-10-12 07:13:45.933000+00:00,0,1350026025
492612031,126225732,2012-10-12 07:13:45.933000+00:00,1,1350026025
492612031,2799591418,2012-10-12 07:13:45.933000+00:00,0,1350026025
492612031,1458428999,2012-10-12 07:13:45.933000+00:00,0,1350026025
492612031,2529072432,2012-10-12 07:13:45.933000+00:00,0,1350026025
492612031,292829502,2012-10-12 07:13:45.933000+00:00,0,1350026025
4202081674,3655295959,2012-10-12 08:07:33.708000+00:00,0,1350029253
4202081674,2099424186,2012-10-12 08:07:33.708000+00:00,0,1350029253
4202081674,2529072432,2012-10-12 08:07:33.708000+00:00,0,1350029253
4202081674,861118590,2012-10-12 08:07:33.708000+00:00,1,1350029253
4202081674,539032065,2012-10-12 08:07:33.708000+00:00,0,1350029253
4202081674,955398943,2012-10-12 08:07:33.708000+00:00,0,1350029253
3904408941,3440760913,2012-10-12 08:18:51.324000+00:00,1,1350029931
3904408941,3054679139,2012-10-12 08:18:51.324000+00:00,0,1350029931
3904408941,2323745666,2012-10-12 08:18:51.324000+00:00,0,1350029931
3904408941,4226607223,2012-10-12 08:18:51.324000+00:00,0,1350029931
3904408941,1997989026,2012-10-12 08:18:51.324000+00:00,0,1350029931
3904408941,724969489,2012-10-12 08:18:51.324000+00:00,0,1350029931
3904408941,566545011,2012-10-12 08:19:12.433000+00:00,1,1350029952
3904408941,4090120152,2012-10-12 08:19:19.982000+00:00,1,1350029959
2989025224,1738309201,2012-10-12 09:13:47.729000+00:00,0,1350033227
2989025224,3758801899,2012-10-12 09:13:47.729000+00:00,0,1350033227
2989025224,130433830,2012-10-12 09:13:47.729000+00:00,0,1350033227
2989025224,3735036412,2012-10-12 09:13:47.729000+00:00,1,1350033227
2989025224,3808492697,2012-10-12 09:13:47.729000+00:00,0,1350033227
2989025224,3616107482,2012-10-12 09:13:47.729000+00:00,0,1350033227
2989025224,1600413013,2012-10-12 09:13:54.274000+00:00,1,1350033234
2989025224,955398943,2012-10-12 09:13:58.310000+00:00,1,1350033238
1044078286,1471140446,2012-10-12 11:35:28.489000+00:00,0,1350041728
1044078286,3288255289,2012-10-12 11:35:28.489000+00:00,0,1350041728
1044078286,955398943,2012-10-12 11:35:28.489000+00:00,0,1350041728
1044078286,2529072432,2012-10-12 11:35:28.489000+00:00,1,1350041728
1044078286,613942852,2012-10-12 11:35:28.489000+00:00,0,1350041728
1044078286,1334163869,2012-10-12 11:35:28.489000+00:00,0,1350041728
2436389418,3905269676,2012-10-12 15:15:26.054000+00:00,0,1350054926
2436389418,822271136,2012-10-12 15:15:26.054000+00:00,0,1350054926
2436389418,1433072169,2012-10-12 15:15:26.054000+00:00,1,1350054926
2436389418,774583783,2012-10-12 15:15:26.054000+00:00,0,1350054926
2436389418,2773966086,2012-10-12 15:15:26.054000+00:00,0,1350054926
2436389418,3404987729,2012-10-12 15:15:26.054000+00:00,0,1350054926
2436389418,4199792713,2012-10-12 15:15:33.102000+00:00,1,1350054933
2436389418,1471140446,2012-10-12 15:15:34.624000+00:00,1,1350054934
875145825,1361741648,2012-10-13 01:05:23.461000+00:00,0,1350090323
875145825,1329734614,2012-10-13 01:05:23.461000+00:00,0,1350090323
875145825,1471140446,2012-10-13 01:05:23.461000+00:00,1,1350090323
875145825,475147322,2012-10-13 01:05:23.461000+00:00,0,1350090323
875145825,426238334,2012-10-13 01:05:23.461000+00:00,0,1350090323
875145825,3502397803,2012-10-13 01:05:23.461000+00:00,0,1350090323
3647725503,2860418664,2012-10-13 02:45:25.714000+00:00,0,1350096325
3647725503,861118590,2012-10-13 02:45:25.714000+00:00,1,1350096325
3647725503,866903362,2012-10-13 02:45:25.714000+00:00,0,1350096325
3647725503,964120039,2012-10-13 02:45:25.714000+00:00,0,1350096325
3647725503,3147231818,2012-10-13 02:45:25.714000+00:00,0,1350096325
3647725503,3808492697,2012-10-13 02:45:25.714000+00:00,0,1350096325
2946269473,351741784,2012-10-13 06:12:49.049000+00:00,0,1350108769
2946269473,866674897,2012-10-13 06:12:49.049000+00:00,0,1350108769
2946269473,2865586777,2012-10-13 06:12:49.049000+00:00,0,1350108769
2946269473,3233487850,2012-10-13 06:12:49.049000+00:00,0,1350108769
2946269473,2358288123,2012-10-13 06:12:49.049000+00:00,1,1350108769
2946269473,1329734614,2012-10-13 06:12:50.609000+00:00,1,1350108770
2946269473,999921036,2012-10-13 06:12:52.659000+00:00,1,1350108772
2946269473,4145779864,2012-10-13 06:13:13.832000+00:00,1,1350108793
1109825061,4095101453,2012-10-13 06:49:33.293000+00:00,0,1350110973
1109825061,4198564536,2012-10-13 06:49:33.293000+00:00,0,1350110973
1109825061,486982721,2012-10-13 06:49:33.293000+00:00,1,1350110973
1109825061,1396631048,2012-10-13 06:49:33.293000+00:00,0,1350110973
1109825061,2237504401,2012-10-13 06:49:33.293000+00:00,0,1350110973
2086869786,2017010225,2012-10-13 07:33:18.605000+00:00,0,1350113598
2086869786,505464566,2012-10-13 07:33:18.605000+00:00,0,1350113598
2086869786,3367947469,2012-10-13 07:33:18.605000+00:00,1,1350113598
2086869786,2619961798,2012-10-13 07:33:18.605000+00:00,0,1350113598
3035907343,92245848,2012-10-13 12:13:07.849000+00:00,0,1350130387
3035907343,3929264175,2012-10-13 12:13:07.849000+00:00,0,1350130387
3035907343,590998091,2012-10-13 12:13:07.849000+00:00,1,1350130387
3035907343,1602799810,2012-10-13 12:13:07.849000+00:00,0,1350130387
3035907343,1102866493,2012-10-13 12:13:07.849000+00:00,0,1350130387
3035907343,421396695,2012-10-13 12:13:07.849000+00:00,0,1350130387
3035907343,2992914551,2012-10-13 12:13:10.376000+00:00,1,1350130390
3424054391,3173692483,2012-10-13 12:53:36.453000+00:00,0,1350132816
635462786,3541476814,2012-10-13 13:18:23.155000+00:00,0,1350134303
635462786,3217775401,2012-10-13 13:18:23.155000+00:00,1,1350134303
635462786,3881746508,2012-10-13 13:18:23.155000+00:00,0,1350134303
635462786,1319656469,2012-10-13 13:18:23.155000+00:00,0,1350134303
635462786,841013245,2012-10-13 13:18:23.155000+00:00,0,1350134303
635462786,2872892494,2012-10-13 13:18:24.671000+00:00,1,1350134304
635462786,613942852,2012-10-13 13:18:27.216000+00:00,1,1350134307
280995052,745172514,2012-10-13 15:59:18.813000+00:00,0,1350143958
280995052,2715879316,2012-10-13 15:59:18.813000+00:00,0,1350143958
280995052,560362801,2012-10-13 15:59:18.813000+00:00,0,1350143958
280995052,3662570226,2012-10-13 15:59:18.813000+00:00,0,1350143958
280995052,3361245766,2012-10-13 15:59:18.813000+00:00,1,1350143958
280995052,2442748898,2012-10-13 15:59:18.813000+00:00,0,1350143958
2919431452,2967210072,2012-10-13 18:55:04.646000+00:00,0,1350154504
2919431452,1615404222,2012-10-13 18:55:04.646000+00:00,0,1350154504
2919431452,2846528802,2012-10-13 18:55:04.646000+00:00,0,1350154504
2919431452,2045363335,2012-10-13 18:55:04.646000+00:00,0,1350154504
2919431452,856365940,2012-10-13 18:55:04.646000+00:00,0,1350154504
2919431452,1510219719,2012-10-13 18:55:04.646000+00:00,1,1350154504
2919431452,626503343,2012-10-13 18:55:19.781000+00:00,1,1350154519
723110955,1643443310,2012-10-14 03:44:45.710000+00:00,0,1350186285
723110955,3867573663,2012-10-14 03:44:45.710000+00:00,0,1350186285
723110955,3897815885,2012-10-14 03:44:45.710000+00:00,0,1350186285
723110955,1401528678,2012-10-14 03:44:45.710000+00:00,0,1350186285
723110955,2236421139,2012-10-14 03:44:45.710000+00:00,0,1350186285
723110955,102026311,2012-10-14 03:44:45.710000+00:00,1,1350186285
2815688436,4266815563,2012-10-14 04:24:02.538000+00:00,0,1350188642
2815688436,386313069,2012-10-14 04:24:02.538000+00:00,0,1350188642
2815688436,4193610911,2012-10-14 04:24:02.538000+00:00,0,1350188642
2815688436,2592239355,2012-10-14 04:24:02.538000+00:00,0,1350188642
2815688436,1673895160,2012-10-14 04:24:02.538000+00:00,1,1350188642
2815688436,2645454646,2012-10-14 04:24:02.538000+00:00,0,1350188642
649114603,1243097755,2012-10-14 06:26:02.391000+00:00,0,1350195962
649114603,1205417206,2012-10-14 06:26:02.391000+00:00,0,1350195962
649114603,591309308,2012-10-14 06:26:02.391000+00:00,0,1350195962
649114603,1672084151,2012-10-14 06:26:02.391000+00:00,1,1350195962
649114603,806275357,2012-10-14 06:26:02.391000+00:00,0,1350195962
649114603,1576680977,2012-10-14 06:26:02.391000+00:00,0,1350195962
1954960931,3253907448,2012-10-14 06:54:54.653000+00:00,0,1350197694
1954960931,2496555402,2012-10-14 06:54:54.653000+00:00,1,1350197694
1954960931,3609940860,2012-10-14 06:54:54.653000+00:00,0,1350197694
1954960931,4193610911,2012-10-14 06:54:54.653000+00:00,0,1350197694
1954960931,2618739853,2012-10-14 06:54:54.653000+00:00,0,1350197694
1954960931,3177059558,2012-10-14 06:54:54.653000+00:00,0,1350197694
1954960931,1602227394,2012-10-14 06:55:07.240000+00:00,1,1350197707
3338812734,1946940334,2012-10-14 07:09:24.693000+00:00,1,1350198564
3338812734,1606098756,2012-10-14 07:09:24.693000+00:00,0,1350198564
3338812734,3511833368,2012-10-14 07:09:24.693000+00:00,0,1350198564
3338812734,3097935103,2012-10-14 07:09:24.693000+00:00,0,1350198564
3338812734,1117683378,2012-10-14 07:09:24.693000+00:00,0,1350198564
3338812734,2321179843,2012-10-14 07:09:24.693000+00:00,0,1350198564
3338812734,1557270795,2012-10-14 07:10:06.460000+00:00,1,1350198606
366365683,613942852,2012-10-14 09:07:45.558000+00:00,1,1350205665
366365683,3121610262,2012-10-14 09:07:45.558000+00:00,0,1350205665
366365683,183418112,2012-10-14 09:07:45.558000+00:00,0,1350205665
366365683,426238334,2012-10-14 09:07:45.558000+00:00,0,1350205665
366365683,3502397803,2012-10-14 09:07:45.558000+00:00,0,1350205665
366365683,4193610911,2012-10-14 09:07:45.558000+00:00,0,1350205665
366365683,2843312746,2012-10-14 09:07:53.615000+00:00,1,1350205673
366365683,1294433853,2012-10-14 09:12:35.059000+00:00,1,1350205955
366365683,2490258514,2012-10-14 09:12:52.182000+00:00,1,1350205972
1120323401,3038640846,2012-10-14 11:32:02.441000+00:00,0,1350214322
1120323401,4022161844,2012-10-14 11:32:02.441000+00:00,0,1350214322
1120323401,3304837598,2012-10-14 11:32:02.441000+00:00,0,1350214322
1120323401,1109129592,2012-10-14 11:32:02.441000+00:00,1,1350214322
1120323401,3541987715,2012-10-14 11:32:02.441000+00:00,0,1350214322
1120323401,602567657,2012-10-14 11:32:02.441000+00:00,0,1350214322
3039417842,1603457279,2012-10-14 11:39:01.687000+00:00,0,1350214741
3039417842,858626998,2012-10-14 11:39:01.687000+00:00,0,1350214741
3039417842,1039707279,2012-10-14 11:39:01.687000+00:00,0,1350214741
3039417842,1193925467,2012-10-14 11:39:01.687000+00:00,0,1350214741
3039417842,4235863537,2012-10-14 11:39:01.687000+00:00,1,1350214741
3039417842,3318802055,2012-10-14 11:39:01.687000+00:00,0,1350214741
3039417842,1338752348,2012-10-14 11:40:04.844000+00:00,0,1350214804
3039417842,1573329057,2012-10-14 11:40:53.227000+00:00,0,1350214853
3039417842,1343362100,2012-10-14 11:41:23.965000+00:00,0,1350214883
3039417842,1708545365,2012-10-14 11:42:24.744000+00:00,0,1350214944
3039417842,2385247434,2012-10-14 11:42:42.347000+00:00,0,1350214962
3039417842,1490218826,2012-10-14 11:43:21.146000+00:00,0,1350215001
3039417842,3526283495,2012-10-14 11:43:32.208000+00:00,0,1350215012
3039417842,1633364082,2012-10-14 11:43:40.762000+00:00,1,1350215020
3039417842,1000018501,2012-10-14 11:44:05.889000+00:00,0,1350215045
3039417842,377981656,2012-10-14 11:44:10.916000+00:00,0,1350215050
3039417842,221893182,2012-10-14 11:44:17.060000+00:00,0,1350215057
3039417842,1825576882,2012-10-14 11:45:16.565000+00:00,0,1350215116
3039417842,868459009,2012-10-14 11:45:28.336000+00:00,0,1350215128
3039417842,2665081210,2012-10-14 11:46:11.141000+00:00,0,1350215171
910947719,620891059,2012-10-14 12:57:24.484000+00:00,0,1350219444
910947719,1916422039,2012-10-14 12:57:24.484000+00:00,1,1350219444
910947719,3952341,2012-10-14 12:57:24.484000+00:00,0,1350219444
910947719,1850184598,2012-10-14 12:57:24.484000+00:00,0,1350219444
910947719,80274163,2012-10-14 12:57:24.484000+00:00,0,1350219444
910947719,111483358,2012-10-14 12:57:24.484000+00:00,0,1350219444
1023717643,3687063164,2012-10-14 16:19:48.641000+00:00,0,1350231588
1191714842,3256932963,2012-10-14 16:34:53.494000+00:00,0,1350232493
1191714842,140441656,2012-10-14 16:34:53.494000+00:00,1,1350232493
1191714842,3290633708,2012-10-14 16:34:53.494000+00:00,0,1350232493
1191714842,2035887714,2012-10-14 16:34:53.494000+00:00,0,1350232493
1191714842,1626858107,2012-10-14 16:34:53.494000+00:00,0,1350232493
1191714842,2032868245,2012-10-14 16:34:53.494000+00:00,0,1350232493
1191714842,1354053551,2012-10-14 16:35:22.306000+00:00,1,1350232522
1959680039,2321179843,2012-10-14 16:50:10.659000+00:00,0,1350233410
1959680039,1549888315,2012-10-14 16:50:10.659000+00:00,0,1350233410
1959680039,1151885141,2012-10-14 16:50:10.659000+00:00,0,1350233410
1959680039,2367733143,2012-10-14 16:50:10.659000+00:00,1,1350233410
1959680039,3455216998,2012-10-14 16:50:10.659000+00:00,0,1350233410
1959680039,4120806416,2012-10-14 16:50:10.659000+00:00,0,1350233410
1075126714,2997290586,2012-10-14 19:04:09.706000+00:00,0,1350241449
1075126714,539541742,2012-10-14 19:04:09.706000+00:00,0,1350241449
1075126714,1647929068,2012-10-14 19:04:09.706000+00:00,0,1350241449
1075126714,633572331,2012-10-14 19:04:09.706000+00:00,1,1350241449
1075126714,584811498,2012-10-14 19:04:09.706000+00:00,0,1350241449
1075126714,2330544471,2012-10-14 19:04:09.706000+00:00,0,1350241449
1075126714,1456576726,2012-10-14 19:04:21.827000+00:00,1,1350241461
1075126714,2091251917,2012-10-14 19:05:02.102000+00:00,1,1350241502
1075126714,866512763,2012-10-14 19:05:17.343000+00:00,1,1350241517
1075126714,4013025273,2012-10-14 19:05:27.993000+00:00,1,1350241527
1075126714,530014408,2012-10-14 19:05:47.921000+00:00,1,1350241547
1075126714,3986920873,2012-10-14 19:05:59.495000+00:00,1,1350241559
1075126714,1669604733,2012-10-14 19:06:41.288000+00:00,1,1350241601
1075126714,3542590909,2012-10-14 19:06:47.332000+00:00,1,1350241607
1075126714,404584045,2012-10-14 19:06:53.372000+00:00,1,1350241613
639250885,2892792634,2012-10-14 20:45:35.454000+00:00,0,1350247535
639250885,2831932384,2012-10-14 20:45:35.454000+00:00,0,1350247535
639250885,2460207561,2012-10-14 20:45:35.454000+00:00,0,1350247535
639250885,2098363618,2012-10-14 20:45:35.454000+00:00,0,1350247535
639250885,406159580,2012-10-14 20:45:35.454000+00:00,0,1350247535
639250885,2424637456,2012-10-14 20:45:35.454000+00:00,1,1350247535
723110955,1643443310,2012-10-14 22:18:29.776000+00:00,0,1350253109
723110955,1515297223,2012-10-14 22:18:29.776000+00:00,1,1350253109
723110955,1401528678,2012-10-14 22:18:29.776000+00:00,0,1350253109
723110955,2236421139,2012-10-14 22:18:29.776000+00:00,0,1350253109
723110955,3897815885,2012-10-14 22:18:29.776000+00:00,0,1350253109
723110955,3867573663,2012-10-14 22:18:29.776000+00:00,0,1350253109
1336647234,1773230862,2012-10-14 23:44:06.956000+00:00,0,1350258246
1336647234,4156683850,2012-10-14 23:44:06.956000+00:00,1,1350258246
1336647234,1641873670,2012-10-14 23:44:06.956000+00:00,0,1350258246
1336647234,1927168893,2012-10-14 23:44:06.956000+00:00,0,1350258246
1336647234,1636407015,2012-10-14 23:44:06.956000+00:00,0,1350258246
1336647234,2691609942,2012-10-14 23:44:10.485000+00:00,1,1350258250
1232677153,1201195269,2012-10-15 00:35:09.315000+00:00,0,1350261309
1232677153,280587468,2012-10-15 00:35:09.315000+00:00,0,1350261309
1232677153,3504402444,2012-10-15 00:35:09.315000+00:00,0,1350261309
1232677153,2316053190,2012-10-15 00:35:09.315000+00:00,0,1350261309
1232677153,1195508590,2012-10-15 00:35:09.315000+00:00,0,1350261309
1232677153,1640673752,2012-10-15 00:35:09.315000+00:00,1,1350261309
1232677153,834632568,2012-10-15 00:35:53.134000+00:00,1,1350261353
1232677153,3141008702,2012-10-15 00:40:04.090000+00:00,1,1350261604
1232677153,601084101,2012-10-15 00:40:12.147000+00:00,1,1350261612
1232677153,3120788322,2012-10-15 00:40:39.685000+00:00,1,1350261639
1232677153,2129255857,2012-10-15 00:44:10.965000+00:00,1,1350261850
1232677153,3549479498,2012-10-15 00:45:23.588000+00:00,1,1350261923
1232677153,3614248848,2012-10-15 00:45:39.169000+00:00,1,1350261939
1232677153,2287170527,2012-10-15 00:45:44.785000+00:00,1,1350261944
1232677153,636474096,2012-10-15 00:46:23.031000+00:00,1,1350261983
1232677153,960296146,2012-10-15 00:47:49.831000+00:00,1,1350262069
1232677153,1975461401,2012-10-15 00:48:04.700000+00:00,1,1350262084
127904873,2522610844,2012-10-15 02:23:28.147000+00:00,0,1350267808
127904873,955398943,2012-10-15 02:23:28.147000+00:00,0,1350267808
127904873,1600413013,2012-10-15 02:23:28.147000+00:00,1,1350267808
127904873,2645454646,2012-10-15 02:23:28.147000+00:00,0,1350267808
127904873,2610494844,2012-10-15 02:23:28.147000+00:00,0,1350267808
127904873,2529072432,2012-10-15 02:23:28.147000+00:00,0,1350267808
2995967526,3907799000,2012-10-15 03:22:40.553000+00:00,0,1350271360
2995967526,316359712,2012-10-15 03:22:40.553000+00:00,0,1350271360
2995967526,561924821,2012-10-15 03:22:40.553000+00:00,0,1350271360
2995967526,1079899197,2012-10-15 03:22:40.553000+00:00,1,1350271360
2995967526,1910411667,2012-10-15 03:22:40.553000+00:00,0,1350271360
2995967526,4160591592,2012-10-15 03:22:40.553000+00:00,0,1350271360
2193628344,2662935109,2012-10-15 05:20:57.710000+00:00,0,1350278457
2193628344,3656771393,2012-10-15 05:20:57.710000+00:00,0,1350278457
2193628344,2529072432,2012-10-15 05:20:57.710000+00:00,1,1350278457
2193628344,1921897790,2012-10-15 05:20:57.710000+00:00,0,1350278457
2193628344,955398943,2012-10-15 05:20:57.710000+00:00,0,1350278457
2193628344,711611185,2012-10-15 05:20:57.710000+00:00,0,1350278457
2193628344,1556475107,2012-10-15 05:20:58.727000+00:00,1,1350278458
2193628344,3249252679,2012-10-15 05:21:10.328000+00:00,1,1350278470
2193628344,465657177,2012-10-15 05:21:11.862000+00:00,1,1350278471
2193628344,1259109743,2012-10-15 05:21:13.383000+00:00,1,1350278473
2193628344,2202694777,2012-10-15 05:21:14.904000+00:00,1,1350278474
2193628344,602394192,2012-10-15 05:21:15.930000+00:00,1,1350278475
1053832375,955398943,2012-10-15 05:21:18.989000+00:00,0,1350278478
1053832375,3728112255,2012-10-15 05:21:18.989000+00:00,0,1350278478
1053832375,2529072432,2012-10-15 05:21:18.989000+00:00,0,1350278478
1053832375,544234384,2012-10-15 05:21:18.989000+00:00,0,1350278478
1053832375,1471140446,2012-10-15 05:21:18.989000+00:00,0,1350278478
1053832375,1600413013,2012-10-15 05:21:18.989000+00:00,1,1350278478
2193628344,3276213471,2012-10-15 05:21:23.542000+00:00,1,1350278483
3252326922,1294433853,2012-10-15 05:23:52.463000+00:00,0,1350278632
3252326922,3738629021,2012-10-15 05:23:52.463000+00:00,0,1350278632
3252326922,4162137499,2012-10-15 05:23:52.463000+00:00,0,1350278632
3252326922,1773230862,2012-10-15 05:23:52.463000+00:00,0,1350278632
3252326922,723044386,2012-10-15 05:23:52.463000+00:00,0,1350278632
3252326922,3275948662,2012-10-15 05:23:52.463000+00:00,1,1350278632
1289434141,1163982543,2012-10-15 05:34:29.866000+00:00,0,1350279269
1289434141,3855173861,2012-10-15 05:34:29.866000+00:00,0,1350279269
1289434141,2482354223,2012-10-15 05:34:29.866000+00:00,0,1350279269
1289434141,1643773664,2012-10-15 05:34:29.866000+00:00,0,1350279269
1289434141,1650204537,2012-10-15 05:34:29.866000+00:00,1,1350279269
1289434141,1513616494,2012-10-15 05:34:29.866000+00:00,0,1350279269
1452056386,1921897790,2012-10-15 08:14:49.621000+00:00,1,1350288889
1452056386,711611185,2012-10-15 08:14:49.621000+00:00,0,1350288889
1452056386,4202927804,2012-10-15 08:14:49.621000+00:00,0,1350288889
1452056386,1373625192,2012-10-15 08:14:49.621000+00:00,0,1350288889
1452056386,1471140446,2012-10-15 08:14:49.621000+00:00,0,1350288889
1452056386,1522071038,2012-10-15 08:14:49.621000+00:00,0,1350288889
1452056386,2529072432,2012-10-15 08:14:50.640000+00:00,1,1350288890
1452056386,955398943,2012-10-15 08:14:53.197000+00:00,1,1350288893
1452056386,3334994462,2012-10-15 08:15:05.788000+00:00,1,1350288905
2885761776,1732452113,2012-10-15 11:46:34.739000+00:00,0,1350301594
2885761776,3335311287,2012-10-15 11:46:34.739000+00:00,0,1350301594
2885761776,686023870,2012-10-15 11:46:34.739000+00:00,0,1350301594
2885761776,163992226,2012-10-15 11:46:34.739000+00:00,0,1350301594
2885761776,3017798619,2012-10-15 11:46:34.739000+00:00,0,1350301594
2885761776,18690082,2012-10-15 11:46:34.739000+00:00,1,1350301594
2885761776,111865818,2012-10-15 11:46:42.415000+00:00,1,1350301602
2885761776,1066010345,2012-10-15 11:46:45.459000+00:00,1,1350301605
2885761776,1193557066,2012-10-15 11:46:48.999000+00:00,1,1350301608
2885761776,3676123091,2012-10-15 11:46:51.027000+00:00,1,1350301611
2885761776,3407521586,2012-10-15 11:46:52.550000+00:00,1,1350301612
2885761776,1348764141,2012-10-15 11:46:54.593000+00:00,1,1350301614
1815721382,955398943,2012-10-15 12:48:30.710000+00:00,1,1350305310
1815721382,3129511797,2012-10-15 12:48:30.710000+00:00,0,1350305310
1815721382,524333092,2012-10-15 12:48:30.710000+00:00,0,1350305310
1815721382,1773230862,2012-10-15 12:48:30.710000+00:00,0,1350305310
1815721382,2787748632,2012-10-15 12:48:30.710000+00:00,0,1350305310
1815721382,2529072432,2012-10-15 12:48:30.710000+00:00,0,1350305310
3887778002,1104384354,2012-10-15 13:01:21.375000+00:00,0,1350306081
3887778002,1110206058,2012-10-15 13:01:21.375000+00:00,1,1350306081
3887778002,150954316,2012-10-15 13:01:21.375000+00:00,0,1350306081
3887778002,1641873670,2012-10-15 13:01:21.375000+00:00,0,1350306081
3887778002,2645454646,2012-10-15 13:01:21.375000+00:00,0,1350306081
3887778002,3972620098,2012-10-15 13:01:21.375000+00:00,0,1350306081
3887778002,671500966,2012-10-15 13:01:22.399000+00:00,1,1350306082
2244689014,150954316,2012-10-15 14:15:44.243000+00:00,0,1350310544
2244689014,2522610844,2012-10-15 14:15:44.243000+00:00,0,1350310544
2244689014,1600413013,2012-10-15 14:15:44.243000+00:00,1,1350310544
2244689014,1988291613,2012-10-15 14:15:44.243000+00:00,0,1350310544
2244689014,955398943,2012-10-15 14:15:47.773000+00:00,1,1350310547
2244689014,2529072432,2012-10-15 14:15:49.800000+00:00,1,1350310549
102981257,3517217019,2012-10-15 14:19:48.131000+00:00,0,1350310788
102981257,3476135728,2012-10-15 14:19:48.131000+00:00,0,1350310788
102981257,2460207561,2012-10-15 14:19:48.131000+00:00,1,1350310788
102981257,2424637456,2012-10-15 14:19:48.131000+00:00,0,1350310788
102981257,3255028579,2012-10-15 14:19:48.131000+00:00,0,1350310788
102981257,2892792634,2012-10-15 14:19:50.223000+00:00,1,1350310790
102981257,3971267428,2012-10-15 14:19:52.797000+00:00,1,1350310792
1234792409,150954316,2012-10-15 20:12:13.701000+00:00,0,1350331933
1234792409,711611185,2012-10-15 20:12:13.701000+00:00,0,1350331933
1234792409,1277292991,2012-10-15 20:12:13.701000+00:00,0,1350331933
1234792409,1180210141,2012-10-15 20:12:13.701000+00:00,0,1350331933
1234792409,1556381686,2012-10-15 20:12:13.701000+00:00,0,1350331933
1234792409,1294433853,2012-10-15 20:12:13.701000+00:00,1,1350331933
1234792409,580186719,2012-10-15 20:12:20.276000+00:00,1,1350331940
1625052108,1036819130,2012-10-15 20:39:07.652000+00:00,0,1350333547
1625052108,3206596283,2012-10-15 20:39:07.652000+00:00,1,1350333547
1625052108,906046937,2012-10-15 20:39:07.652000+00:00,0,1350333547
1625052108,3380252862,2012-10-15 20:39:07.652000+00:00,0,1350333547
1625052108,236692540,2012-10-15 20:39:07.652000+00:00,0,1350333547
1625052108,3395930833,2012-10-15 20:39:07.652000+00:00,0,1350333547
1948945052,3749456307,2012-10-16 04:17:08.128000+00:00,0,1350361028
1948945052,1600413013,2012-10-16 04:17:11.189000+00:00,0,1350361031
1948945052,602394192,2012-10-16 04:17:15.258000+00:00,1,1350361035
1948945052,2435469468,2012-10-16 04:17:15.258000+00:00,0,1350361035
1948945052,2529072432,2012-10-16 04:17:15.258000+00:00,0,1350361035
1948945052,1921897790,2012-10-16 04:17:15.258000+00:00,0,1350361035
1948945052,1680138,2012-10-16 04:17:15.258000+00:00,0,1350361035
1948945052,2076836172,2012-10-16 04:17:15.258000+00:00,0,1350361035
1948945052,955398943,2012-10-16 04:17:17.285000+00:00,1,1350361037
3061307316,2415873572,2012-10-16 04:28:07.677000+00:00,1,1350361687
3061307316,4136739174,2012-10-16 04:28:07.677000+00:00,0,1350361687
3061307316,4265299106,2012-10-16 04:28:07.677000+00:00,0,1350361687
3061307316,2610494844,2012-10-16 04:28:07.677000+00:00,0,1350361687
3061307316,4250838032,2012-10-16 04:28:07.677000+00:00,0,1350361687
3061307316,3105353690,2012-10-16 04:28:07.677000+00:00,0,1350361687
3061307316,495087397,2012-10-16 04:28:14.219000+00:00,1,1350361694
4079159663,4193610911,2012-10-16 05:11:10.213000+00:00,0,1350364270
4079159663,3502397803,2012-10-16 05:11:10.213000+00:00,0,1350364270
4079159663,495087397,2012-10-16 05:11:10.213000+00:00,1,1350364270
4079159663,2529072432,2012-10-16 05:11:10.213000+00:00,0,1350364270
4079159663,1277292991,2012-10-16 05:11:10.213000+00:00,0,1350364270
4079159663,955398943,2012-10-16 05:11:10.213000+00:00,0,1350364270
4079159663,2415873572,2012-10-16 05:11:14.246000+00:00,1,1350364274
441103517,3502397803,2012-10-16 06:31:58.271000+00:00,0,1350369118
441103517,3519129293,2012-10-16 06:31:58.271000+00:00,0,1350369118
441103517,426238334,2012-10-16 06:31:58.271000+00:00,0,1350369118
441103517,2384544175,2012-10-16 06:31:58.271000+00:00,0,1350369118
441103517,2830173169,2012-10-16 06:31:58.271000+00:00,0,1350369118
441103517,4193610911,2012-10-16 06:31:58.271000+00:00,1,1350369118
441103517,955398943,2012-10-16 06:32:03.832000+00:00,1,1350369123
441103517,2529072432,2012-10-16 06:32:14.522000+00:00,1,1350369134
4199616576,82886770,2012-10-16 10:48:28.148000+00:00,0,1350384508
4199616576,1826343214,2012-10-16 10:48:28.148000+00:00,0,1350384508
4199616576,2953981660,2012-10-16 10:48:28.148000+00:00,0,1350384508
4199616576,2714876429,2012-10-16 10:48:28.148000+00:00,1,1350384508
4199616576,2420150606,2012-10-16 10:48:28.148000+00:00,0,1350384508
4199616576,1294433853,2012-10-16 10:48:28.148000+00:00,0,1350384508
4199616576,400356575,2012-10-16 10:49:17.049000+00:00,1,1350384557
4199616576,3164534147,2012-10-16 10:49:21.593000+00:00,1,1350384561
4199616576,3310353908,2012-10-16 10:50:06.408000+00:00,1,1350384606
4199616576,2481417302,2012-10-16 10:58:20.979000+00:00,1,1350385100
4199616576,955398943,2012-10-16 10:58:21.511000+00:00,1,1350385101
4199616576,602394192,2012-10-16 10:58:31.213000+00:00,1,1350385111
4199616576,2529072432,2012-10-16 10:58:36.322000+00:00,1,1350385116
4199616576,2645454646,2012-10-16 10:59:55.219000+00:00,1,1350385195
4199616576,270532321,2012-10-16 11:00:41.974000+00:00,1,1350385241
4199616576,797638314,2012-10-16 11:00:53.576000+00:00,1,1350385253
3172450732,1348209331,2012-10-16 12:34:29.231000+00:00,0,1350390869
3172450732,3579174462,2012-10-16 12:34:29.231000+00:00,0,1350390869
3172450732,955398943,2012-10-16 12:34:29.231000+00:00,1,1350390869
3172450732,711611185,2012-10-16 12:34:29.231000+00:00,0,1350390869
3172450732,1497764698,2012-10-16 12:34:29.231000+00:00,0,1350390869
3172450732,2384544175,2012-10-16 12:34:29.231000+00:00,0,1350390869
2223946882,4163116429,2012-10-16 14:13:18.479000+00:00,0,1350396798
2223946882,284003894,2012-10-16 14:13:18.479000+00:00,1,1350396798
2223946882,3588114419,2012-10-16 14:13:18.479000+00:00,0,1350396798
2223946882,1114147164,2012-10-16 14:13:18.479000+00:00,0,1350396798
2223946882,1662539682,2012-10-16 14:13:18.479000+00:00,0,1350396798
2223946882,4118369012,2012-10-16 14:13:18.479000+00:00,0,1350396798
2223946882,102460414,2012-10-16 14:13:19.319000+00:00,1,1350396799
2223946882,581543591,2012-10-16 14:13:20.344000+00:00,1,1350396800
2169945834,1904668659,2012-10-16 15:04:05.079000+00:00,0,1350399845
2169945834,426238334,2012-10-16 15:04:05.079000+00:00,0,1350399845
2169945834,955398943,2012-10-16 15:04:05.079000+00:00,1,1350399845
2169945834,3120842736,2012-10-16 15:04:05.079000+00:00,0,1350399845
2169945834,1104384354,2012-10-16 15:04:05.079000+00:00,0,1350399845
220184636,4290732626,2012-10-16 16:32:41.699000+00:00,0,1350405161
220184636,3994391682,2012-10-16 16:32:41.699000+00:00,0,1350405161
220184636,3581435589,2012-10-16 16:32:41.699000+00:00,0,1350405161
220184636,3729240624,2012-10-16 16:32:41.699000+00:00,0,1350405161
220184636,1421267283,2012-10-16 16:32:41.699000+00:00,1,1350405161
2567514456,3412870700,2012-10-16 17:03:33.433000+00:00,0,1350407013
2567514456,955398943,2012-10-16 17:03:33.433000+00:00,1,1350407013
2567514456,1518530087,2012-10-16 17:03:33.433000+00:00,0,1350407013
2567514456,1862794029,2012-10-16 17:03:33.433000+00:00,0,1350407013
2567514456,2414358105,2012-10-16 17:03:33.433000+00:00,0,1350407013
2567514456,2645454646,2012-10-16 17:03:33.433000+00:00,0,1350407013
2567514456,602394192,2012-10-16 17:03:50.626000+00:00,1,1350407030
3752474458,1560461306,2012-10-16 23:47:38.956000+00:00,1,1350431258
3752474458,2215176482,2012-10-16 23:47:38.956000+00:00,0,1350431258
3752474458,2986213038,2012-10-16 23:47:38.956000+00:00,0,1350431258
3752474458,2384544175,2012-10-16 23:47:38.956000+00:00,0,1350431258
3752474458,711611185,2012-10-16 23:47:38.956000+00:00,0,1350431258
3752474458,1556381686,2012-10-16 23:47:38.956000+00:00,0,1350431258
3064452030,177129913,2012-10-17 00:34:40.618000+00:00,0,1350434080
3064452030,2944185408,2012-10-17 00:34:40.618000+00:00,0,1350434080
3064452030,2853884485,2012-10-17 00:34:40.618000+00:00,1,1350434080
3064452030,793834522,2012-10-17 00:34:40.618000+00:00,0,1350434080
3064452030,702157839,2012-10-17 00:34:40.618000+00:00,0,1350434080
3064452030,3648708700,2012-10-17 00:34:40.618000+00:00,0,1350434080
3064452030,3636792221,2012-10-17 00:39:00.364000+00:00,1,1350434340
754938428,927695082,2012-10-17 04:24:00.482000+00:00,0,1350447840
754938428,4128714692,2012-10-17 04:24:00.482000+00:00,1,1350447840
754938428,3977593907,2012-10-17 04:24:00.482000+00:00,0,1350447840
754938428,926580005,2012-10-17 04:24:00.482000+00:00,0,1350447840
754938428,2419496401,2012-10-17 04:24:00.482000+00:00,0,1350447840
754938428,2476622244,2012-10-17 04:24:00.482000+00:00,0,1350447840
2319889082,1569838328,2012-10-17 04:48:48.156000+00:00,0,1350449328
2319889082,2384544175,2012-10-17 04:48:48.156000+00:00,0,1350449328
2319889082,602394192,2012-10-17 04:48:48.156000+00:00,0,1350449328
2319889082,955398943,2012-10-17 04:48:48.156000+00:00,0,1350449328
2319889082,711611185,2012-10-17 04:48:48.156000+00:00,0,1350449328
2319889082,2529072432,2012-10-17 04:48:48.156000+00:00,1,1350449328
1018886228,2529072432,2012-10-17 06:27:31.835000+00:00,1,1350455251
1018886228,2610494844,2012-10-17 06:27:31.847000+00:00,1,1350455251
1018886228,1862794029,2012-10-17 06:27:31.835000+00:00,0,1350455251
1018886228,1600413013,2012-10-17 06:27:31.861000+00:00,1,1350455251
1018886228,955398943,2012-10-17 06:27:31.880000+00:00,1,1350455251
1018886228,1543005236,2012-10-17 06:27:31.835000+00:00,0,1350455251
1018886228,613851355,2012-10-17 06:27:31.835000+00:00,0,1350455251
1018886228,141747067,2012-10-17 06:28:12.129000+00:00,1,1350455292
1018886228,602394192,2012-10-17 06:28:16.455000+00:00,1,1350455296
1018886228,2520169151,2012-10-17 06:28:16.441000+00:00,1,1350455296
3257224121,2529072432,2012-10-17 08:05:32.355000+00:00,0,1350461132
3257224121,4284482399,2012-10-17 08:05:32.355000+00:00,0,1350461132
3257224121,1600413013,2012-10-17 08:05:32.355000+00:00,0,1350461132
3257224121,955398943,2012-10-17 08:05:32.355000+00:00,0,1350461132
3257224121,3240064326,2012-10-17 08:05:32.355000+00:00,0,1350461132
3257224121,602394192,2012-10-17 08:05:32.355000+00:00,1,1350461132
51165908,2522610844,2012-10-17 09:46:36.627000+00:00,0,1350467196
51165908,955398943,2012-10-17 09:46:36.627000+00:00,1,1350467196
51165908,3017074183,2012-10-17 09:46:36.627000+00:00,0,1350467196
51165908,1862794029,2012-10-17 09:46:36.627000+00:00,0,1350467196
51165908,3875424137,2012-10-17 09:46:36.627000+00:00,0,1350467196
51165908,602394192,2012-10-17 09:48:22.967000+00:00,1,1350467302
51165908,1600413013,2012-10-17 09:48:30.761000+00:00,1,1350467310
51165908,1294433853,2012-10-17 09:48:41.931000+00:00,1,1350467321
3486057072,2422072300,2012-10-17 10:01:03.893000+00:00,0,1350468063
3486057072,2569103422,2012-10-17 10:01:03.893000+00:00,1,1350468063
3486057072,1742345117,2012-10-17 10:01:03.893000+00:00,0,1350468063
3486057072,3763851020,2012-10-17 10:01:03.893000+00:00,0,1350468063
3486057072,3350877007,2012-10-17 10:01:03.893000+00:00,0,1350468063
3486057072,2150760652,2012-10-17 10:01:03.893000+00:00,0,1350468063
2169945834,3120842736,2012-10-17 10:40:52.016000+00:00,0,1350470452
2169945834,472751320,2012-10-17 10:40:52.016000+00:00,1,1350470452
2169945834,1104384354,2012-10-17 10:40:52.016000+00:00,0,1350470452
2169945834,2146032671,2012-10-17 10:40:52.016000+00:00,0,1350470452
2169945834,108328258,2012-10-17 10:40:53.534000+00:00,1,1350470453
3972581484,2529072432,2012-10-17 10:57:46.300000+00:00,0,1350471466
3972581484,3429508261,2012-10-17 10:57:46.300000+00:00,1,1350471466
3972581484,1600413013,2012-10-17 10:57:46.300000+00:00,0,1350471466
3972581484,602394192,2012-10-17 10:57:46.300000+00:00,0,1350471466
3972581484,2384544175,2012-10-17 10:57:46.300000+00:00,0,1350471466
3972581484,955398943,2012-10-17 10:57:46.300000+00:00,0,1350471466
3972581484,2153348068,2012-10-17 10:57:47.820000+00:00,1,1350471467
3972581484,349771745,2012-10-17 10:57:48.326000+00:00,1,1350471468
3972581484,2776927174,2012-10-17 10:58:32.930000+00:00,1,1350471512
3365349866,3135553288,2012-10-17 11:17:04.217000+00:00,1,1350472624
3365349866,2830173169,2012-10-17 11:17:04.217000+00:00,0,1350472624
3365349866,3198478289,2012-10-17 11:17:04.217000+00:00,0,1350472624
3365349866,1294433853,2012-10-17 11:17:04.217000+00:00,0,1350472624
3365349866,799356822,2012-10-17 11:17:04.217000+00:00,0,1350472624
3365349866,2153348068,2012-10-17 11:17:04.217000+00:00,0,1350472624
3365349866,4162137499,2012-10-17 11:17:21.862000+00:00,1,1350472641
3365349866,1333552095,2012-10-17 11:17:29.409000+00:00,1,1350472649
3365349866,336783397,2012-10-17 11:17:41.017000+00:00,1,1350472661
3365349866,4193610911,2012-10-17 11:17:55.110000+00:00,1,1350472675
3365349866,3519129293,2012-10-17 11:18:01.153000+00:00,1,1350472681
3654861045,3562097691,2012-10-17 11:58:23.742000+00:00,0,1350475103
3654861045,1536484507,2012-10-17 11:58:23.742000+00:00,0,1350475103
3654861045,1106186184,2012-10-17 11:58:23.742000+00:00,1,1350475103
3654861045,1700908753,2012-10-17 11:58:23.742000+00:00,0,1350475103
3654861045,1516467554,2012-10-17 11:58:29.803000+00:00,1,1350475109
128723876,1294433853,2012-10-17 12:31:08.999000+00:00,0,1350477068
128723876,349771745,2012-10-17 12:31:08.999000+00:00,0,1350477068
128723876,3519129293,2012-10-17 12:31:08.999000+00:00,0,1350477068
128723876,4162137499,2012-10-17 12:31:08.999000+00:00,0,1350477068
128723876,4193610911,2012-10-17 12:31:08.999000+00:00,0,1350477068
128723876,3275948662,2012-10-17 12:31:08.999000+00:00,1,1350477068
128723876,3877083150,2012-10-17 12:31:46.471000+00:00,1,1350477106
128723876,1476388256,2012-10-17 12:32:16.699000+00:00,1,1350477136
128723876,3996872922,2012-10-17 12:32:30.275000+00:00,1,1350477150
128723876,642644408,2012-10-17 12:33:29.661000+00:00,1,1350477209
1541756008,2930825326,2012-10-17 13:32:45.008000+00:00,1,1350480765
1541756008,108328258,2012-10-17 13:32:45.008000+00:00,0,1350480765
1541756008,858638783,2012-10-17 13:32:45.008000+00:00,0,1350480765
1541756008,2399554984,2012-10-17 13:32:45.008000+00:00,0,1350480765
1541756008,2002156284,2012-10-17 13:32:45.008000+00:00,0,1350480765
1541756008,943870191,2012-10-17 13:32:45.008000+00:00,0,1350480765
1541756008,3034266247,2012-10-17 13:33:46.068000+00:00,1,1350480826
1354205322,902974037,2012-10-17 13:46:29.846000+00:00,0,1350481589
1354205322,1203083092,2012-10-17 13:46:29.846000+00:00,0,1350481589
1354205322,2564682277,2012-10-17 13:46:29.846000+00:00,0,1350481589
1354205322,3608285664,2012-10-17 13:46:29.846000+00:00,0,1350481589
1354205322,2645301517,2012-10-17 13:46:29.846000+00:00,1,1350481589
1354205322,2945230548,2012-10-17 13:46:29.846000+00:00,0,1350481589
1354205322,675426904,2012-10-17 13:46:31.370000+00:00,1,1350481591
810608905,2113532094,2012-10-17 16:21:24.212000+00:00,1,1350490884
810608905,2586815792,2012-10-17 16:21:24.212000+00:00,0,1350490884
810608905,4059083457,2012-10-17 16:21:24.212000+00:00,0,1350490884
810608905,1399415999,2012-10-17 16:21:24.212000+00:00,0,1350490884
810608905,2793983566,2012-10-17 16:21:24.212000+00:00,0,1350490884
810608905,1739904788,2012-10-17 16:21:24.212000+00:00,0,1350490884
3325600533,3472605389,2012-10-17 17:40:07.761000+00:00,0,1350495607
3325600533,1922356255,2012-10-17 17:40:07.761000+00:00,1,1350495607
3325600533,544929860,2012-10-17 17:40:07.761000+00:00,0,1350495607
3325600533,250831543,2012-10-17 17:40:07.761000+00:00,0,1350495607
3325600533,3380319047,2012-10-17 17:40:07.761000+00:00,0,1350495607
3325600533,2398363573,2012-10-17 17:40:07.761000+00:00,0,1350495607
3325600533,2789589094,2012-10-17 17:40:09.284000+00:00,1,1350495609
3325600533,2512346948,2012-10-17 17:40:15.349000+00:00,1,1350495615
2217853337,1229583430,2012-10-17 21:42:52.115000+00:00,1,1350510172
2217853337,1867941427,2012-10-17 21:42:52.115000+00:00,0,1350510172
2217853337,3458111938,2012-10-17 21:42:52.115000+00:00,0,1350510172
2217853337,1757355647,2012-10-17 21:42:52.115000+00:00,0,1350510172
2217853337,83427780,2012-10-17 21:42:52.115000+00:00,0,1350510172
2217853337,1622766919,2012-10-17 21:42:52.115000+00:00,0,1350510172
3316715342,3329566428,2012-10-17 22:35:29.477000+00:00,0,1350513329
3316715342,284003894,2012-10-17 22:35:29.477000+00:00,0,1350513329
3316715342,3422533807,2012-10-17 22:35:29.477000+00:00,0,1350513329
3316715342,581543591,2012-10-17 22:35:29.477000+00:00,0,1350513329
3316715342,2273085791,2012-10-17 22:35:29.477000+00:00,1,1350513329
3316715342,4118369012,2012-10-17 22:35:29.477000+00:00,0,1350513329
3316715342,3889211600,2012-10-17 22:35:43.109000+00:00,0,1350513343
2457737664,2566518154,2012-10-17 23:26:39.369000+00:00,0,1350516399
2457737664,497536928,2012-10-17 23:26:39.369000+00:00,0,1350516399
2457737664,1379282099,2012-10-17 23:26:39.369000+00:00,0,1350516399
2457737664,105698575,2012-10-17 23:26:39.369000+00:00,0,1350516399
2457737664,1922434523,2012-10-17 23:26:39.369000+00:00,0,1350516399
2457737664,3926115451,2012-10-17 23:26:39.369000+00:00,1,1350516399
2457737664,4213030833,2012-10-17 23:26:47.471000+00:00,1,1350516407
2464597212,970449428,2012-10-17 23:26:57.566000+00:00,1,1350516417
2464597212,3076752265,2012-10-17 23:26:57.566000+00:00,0,1350516417
2464597212,1586611723,2012-10-17 23:26:57.566000+00:00,0,1350516417
2464597212,2780066048,2012-10-17 23:26:57.566000+00:00,0,1350516417
2464597212,2105317643,2012-10-17 23:26:57.566000+00:00,0,1350516417
2464597212,1765289049,2012-10-17 23:26:57.566000+00:00,0,1350516417
2464597212,771425652,2012-10-17 23:27:03.116000+00:00,1,1350516423
2545657612,2522610844,2012-10-17 23:40:06.372000+00:00,0,1350517206
2545657612,3331390995,2012-10-17 23:40:06.372000+00:00,0,1350517206
2545657612,4125754193,2012-10-17 23:40:06.372000+00:00,0,1350517206
2545657612,1069076071,2012-10-17 23:40:06.372000+00:00,0,1350517206
2545657612,3539428285,2012-10-17 23:40:06.372000+00:00,0,1350517206
2545657612,4128714692,2012-10-17 23:40:06.372000+00:00,1,1350517206
898918449,3788504448,2012-10-18 00:57:09.886000+00:00,0,1350521829
898918449,1118457299,2012-10-18 00:57:15.428000+00:00,0,1350521835
898918449,806275357,2012-10-18 00:58:35.197000+00:00,0,1350521915
898918449,1570416070,2012-10-18 00:58:35.197000+00:00,0,1350521915
898918449,3194641622,2012-10-18 00:58:35.197000+00:00,1,1350521915
898918449,2648246316,2012-10-18 00:58:35.197000+00:00,0,1350521915
898918449,3380616735,2012-10-18 00:58:35.197000+00:00,0,1350521915
898918449,632053831,2012-10-18 00:58:35.197000+00:00,0,1350521915
4181452333,4156355007,2012-10-18 03:33:26.166000+00:00,0,1350531206
4181452333,3331390995,2012-10-18 03:33:26.166000+00:00,1,1350531206
4181452333,1367385701,2012-10-18 03:33:26.166000+00:00,0,1350531206
4181452333,1083268255,2012-10-18 03:33:26.166000+00:00,0,1350531206
2153152806,2529072432,2012-10-18 06:03:59.535000+00:00,1,1350540239
2153152806,1361307272,2012-10-18 06:03:59.535000+00:00,0,1350540239
2153152806,3701319848,2012-10-18 06:03:59.535000+00:00,0,1350540239
2153152806,1862794029,2012-10-18 06:03:59.535000+00:00,0,1350540239
2153152806,4073488660,2012-10-18 06:03:59.535000+00:00,0,1350540239
2153152806,771676713,2012-10-18 06:03:59.535000+00:00,0,1350540239
2153152806,1600413013,2012-10-18 06:04:00.065000+00:00,1,1350540240
2153152806,955398943,2012-10-18 06:04:05.144000+00:00,1,1350540245
1834669948,1294433853,2012-10-18 07:05:26.399000+00:00,0,1350543926
1834669948,4162137499,2012-10-18 07:05:26.399000+00:00,0,1350543926
1834669948,3429508261,2012-10-18 07:05:26.399000+00:00,0,1350543926
1834669948,126225732,2012-10-18 07:05:26.399000+00:00,1,1350543926
1834669948,4193610911,2012-10-18 07:05:26.399000+00:00,0,1350543926
1834669948,896333395,2012-10-18 07:05:26.399000+00:00,0,1350543926
2903662804,1660678384,2012-10-18 07:25:19.254000+00:00,0,1350545119
2903662804,3076752265,2012-10-18 07:25:19.254000+00:00,1,1350545119
2903662804,2324812471,2012-10-18 07:25:19.254000+00:00,0,1350545119
2903662804,647011225,2012-10-18 07:25:19.254000+00:00,0,1350545119
2903662804,3843407616,2012-10-18 07:25:19.254000+00:00,0,1350545119
2903662804,2473502708,2012-10-18 07:25:19.254000+00:00,0,1350545119
2941044791,1600954475,2012-10-18 07:56:39.977000+00:00,0,1350546999
2941044791,725340715,2012-10-18 07:56:39.977000+00:00,1,1350546999
2941044791,3464109973,2012-10-18 07:56:39.977000+00:00,0,1350546999
2941044791,1731945792,2012-10-18 07:56:39.977000+00:00,0,1350546999
2941044791,909637169,2012-10-18 07:56:39.977000+00:00,0,1350546999
2941044791,2567519500,2012-10-18 07:56:39.977000+00:00,0,1350546999
3424054391,3034266247,2012-10-18 08:46:43.590000+00:00,0,1350550003
3424054391,671500966,2012-10-18 08:46:43.590000+00:00,1,1350550003
3424054391,1171067154,2012-10-18 08:46:43.590000+00:00,0,1350550003
3424054391,220986721,2012-10-18 08:46:43.590000+00:00,0,1350550003
3424054391,2416826549,2012-10-18 08:46:43.590000+00:00,0,1350550003
3424054391,3280506253,2012-10-18 08:46:43.590000+00:00,0,1350550003
3424054391,2064772706,2012-10-18 08:46:54.667000+00:00,1,1350550014
910947719,2715927267,2012-10-18 09:38:12.826000+00:00,0,1350553092
910947719,3272550779,2012-10-18 09:38:12.826000+00:00,1,1350553092
910947719,3952341,2012-10-18 09:38:12.826000+00:00,0,1350553092
910947719,620891059,2012-10-18 09:38:12.826000+00:00,0,1350553092
910947719,4273848145,2012-10-18 09:38:12.826000+00:00,0,1350553092
910947719,688459086,2012-10-18 09:38:12.826000+00:00,0,1350553092
910947719,807650421,2012-10-18 09:38:42.152000+00:00,1,1350553122
996222490,290465119,2012-10-18 09:57:03.473000+00:00,1,1350554223
996222490,1972106630,2012-10-18 09:57:03.473000+00:00,0,1350554223
996222490,3674776256,2012-10-18 09:57:03.473000+00:00,0,1350554223
996222490,3824757637,2012-10-18 09:57:03.473000+00:00,0,1350554223
996222490,1148064387,2012-10-18 09:57:03.473000+00:00,0,1350554223
996222490,1896968816,2012-10-18 09:57:03.473000+00:00,0,1350554223
996222490,3980841936,2012-10-18 10:15:46.409000+00:00,1,1350555346
996222490,1437816019,2012-10-18 10:15:49.514000+00:00,1,1350555349
306422496,321141387,2012-10-18 10:16:23.339000+00:00,0,1350555383
306422496,2529072432,2012-10-18 10:16:23.339000+00:00,1,1350555383
306422496,1862794029,2012-10-18 10:16:23.339000+00:00,0,1350555383
306422496,3372111380,2012-10-18 10:16:23.339000+00:00,0,1350555383
306422496,1921897790,2012-10-18 10:16:23.339000+00:00,0,1350555383
306422496,868932064,2012-10-18 10:16:23.339000+00:00,0,1350555383
306422496,1361307272,2012-10-18 10:16:25.366000+00:00,1,1350555385
306422496,771676713,2012-10-18 10:16:35.934000+00:00,1,1350555395
306422496,955398943,2012-10-18 10:16:39.469000+00:00,1,1350555399
306422496,1600413013,2012-10-18 10:16:45.027000+00:00,1,1350555405
306422496,602394192,2012-10-18 10:16:46.050000+00:00,1,1350555406
4285564534,1168380708,2012-10-18 10:28:59.399000+00:00,0,1350556139
4285564534,3863081535,2012-10-18 10:28:59.399000+00:00,0,1350556139
4285564534,1364943007,2012-10-18 10:28:59.399000+00:00,0,1350556139
4285564534,663767875,2012-10-18 10:28:59.399000+00:00,1,1350556139
4285564534,3874905711,2012-10-18 10:28:59.399000+00:00,0,1350556139
4285564534,675426904,2012-10-18 10:28:59.399000+00:00,0,1350556139
2594894760,1502351219,2012-10-18 10:43:47.897000+00:00,0,1350557027
2594894760,2529072432,2012-10-18 10:43:47.897000+00:00,0,1350557027
2594894760,4193778945,2012-10-18 10:43:47.897000+00:00,1,1350557027
2594894760,1883700806,2012-10-18 10:43:47.897000+00:00,0,1350557027
2594894760,260814396,2012-10-18 10:43:47.897000+00:00,0,1350557027
2594894760,240793225,2012-10-18 10:43:47.897000+00:00,0,1350557027
4040322582,75052451,2012-10-18 10:56:28.222000+00:00,1,1350557788
4040322582,1600413013,2012-10-18 10:56:28.222000+00:00,0,1350557788
4040322582,955398943,2012-10-18 10:56:28.222000+00:00,0,1350557788
4040322582,771676713,2012-10-18 10:56:28.222000+00:00,0,1350557788
4040322582,2529072432,2012-10-18 10:56:28.222000+00:00,0,1350557788
4040322582,1361307272,2012-10-18 10:56:28.222000+00:00,0,1350557788
4040322582,602394192,2012-10-18 10:56:49.852000+00:00,1,1350557809
3041705231,2205312075,2012-10-18 14:02:16.209000+00:00,0,1350568936
3041705231,2873343645,2012-10-18 14:02:16.209000+00:00,0,1350568936
3041705231,2251883371,2012-10-18 14:02:16.209000+00:00,1,1350568936
3041705231,3091794905,2012-10-18 14:02:16.209000+00:00,0,1350568936
3041705231,1888225819,2012-10-18 14:02:16.209000+00:00,0,1350568936
3041705231,2896707893,2012-10-18 14:02:16.209000+00:00,0,1350568936
3941958556,602394192,2012-10-18 16:09:55.172000+00:00,0,1350576595
3941958556,1361307272,2012-10-18 16:09:55.172000+00:00,0,1350576595
3941958556,2529072432,2012-10-18 16:09:55.172000+00:00,0,1350576595
3941958556,2414358105,2012-10-18 16:09:55.172000+00:00,0,1350576595
3941958556,1600413013,2012-10-18 16:09:55.172000+00:00,0,1350576595
3941958556,955398943,2012-10-18 16:09:55.172000+00:00,1,1350576595
3941958556,3735036412,2012-10-18 16:11:55.602000+00:00,1,1350576715
3941958556,771676713,2012-10-18 16:12:02.720000+00:00,1,1350576722
3148555709,514005507,2012-10-18 16:50:34.733000+00:00,0,1350579034
3148555709,2549812644,2012-10-18 16:50:34.733000+00:00,0,1350579034
3148555709,4289038800,2012-10-18 16:50:34.733000+00:00,0,1350579034
3148555709,4136739174,2012-10-18 16:50:34.733000+00:00,0,1350579034
3148555709,1577350274,2012-10-18 16:50:34.733000+00:00,1,1350579034
3148555709,1167949960,2012-10-18 16:50:34.733000+00:00,0,1350579034
1585175216,1661827687,2012-10-18 18:21:31.407000+00:00,0,1350584491
1585175216,2014101719,2012-10-18 18:21:31.407000+00:00,0,1350584491
1585175216,3403877450,2012-10-18 18:21:31.407000+00:00,0,1350584491
1585175216,2097864750,2012-10-18 18:21:31.407000+00:00,0,1350584491
1585175216,1439192677,2012-10-18 18:21:31.407000+00:00,1,1350584491
1117272184,2147405084,2012-10-19 02:29:13.323000+00:00,0,1350613753
1117272184,1676335981,2012-10-19 02:29:13.323000+00:00,0,1350613753
1117272184,3799675359,2012-10-19 02:29:13.323000+00:00,0,1350613753
1117272184,4186433927,2012-10-19 02:29:13.323000+00:00,1,1350613753
1117272184,2128883729,2012-10-19 02:29:13.323000+00:00,0,1350613753
1117272184,1662175218,2012-10-19 02:29:13.323000+00:00,0,1350613753
4162525077,2416778852,2012-10-19 02:58:35.752000+00:00,0,1350615515
4162525077,3205877648,2012-10-19 02:58:35.752000+00:00,0,1350615515
4162525077,3861768249,2012-10-19 02:58:35.752000+00:00,0,1350615515
4162525077,4157119717,2012-10-19 02:58:35.752000+00:00,0,1350615515
4162525077,2129718710,2012-10-19 02:58:35.752000+00:00,0,1350615515
4162525077,945869322,2012-10-19 02:58:35.752000+00:00,1,1350615515
4162525077,263011441,2012-10-19 02:59:30.281000+00:00,1,1350615570
507847098,1361307272,2012-10-19 09:23:17.298000+00:00,0,1350638597
507847098,771676713,2012-10-19 09:23:17.298000+00:00,0,1350638597
507847098,2529072432,2012-10-19 09:23:17.298000+00:00,1,1350638597
507847098,2384544175,2012-10-19 09:23:17.298000+00:00,0,1350638597
507847098,955398943,2012-10-19 09:23:17.298000+00:00,0,1350638597
507847098,602394192,2012-10-19 09:23:17.298000+00:00,0,1350638597
4156731925,800349173,2012-10-19 15:00:22.796000+00:00,0,1350658822
4156731925,1139465813,2012-10-19 15:00:22.796000+00:00,0,1350658822
4156731925,3429508261,2012-10-19 15:00:22.796000+00:00,0,1350658822
4156731925,896333395,2012-10-19 15:00:22.796000+00:00,1,1350658822
4156731925,2830173169,2012-10-19 15:00:22.796000+00:00,0,1350658822
4156731925,2157645470,2012-10-19 15:00:22.796000+00:00,0,1350658822
4156731925,2415873572,2012-10-19 15:00:26.832000+00:00,1,1350658826
4156731925,1497764698,2012-10-19 15:00:32.392000+00:00,1,1350658832
4156731925,711611185,2012-10-19 15:00:43.522000+00:00,1,1350658843
4156731925,2529072432,2012-10-19 15:00:47.732000+00:00,1,1350658847
4156731925,955398943,2012-10-19 15:00:48.777000+00:00,1,1350658848
4156731925,2610494844,2012-10-19 15:00:55.376000+00:00,1,1350658855
4246728549,1313929779,2012-10-19 15:48:07.175000+00:00,0,1350661687
4246728549,3001071751,2012-10-19 15:48:07.175000+00:00,0,1350661687
4246728549,771676713,2012-10-19 15:48:07.175000+00:00,1,1350661687
4246728549,1638992821,2012-10-19 15:48:07.175000+00:00,0,1350661687
4246728549,602394192,2012-10-19 15:48:07.175000+00:00,0,1350661687
4246728549,3230650403,2012-10-19 15:48:07.175000+00:00,0,1350661687
4246728549,4116595591,2012-10-19 15:48:14.238000+00:00,1,1350661694
4246728549,1361307272,2012-10-19 15:48:23.810000+00:00,1,1350661703
4246728549,2133183406,2012-10-19 15:48:53.007000+00:00,1,1350661733
4246728549,2249210117,2012-10-19 15:49:01.661000+00:00,1,1350661741
4246728549,2529072432,2012-10-19 15:49:07.624000+00:00,1,1350661747
2500150280,321597084,2012-10-19 16:31:30.907000+00:00,0,1350664290
2500150280,1696584769,2012-10-19 16:31:30.907000+00:00,0,1350664290
2500150280,4159177884,2012-10-19 16:31:30.907000+00:00,1,1350664290
2500150280,3033694655,2012-10-19 16:31:30.907000+00:00,0,1350664290
2500150280,4172382349,2012-10-19 16:31:30.907000+00:00,0,1350664290
2500150280,3505566385,2012-10-19 16:31:30.907000+00:00,0,1350664290
48380986,3620294118,2012-10-19 17:27:10.805000+00:00,0,1350667630
48380986,885074740,2012-10-19 17:27:10.805000+00:00,0,1350667630
48380986,2049853077,2012-10-19 17:27:10.805000+00:00,0,1350667630
48380986,3331390995,2012-10-19 17:27:10.805000+00:00,1,1350667630
48380986,4125754193,2012-10-19 17:27:10.805000+00:00,0,1350667630
48380986,2476622244,2012-10-19 17:27:10.805000+00:00,0,1350667630
48380986,1967012522,2012-10-19 17:27:26.972000+00:00,0,1350667646
3108358241,1001013482,2012-10-19 17:42:39.757000+00:00,1,1350668559
3108358241,2468421822,2012-10-19 17:42:39.757000+00:00,0,1350668559
3108358241,3051088984,2012-10-19 17:42:39.757000+00:00,0,1350668559
3108358241,1522506442,2012-10-19 17:42:39.757000+00:00,0,1350668559
3108358241,1306609867,2012-10-19 17:42:39.757000+00:00,0,1350668559
3108358241,3632090303,2012-10-19 17:42:39.757000+00:00,0,1350668559
265142861,2977416608,2012-10-19 18:11:16.657000+00:00,0,1350670276
265142861,3280467847,2012-10-19 18:11:16.657000+00:00,0,1350670276
265142861,1361358532,2012-10-19 18:11:16.657000+00:00,1,1350670276
265142861,3799675359,2012-10-19 18:11:16.657000+00:00,0,1350670276
265142861,3377140913,2012-10-19 18:11:16.657000+00:00,0,1350670276
265142861,2486303679,2012-10-19 18:11:16.657000+00:00,0,1350670276
1067164735,560848526,2012-10-19 18:14:17.635000+00:00,0,1350670457
1067164735,1105514937,2012-10-19 18:14:31.309000+00:00,0,1350670471
1067164735,964417452,2012-10-19 18:14:56.684000+00:00,0,1350670496
1067164735,1728535880,2012-10-19 18:15:31.551000+00:00,0,1350670531
1067164735,706941746,2012-10-19 18:15:31.551000+00:00,0,1350670531
1067164735,3344118120,2012-10-19 18:15:31.551000+00:00,0,1350670531
1067164735,1536015047,2012-10-19 18:15:31.551000+00:00,0,1350670531
1067164735,1665286634,2012-10-19 18:15:31.551000+00:00,0,1350670531
1067164735,73512801,2012-10-19 18:15:31.551000+00:00,1,1350670531
1067164735,1944950450,2012-10-19 18:15:41.120000+00:00,1,1350670541
3054205479,4088563716,2012-10-19 18:21:18.750000+00:00,0,1350670878
3054205479,42204521,2012-10-19 18:21:18.750000+00:00,0,1350670878
3054205479,3658812660,2012-10-19 18:21:18.750000+00:00,0,1350670878
3054205479,3462134235,2012-10-19 18:21:18.750000+00:00,1,1350670878
3054205479,1814530527,2012-10-19 18:21:18.750000+00:00,0,1350670878
3054205479,4004496621,2012-10-19 18:21:18.750000+00:00,0,1350670878
2768571751,1966207583,2012-10-19 20:51:05.671000+00:00,0,1350679865
2768571751,406875877,2012-10-19 20:51:05.671000+00:00,0,1350679865
2768571751,1881457697,2012-10-19 20:51:05.671000+00:00,0,1350679865
2768571751,1570416070,2012-10-19 20:51:05.671000+00:00,1,1350679865
2768571751,1799996886,2012-10-19 20:51:05.671000+00:00,0,1350679865
2768571751,2727740466,2012-10-19 20:51:05.671000+00:00,0,1350679865
1493407039,3137753114,2012-10-19 22:32:27.527000+00:00,0,1350685947
1493407039,789146264,2012-10-19 22:32:27.527000+00:00,0,1350685947
1493407039,3885475162,2012-10-19 22:32:27.527000+00:00,0,1350685947
1493407039,4256163933,2012-10-19 22:32:27.527000+00:00,0,1350685947
1493407039,2977827251,2012-10-19 22:32:27.527000+00:00,1,1350685947
1493407039,52515824,2012-10-19 22:32:27.527000+00:00,0,1350685947
3042642967,602394192,2012-10-20 01:41:42.697000+00:00,0,1350697302
3042642967,1348209331,2012-10-20 01:41:42.697000+00:00,0,1350697302
3042642967,1518530087,2012-10-20 01:41:42.697000+00:00,0,1350697302
3042642967,217706704,2012-10-20 01:41:42.697000+00:00,0,1350697302
3042642967,2384544175,2012-10-20 01:41:42.697000+00:00,0,1350697302
3042642967,771676713,2012-10-20 01:41:42.697000+00:00,1,1350697302
661656054,1393751701,2012-10-20 02:03:11.226000+00:00,0,1350698591
661656054,430406405,2012-10-20 02:03:11.226000+00:00,0,1350698591
661656054,3106536799,2012-10-20 02:03:11.226000+00:00,1,1350698591
661656054,1502205727,2012-10-20 02:03:11.226000+00:00,0,1350698591
2691223445,4027073137,2012-10-20 02:15:54.353000+00:00,0,1350699354
2691223445,2316735731,2012-10-20 02:15:54.353000+00:00,0,1350699354
2691223445,3335940486,2012-10-20 02:15:54.353000+00:00,0,1350699354
2691223445,1869231286,2012-10-20 02:15:54.353000+00:00,0,1350699354
2691223445,1203962214,2012-10-20 02:15:54.353000+00:00,1,1350699354
2691223445,194287425,2012-10-20 02:15:54.353000+00:00,0,1350699354
2312878118,1622044817,2012-10-20 04:24:57.157000+00:00,0,1350707097
2312878118,3232171836,2012-10-20 04:24:57.157000+00:00,0,1350707097
2312878118,2209057061,2012-10-20 04:24:57.157000+00:00,0,1350707097
2312878118,3875424137,2012-10-20 04:24:57.157000+00:00,0,1350707097
2312878118,4129420762,2012-10-20 04:24:57.157000+00:00,1,1350707097
2312878118,602394192,2012-10-20 04:24:58.687000+00:00,1,1350707098
2312878118,771676713,2012-10-20 04:25:53.508000+00:00,1,1350707153
2312878118,1361307272,2012-10-20 04:25:56.683000+00:00,1,1350707156
178517662,4267868521,2012-10-20 04:26:52.753000+00:00,1,1350707212
178517662,4171753844,2012-10-20 04:26:52.753000+00:00,0,1350707212
178517662,771655154,2012-10-20 04:26:52.753000+00:00,0,1350707212
178517662,3556644095,2012-10-20 04:26:52.753000+00:00,0,1350707212
178517662,771676713,2012-10-20 04:26:52.753000+00:00,0,1350707212
178517662,602394192,2012-10-20 04:26:53.300000+00:00,1,1350707213
178517662,529900443,2012-10-20 04:26:54.827000+00:00,1,1350707214
110310789,2699680057,2012-10-20 04:35:45.837000+00:00,0,1350707745
110310789,3361931726,2012-10-20 04:35:45.837000+00:00,0,1350707745
110310789,205295897,2012-10-20 04:35:45.837000+00:00,0,1350707745
110310789,3378415880,2012-10-20 04:35:45.837000+00:00,1,1350707745
110310789,1613656858,2012-10-20 04:35:45.837000+00:00,0,1350707745
110310789,4284333263,2012-10-20 04:35:45.837000+00:00,0,1350707745
1785235519,771676713,2012-10-20 07:59:59.298000+00:00,0,1350719999
1785235519,1361307272,2012-10-20 08:00:00.825000+00:00,0,1350720000
1785235519,602394192,2012-10-20 08:00:02.349000+00:00,0,1350720002
1785235519,1236148406,2012-10-20 08:00:03.870000+00:00,0,1350720003
1785235519,4249581931,2012-10-20 08:00:42.733000+00:00,0,1350720042
1785235519,1736406045,2012-10-20 08:01:07.374000+00:00,0,1350720067
1785235519,4079544335,2012-10-20 08:01:27.095000+00:00,1,1350720087
1785235519,1348209331,2012-10-20 08:01:27.095000+00:00,0,1350720087
1785235519,800349173,2012-10-20 08:01:27.095000+00:00,0,1350720087
1785235519,2384544175,2012-10-20 08:01:27.095000+00:00,0,1350720087
1785235519,2209057061,2012-10-20 08:01:27.095000+00:00,0,1350720087
1785235519,1569838328,2012-10-20 08:01:27.095000+00:00,0,1350720087
1785235519,821546192,2012-10-20 08:01:29.638000+00:00,1,1350720089
2212184935,3220086751,2012-10-20 08:21:30.467000+00:00,0,1350721290
2212184935,878192149,2012-10-20 08:21:30.467000+00:00,0,1350721290
2212184935,602394192,2012-10-20 08:21:30.467000+00:00,0,1350721290
2212184935,1569838328,2012-10-20 08:21:30.467000+00:00,0,1350721290
2212184935,771676713,2012-10-20 08:21:30.467000+00:00,1,1350721290
2212184935,2476584925,2012-10-20 08:21:30.467000+00:00,0,1350721290
2212184935,2645301517,2012-10-20 08:21:45.569000+00:00,1,1350721305
2212184935,1862794029,2012-10-20 08:21:45.053000+00:00,1,1350721305
2212184935,1361307272,2012-10-20 08:21:55.649000+00:00,1,1350721315
3365445357,771676713,2012-10-20 08:38:59.003000+00:00,0,1350722339
3365445357,274750357,2012-10-20 08:38:59.003000+00:00,1,1350722339
3365445357,992238642,2012-10-20 08:38:59.003000+00:00,0,1350722339
3365445357,602394192,2012-10-20 08:38:59.003000+00:00,0,1350722339
3365445357,1361307272,2012-10-20 08:38:59.003000+00:00,0,1350722339
3365445357,3429508261,2012-10-20 08:38:59.003000+00:00,0,1350722339
3389773360,2990906610,2012-10-20 09:04:57.566000+00:00,0,1350723897
3389773360,3691014441,2012-10-20 09:04:57.566000+00:00,0,1350723897
3389773360,771676713,2012-10-20 09:04:57.566000+00:00,0,1350723897
3389773360,602394192,2012-10-20 09:04:57.566000+00:00,1,1350723897
3389773360,3758939213,2012-10-20 09:04:57.566000+00:00,0,1350723897
3389773360,2776927174,2012-10-20 09:04:57.566000+00:00,0,1350723897
1419064403,2155152986,2012-10-20 11:53:42.638000+00:00,0,1350734022
1419064403,2846701379,2012-10-20 11:53:42.638000+00:00,1,1350734022
1419064403,878192149,2012-10-20 11:53:42.638000+00:00,0,1350734022
1419064403,1820269907,2012-10-20 11:53:42.638000+00:00,0,1350734022
1419064403,2641058120,2012-10-20 11:53:42.638000+00:00,0,1350734022
1419064403,1220590530,2012-10-20 11:53:42.638000+00:00,0,1350734022
910947719,2715927267,2012-10-20 12:48:16.260000+00:00,0,1350737296
910947719,1061602418,2012-10-20 12:48:16.260000+00:00,0,1350737296
910947719,2850127303,2012-10-20 12:48:16.260000+00:00,0,1350737296
910947719,1809088377,2012-10-20 12:48:16.260000+00:00,0,1350737296
910947719,4273848145,2012-10-20 12:48:16.260000+00:00,0,1350737296
910947719,779051730,2012-10-20 12:48:16.260000+00:00,1,1350737296
1354120181,1569838328,2012-10-20 15:14:26.501000+00:00,0,1350746066
1354120181,771676713,2012-10-20 15:14:26.501000+00:00,0,1350746066
1354120181,1361307272,2012-10-20 15:14:26.501000+00:00,1,1350746066
1354120181,3250536690,2012-10-20 15:14:26.501000+00:00,0,1350746066
1354120181,2133183406,2012-10-20 15:14:26.501000+00:00,0,1350746066
1354120181,318268706,2012-10-20 15:14:26.501000+00:00,0,1350746066
2971889961,1333552095,2012-10-20 18:24:41.410000+00:00,0,1350757481
2971889961,3217192264,2012-10-20 18:24:41.410000+00:00,0,1350757481
2971889961,771676713,2012-10-20 18:24:41.410000+00:00,1,1350757481
2971889961,602394192,2012-10-20 18:24:41.410000+00:00,0,1350757481
2971889961,1569838328,2012-10-20 18:24:41.410000+00:00,0,1350757481
2971889961,4009259776,2012-10-20 18:24:41.410000+00:00,0,1350757481
2971889961,1361307272,2012-10-20 18:24:42.454000+00:00,1,1350757482
2971889961,3429508261,2012-10-20 18:24:53.020000+00:00,1,1350757493
732078356,585897410,2012-10-20 19:07:08.437000+00:00,0,1350760028
732078356,3216718101,2012-10-20 19:07:08.437000+00:00,0,1350760028
732078356,3580637647,2012-10-20 19:07:08.437000+00:00,0,1350760028
732078356,1468984003,2012-10-20 19:07:08.437000+00:00,1,1350760028
732078356,1311508070,2012-10-20 19:07:08.437000+00:00,0,1350760028
732078356,4032908241,2012-10-20 19:07:08.437000+00:00,0,1350760028
3245671824,2407779614,2012-10-20 20:37:03.269000+00:00,0,1350765423
3245671824,1837633909,2012-10-20 20:37:03.269000+00:00,0,1350765423
3245671824,205295897,2012-10-20 20:37:03.269000+00:00,0,1350765423
3245671824,1897311308,2012-10-20 20:37:03.269000+00:00,1,1350765423
3245671824,3988717856,2012-10-20 20:37:03.269000+00:00,0,1350765423
3245671824,2209057061,2012-10-20 20:37:03.269000+00:00,0,1350765423
3435412352,205295897,2012-10-20 21:36:11.475000+00:00,0,1350768971
3435412352,2699680057,2012-10-20 21:36:11.475000+00:00,0,1350768971
3435412352,928532134,2012-10-20 21:36:11.475000+00:00,0,1350768971
3435412352,3631810027,2012-10-20 21:36:11.475000+00:00,0,1350768971
3435412352,476693272,2012-10-20 21:36:11.475000+00:00,0,1350768971
3435412352,1878241082,2012-10-20 21:36:11.475000+00:00,1,1350768971
3435412352,1435369330,2012-10-20 21:40:35.787000+00:00,0,1350769235
374950100,3216974136,2012-10-20 22:13:39.693000+00:00,1,1350771219
374950100,364572656,2012-10-20 22:13:39.693000+00:00,0,1350771219
374950100,3833990162,2012-10-20 22:13:39.693000+00:00,0,1350771219
374950100,1361307272,2012-10-20 22:13:39.693000+00:00,0,1350771219
374950100,1625043970,2012-10-20 22:13:39.693000+00:00,0,1350771219
374950100,2606923091,2012-10-20 22:14:16.587000+00:00,1,1350771256
374950100,1834446103,2012-10-20 22:15:00.350000+00:00,1,1350771300
3616798795,3856018417,2012-10-21 00:01:32.847000+00:00,0,1350777692
3616798795,1747322974,2012-10-21 00:01:32.847000+00:00,1,1350777692
3616798795,3194641622,2012-10-21 00:01:32.847000+00:00,0,1350777692
3616798795,3687051315,2012-10-21 00:01:32.847000+00:00,0,1350777692
3616798795,1937970808,2012-10-21 00:01:32.847000+00:00,0,1350777692
3616798795,3785555410,2012-10-21 00:01:32.847000+00:00,0,1350777692
3178723259,4073832558,2012-10-21 00:24:24.638000+00:00,0,1350779064
3178723259,776090102,2012-10-21 00:24:24.638000+00:00,1,1350779064
3178723259,3325146249,2012-10-21 00:24:24.638000+00:00,0,1350779064
3178723259,78990001,2012-10-21 00:24:24.638000+00:00,0,1350779064
3178723259,1735510277,2012-10-21 00:24:24.638000+00:00,0,1350779064
3178723259,4015174764,2012-10-21 00:24:24.638000+00:00,0,1350779064
3178723259,1384103878,2012-10-21 00:24:33.317000+00:00,1,1350779073
3178723259,297856962,2012-10-21 00:24:45.603000+00:00,1,1350779085
4214369322,1871361487,2012-10-21 02:03:10.803000+00:00,0,1350784990
4214369322,3462834913,2012-10-21 02:03:10.803000+00:00,0,1350784990
4214369322,134992377,2012-10-21 02:03:10.803000+00:00,0,1350784990
4214369322,1384103878,2012-10-21 02:03:10.803000+00:00,0,1350784990
4214369322,2986124911,2012-10-21 02:03:10.803000+00:00,1,1350784990
4214369322,776090102,2012-10-21 02:03:10.803000+00:00,0,1350784990
4214369322,4105603749,2012-10-21 02:03:17.338000+00:00,1,1350784997
460608021,1994673191,2012-10-21 02:09:46.537000+00:00,0,1350785386
460608021,1967193107,2012-10-21 02:09:46.537000+00:00,0,1350785386
460608021,1497004102,2012-10-21 02:09:46.537000+00:00,0,1350785386
460608021,4058319046,2012-10-21 02:09:46.537000+00:00,1,1350785386
460608021,2629442395,2012-10-21 02:09:46.537000+00:00,0,1350785386
460608021,252355585,2012-10-21 02:09:46.537000+00:00,0,1350785386
460608021,1969689654,2012-10-21 02:10:00.116000+00:00,1,1350785400
460608021,1835656053,2012-10-21 02:10:13.234000+00:00,1,1350785413
460608021,2944185408,2012-10-21 02:10:33.850000+00:00,1,1350785433
460608021,2018733266,2012-10-21 02:10:57.079000+00:00,1,1350785457
460608021,2032864503,2012-10-21 02:11:02.663000+00:00,1,1350785462
460608021,2251754801,2012-10-21 02:11:07.703000+00:00,1,1350785467
460608021,2858902069,2012-10-21 02:11:14.315000+00:00,1,1350785474
460608021,985580109,2012-10-21 02:11:18.855000+00:00,1,1350785478
460608021,1534769877,2012-10-21 02:11:23.895000+00:00,1,1350785483
460608021,830994161,2012-10-21 02:11:31.449000+00:00,1,1350785491
460608021,997929928,2012-10-21 02:11:39.004000+00:00,1,1350785499
460608021,3853166763,2012-10-21 02:11:50.076000+00:00,1,1350785510
460608021,2914997261,2012-10-21 02:11:55.620000+00:00,1,1350785515
460608021,3254529235,2012-10-21 02:12:17.767000+00:00,1,1350785537
460608021,4250931903,2012-10-21 02:12:25.823000+00:00,1,1350785545
460608021,2742780288,2012-10-21 02:12:38.535000+00:00,1,1350785558
460608021,3764071536,2012-10-21 02:12:51.249000+00:00,1,1350785571
2381922770,2129139974,2012-10-21 03:17:44+00:00,0,1350789464
2381922770,3050501263,2012-10-21 03:17:44+00:00,0,1350789464
2381922770,2424074793,2012-10-21 03:17:44+00:00,0,1350789464
2381922770,3124812840,2012-10-21 03:17:44+00:00,0,1350789464
2381922770,904050464,2012-10-21 03:17:44+00:00,0,1350789464
2954864792,3819599403,2012-10-21 03:27:36.441000+00:00,0,1350790056
2954864792,3012452481,2012-10-21 03:27:45.498000+00:00,0,1350790065
2954864792,1215962379,2012-10-21 03:27:45.498000+00:00,0,1350790065
2954864792,3969706469,2012-10-21 03:27:45.498000+00:00,0,1350790065
2954864792,2722317680,2012-10-21 03:27:45.498000+00:00,0,1350790065
2954864792,2800200908,2012-10-21 03:27:45.498000+00:00,0,1350790065
2954864792,3417632652,2012-10-21 03:27:45.498000+00:00,1,1350790065
2954864792,1928569785,2012-10-21 03:27:57.094000+00:00,1,1350790077
2954864792,1656749821,2012-10-21 03:39:25.546000+00:00,1,1350790765
2954864792,3706170359,2012-10-21 03:40:27.071000+00:00,1,1350790827
2954864792,1831967705,2012-10-21 03:41:57.823000+00:00,1,1350790917
2954864792,3365983510,2012-10-21 03:43:24.326000+00:00,1,1350791004
2954864792,2519019736,2012-10-21 03:43:25.230000+00:00,1,1350791005
2954864792,174289497,2012-10-21 03:46:10.456000+00:00,1,1350791170
2679652649,2553047797,2012-10-21 04:24:41.646000+00:00,0,1350793481
2679652649,4166292492,2012-10-21 04:24:41.646000+00:00,0,1350793481
2679652649,771676713,2012-10-21 04:24:41.646000+00:00,1,1350793481
2679652649,1361307272,2012-10-21 04:24:41.646000+00:00,0,1350793481
2679652649,349771745,2012-10-21 04:24:41.646000+00:00,0,1350793481
3287429621,4276521055,2012-10-21 05:40:15.471000+00:00,0,1350798015
3287429621,2699680057,2012-10-21 05:40:15.471000+00:00,0,1350798015
3287429621,605208919,2012-10-21 05:40:15.471000+00:00,0,1350798015
3287429621,1615467054,2012-10-21 05:40:15.471000+00:00,1,1350798015
3287429621,536095429,2012-10-21 05:40:15.471000+00:00,0,1350798015
3287429621,157465517,2012-10-21 05:40:15.471000+00:00,0,1350798015
3287429621,3456913086,2012-10-21 05:40:46.934000+00:00,1,1350798046
3287429621,44096506,2012-10-21 05:40:57.765000+00:00,1,1350798057
3389773360,1569838328,2012-10-21 05:50:09.554000+00:00,1,1350798609
3389773360,349771745,2012-10-21 05:50:09.554000+00:00,0,1350798609
3389773360,2776927174,2012-10-21 05:50:09.554000+00:00,0,1350798609
3389773360,999643248,2012-10-21 05:50:09.554000+00:00,0,1350798609
3389773360,771676713,2012-10-21 05:50:09.554000+00:00,0,1350798609
3389773360,2990906610,2012-10-21 05:50:09.554000+00:00,0,1350798609
3389773360,2133183406,2012-10-21 05:50:27.199000+00:00,1,1350798627
1232677153,2326123947,2012-10-22 02:58:16.161000+00:00,0,1350874696
1232677153,2022854950,2012-10-22 02:58:16.161000+00:00,1,1350874696
1232677153,1714120283,2012-10-22 02:58:16.161000+00:00,0,1350874696
1232677153,421586005,2012-10-22 02:58:16.161000+00:00,0,1350874696
1232677153,2839190693,2012-10-22 02:58:16.161000+00:00,0,1350874696
1232677153,990959974,2012-10-22 02:58:16.161000+00:00,0,1350874696
2381922770,1636589484,2012-10-22 02:58:17.200000+00:00,0,1350874697
2381922770,3202299499,2012-10-22 02:58:17.200000+00:00,0,1350874697
2381922770,123333167,2012-10-22 02:58:17.200000+00:00,1,1350874697
3699893563,1486542415,2012-10-22 02:58:17.134000+00:00,0,1350874697
2381922770,2424074793,2012-10-22 02:58:17.200000+00:00,0,1350874697
2381922770,2129139974,2012-10-22 02:58:17.200000+00:00,0,1350874697
2381922770,3124812840,2012-10-22 02:58:17.200000+00:00,0,1350874697
1548216840,3596095472,2012-10-22 02:58:17.274000+00:00,0,1350874697
1548216840,618917454,2012-10-22 02:58:17.274000+00:00,0,1350874697
1548216840,4231267316,2012-10-22 02:58:17.309000+00:00,1,1350874697
1548216840,2388010027,2012-10-22 02:58:17.274000+00:00,0,1350874697
1548216840,3192554396,2012-10-22 02:58:17.274000+00:00,0,1350874697
1548216840,3129504825,2012-10-22 02:58:17.274000+00:00,0,1350874697
3699893563,4025174474,2012-10-22 02:58:17.134000+00:00,0,1350874697
3699893563,2401458775,2012-10-22 02:58:17.134000+00:00,0,1350874697
3699893563,1508750870,2012-10-22 02:58:17.134000+00:00,0,1350874697
3699893563,2133183406,2012-10-22 02:58:17.134000+00:00,1,1350874697
3699893563,1007599833,2012-10-22 02:58:17.134000+00:00,0,1350874697
1548216840,544654350,2012-10-22 02:58:17.274000+00:00,1,1350874697
1452633375,1518229543,2012-10-22 02:58:18.208000+00:00,1,1350874698
1452633375,4249304663,2012-10-22 02:58:18.208000+00:00,0,1350874698
1232677153,1764411835,2012-10-22 02:58:18.283000+00:00,1,1350874698
1452633375,2977166421,2012-10-22 02:58:18.208000+00:00,0,1350874698
1452633375,1334001859,2012-10-22 02:58:18.208000+00:00,0,1350874698
3702967330,84598651,2012-10-22 02:58:19.631000+00:00,0,1350874699
3702967330,1529397314,2012-10-22 02:58:19.631000+00:00,0,1350874699
3702967330,3856867491,2012-10-22 02:58:19.631000+00:00,1,1350874699
3702967330,3385323656,2012-10-22 02:58:19.631000+00:00,0,1350874699
3702967330,3305490944,2012-10-22 02:58:19.631000+00:00,0,1350874699
3702967330,3311667000,2012-10-22 02:58:19.631000+00:00,0,1350874699
1548216840,1905807810,2012-10-22 02:58:19.011000+00:00,1,1350874699
1548216840,1997487607,2012-10-22 02:58:19.173000+00:00,1,1350874699
1232677153,2724269698,2012-10-22 02:58:19.611000+00:00,1,1350874699
2644266735,374048503,2012-10-22 04:54:07.796000+00:00,0,1350881647
2644266735,183488039,2012-10-22 04:54:07.796000+00:00,0,1350881647
2644266735,4089666658,2012-10-22 04:54:07.796000+00:00,0,1350881647
2644266735,2201033063,2012-10-22 04:54:07.796000+00:00,0,1350881647
2644266735,524601334,2012-10-22 04:54:07.796000+00:00,0,1350881647
2644266735,1380051674,2012-10-22 04:54:07.796000+00:00,1,1350881647
3091527231,3224990733,2012-10-22 05:36:19.260000+00:00,0,1350884179
3091527231,890019369,2012-10-22 05:36:19.260000+00:00,0,1350884179
3091527231,3006314602,2012-10-22 05:36:19.260000+00:00,0,1350884179
3091527231,2010172644,2012-10-22 05:36:19.260000+00:00,1,1350884179
803991005,1985340464,2012-10-22 07:44:42.181000+00:00,0,1350891882
803991005,859794757,2012-10-22 07:44:42.181000+00:00,1,1350891882
803991005,3658750431,2012-10-22 07:44:42.181000+00:00,0,1350891882
803991005,984516743,2012-10-22 07:44:42.181000+00:00,0,1350891882
803991005,4211880721,2012-10-22 07:44:42.181000+00:00,0,1350891882
803991005,2046380547,2012-10-22 07:44:42.181000+00:00,0,1350891882
3231004341,226807427,2012-10-22 09:14:31.711000+00:00,0,1350897271
3231004341,1064284965,2012-10-22 09:14:31.711000+00:00,0,1350897271
3231004341,2401458775,2012-10-22 09:14:31.711000+00:00,0,1350897271
3231004341,2977166421,2012-10-22 09:14:31.711000+00:00,0,1350897271
3231004341,3184899378,2012-10-22 09:14:31.711000+00:00,0,1350897271
3231004341,1361307272,2012-10-22 09:14:31.711000+00:00,1,1350897271
3231004341,771676713,2012-10-22 09:14:34.244000+00:00,1,1350897274
3231004341,2133183406,2012-10-22 09:14:35.782000+00:00,1,1350897275
567534910,302183362,2012-10-22 11:50:27.489000+00:00,0,1350906627
567534910,2039242702,2012-10-22 11:50:27.489000+00:00,0,1350906627
567534910,1829315138,2012-10-22 11:50:27.489000+00:00,0,1350906627
567534910,1757362667,2012-10-22 11:50:27.489000+00:00,1,1350906627
567534910,1630243360,2012-10-22 11:50:27.489000+00:00,0,1350906627
567534910,2371040033,2012-10-22 11:50:27.489000+00:00,0,1350906627
4288238269,2806259041,2012-10-22 14:29:15.160000+00:00,0,1350916155
4288238269,3867317684,2012-10-22 14:29:15.160000+00:00,0,1350916155
4288238269,85168518,2012-10-22 14:29:15.160000+00:00,0,1350916155
4288238269,373308576,2012-10-22 14:29:15.160000+00:00,1,1350916155
4288238269,1347934681,2012-10-22 14:29:15.160000+00:00,0,1350916155
4288238269,3783800124,2012-10-22 14:29:39.003000+00:00,1,1350916179
986039272,2401458775,2012-10-22 14:46:47.692000+00:00,0,1350917207
986039272,1752177173,2012-10-22 14:46:47.692000+00:00,0,1350917207
986039272,3245843888,2012-10-22 14:46:47.692000+00:00,0,1350917207
986039272,3216974136,2012-10-22 14:46:47.692000+00:00,0,1350917207
986039272,1361307272,2012-10-22 14:46:47.692000+00:00,1,1350917207
986039272,2952943730,2012-10-22 14:46:47.692000+00:00,0,1350917207
986039272,2529072432,2012-10-22 14:46:49.217000+00:00,1,1350917209
986039272,771676713,2012-10-22 14:46:50.236000+00:00,1,1350917210
986039272,955398943,2012-10-22 14:47:05.321000+00:00,1,1350917225
3555641932,527915582,2012-10-22 17:30:42.558000+00:00,0,1350927042
3555641932,152418051,2012-10-22 17:30:42.558000+00:00,1,1350927042
3555641932,3684195312,2012-10-22 17:30:42.558000+00:00,0,1350927042
3555641932,1718839450,2012-10-22 17:30:42.558000+00:00,0,1350927042
3555641932,899234866,2012-10-22 17:30:42.558000+00:00,0,1350927042
3555641932,3512048812,2012-10-22 17:30:42.558000+00:00,0,1350927042
427471768,2133183406,2012-10-22 18:25:48.610000+00:00,0,1350930348
427471768,1600413013,2012-10-22 18:25:48.610000+00:00,0,1350930348
427471768,2529072432,2012-10-22 18:25:48.610000+00:00,0,1350930348
427471768,955398943,2012-10-22 18:25:48.610000+00:00,0,1350930348
427471768,771676713,2012-10-22 18:25:48.610000+00:00,1,1350930348
427471768,2401458775,2012-10-22 18:25:48.610000+00:00,0,1350930348
427471768,2039358442,2012-10-22 18:25:49.631000+00:00,1,1350930349
3253486500,2106859088,2012-10-22 18:28:07.640000+00:00,0,1350930487
3253486500,4018399082,2012-10-22 18:28:07.640000+00:00,0,1350930487
3253486500,393959551,2012-10-22 18:28:07.640000+00:00,0,1350930487
3253486500,3243313717,2012-10-22 18:28:07.640000+00:00,0,1350930487
3253486500,1985822680,2012-10-22 18:28:07.640000+00:00,1,1350930487
3253486500,1307636352,2012-10-22 18:28:07.640000+00:00,0,1350930487
143093592,705138890,2012-10-22 20:10:16.573000+00:00,1,1350936616
143093592,950236593,2012-10-22 20:10:16.573000+00:00,0,1350936616
143093592,4072078077,2012-10-22 20:10:16.573000+00:00,0,1350936616
143093592,1110601922,2012-10-22 20:10:16.573000+00:00,0,1350936616
3245671824,4156920666,2012-10-22 20:45:49.255000+00:00,0,1350938749
3245671824,2412989909,2012-10-22 20:45:49.255000+00:00,0,1350938749
3245671824,4116657168,2012-10-22 20:45:49.255000+00:00,1,1350938749
3245671824,2209057061,2012-10-22 20:45:49.255000+00:00,0,1350938749
3245671824,1944996876,2012-10-22 20:45:49.255000+00:00,0,1350938749
3245671824,1837633909,2012-10-22 20:45:49.255000+00:00,0,1350938749
3765981467,1275887047,2012-10-23 00:52:04.507000+00:00,0,1350953524
3765981467,743352835,2012-10-23 00:52:04.507000+00:00,1,1350953524
3765981467,2949402180,2012-10-23 00:52:04.507000+00:00,0,1350953524
3765981467,266228028,2012-10-23 00:52:04.507000+00:00,0,1350953524
3765981467,747203805,2012-10-23 00:52:04.507000+00:00,0,1350953524
3765981467,2164162297,2012-10-23 00:52:04.507000+00:00,0,1350953524
3765981467,3867828546,2012-10-23 00:52:46.750000+00:00,1,1350953566
3765981467,935931560,2012-10-23 00:52:53.801000+00:00,1,1350953573
309131167,955398943,2012-10-23 01:31:18.951000+00:00,1,1350955878
309131167,2643833505,2012-10-23 01:31:18.951000+00:00,0,1350955878
309131167,2401458775,2012-10-23 01:31:18.951000+00:00,0,1350955878
309131167,771676713,2012-10-23 01:31:18.951000+00:00,0,1350955878
309131167,2645301517,2012-10-23 01:31:18.951000+00:00,0,1350955878
2504328739,3557215006,2012-10-23 02:40:45.132000+00:00,0,1350960045
2504328739,2221019965,2012-10-23 02:40:45.132000+00:00,1,1350960045
2504328739,536949855,2012-10-23 02:40:45.132000+00:00,0,1350960045
2504328739,242676861,2012-10-23 02:40:45.132000+00:00,0,1350960045
2504328739,2359252504,2012-10-23 02:40:45.132000+00:00,0,1350960045
4207448575,1753644287,2012-10-23 03:41:15.424000+00:00,0,1350963675
4207448575,3577474244,2012-10-23 03:41:15.424000+00:00,1,1350963675
4207448575,1908283633,2012-10-23 03:41:15.424000+00:00,0,1350963675
4207448575,3149161588,2012-10-23 03:41:15.424000+00:00,0,1350963675
4207448575,4237843812,2012-10-23 03:41:15.424000+00:00,0,1350963675
4207448575,3913730998,2012-10-23 03:41:15.424000+00:00,0,1350963675
91139927,1361307272,2012-10-23 03:49:23.651000+00:00,0,1350964163
91139927,2401458775,2012-10-23 03:49:23.651000+00:00,0,1350964163
91139927,907302600,2012-10-23 03:49:23.651000+00:00,0,1350964163
91139927,2529072432,2012-10-23 03:49:23.651000+00:00,0,1350964163
91139927,2130616732,2012-10-23 03:49:23.651000+00:00,0,1350964163
91139927,2039358442,2012-10-23 03:49:23.651000+00:00,1,1350964163
275264384,2401458775,2012-10-23 04:35:32.110000+00:00,0,1350966932
275264384,3400642235,2012-10-23 04:35:32.110000+00:00,0,1350966932
275264384,757619631,2012-10-23 04:35:32.110000+00:00,0,1350966932
275264384,2245352316,2012-10-23 04:35:32.110000+00:00,0,1350966932
275264384,762391043,2012-10-23 04:35:32.110000+00:00,1,1350966932
275264384,3915796357,2012-10-23 04:35:36.197000+00:00,1,1350966936
275264384,3216974136,2012-10-23 04:35:39.761000+00:00,1,1350966939
275264384,1306257783,2012-10-23 04:35:46.330000+00:00,1,1350966946
275264384,4014695040,2012-10-23 04:35:55.921000+00:00,1,1350966955
275264384,1341191313,2012-10-23 04:35:56.957000+00:00,1,1350966956
275264384,181219102,2012-10-23 04:35:58.480000+00:00,1,1350966958
275264384,973265170,2012-10-23 04:36:01.515000+00:00,1,1350966961
327414596,907302600,2012-10-23 05:44:49.658000+00:00,0,1350971089
327414596,2643833505,2012-10-23 05:44:49.658000+00:00,0,1350971089
327414596,1361307272,2012-10-23 05:44:49.658000+00:00,1,1350971089
327414596,955398943,2012-10-23 05:44:49.658000+00:00,0,1350971089
327414596,771676713,2012-10-23 05:44:49.658000+00:00,0,1350971089
327414596,1752177173,2012-10-23 05:44:49.658000+00:00,0,1350971089
327414596,2039358442,2012-10-23 05:44:51.195000+00:00,1,1350971091
327414596,2133183406,2012-10-23 05:44:52.224000+00:00,1,1350971092
327414596,1600413013,2012-10-23 05:45:04.409000+00:00,1,1350971104
327414596,2529072432,2012-10-23 05:45:18.078000+00:00,1,1350971118
1063337028,363024307,2012-10-23 07:38:17.194000+00:00,0,1350977897
1063337028,396853098,2012-10-23 07:38:17.194000+00:00,0,1350977897
1063337028,243706603,2012-10-23 07:38:17.194000+00:00,0,1350977897
1063337028,1761472129,2012-10-23 07:38:17.194000+00:00,0,1350977897
1063337028,1488068589,2012-10-23 07:38:17.194000+00:00,1,1350977897
1063337028,739733335,2012-10-23 07:38:17.194000+00:00,0,1350977897
1063337028,2181144698,2012-10-23 07:38:23.740000+00:00,1,1350977903
1063337028,3273736995,2012-10-23 07:38:29.787000+00:00,1,1350977909
1754474767,2401458775,2012-10-23 08:31:22.456000+00:00,0,1350981082
1754474767,771676713,2012-10-23 08:31:22.456000+00:00,1,1350981082
1754474767,2639741116,2012-10-23 08:31:22.456000+00:00,0,1350981082
1754474767,364572656,2012-10-23 08:31:22.456000+00:00,0,1350981082
1754474767,2300256602,2012-10-23 08:31:22.456000+00:00,0,1350981082
1754474767,1752177173,2012-10-23 08:31:22.456000+00:00,0,1350981082
1754474767,955398943,2012-10-23 08:32:02.657000+00:00,1,1350981122
1754474767,2039358442,2012-10-23 08:33:21.746000+00:00,0,1350981201
1754474767,2643833505,2012-10-23 08:33:25.792000+00:00,1,1350981205
1754474767,907302600,2012-10-23 08:35:43.742000+00:00,1,1350981343
1754474767,2529072432,2012-10-23 08:36:15.436000+00:00,1,1350981375
3898478698,1600413013,2012-10-23 09:12:07.429000+00:00,0,1350983527
3898478698,2643833505,2012-10-23 09:12:07.429000+00:00,0,1350983527
3898478698,1522480247,2012-10-23 09:12:07.429000+00:00,1,1350983527
3898478698,797638314,2012-10-23 09:12:07.429000+00:00,0,1350983527
3898478698,1148012652,2012-10-23 09:12:07.429000+00:00,0,1350983527
3898478698,2039358442,2012-10-23 09:12:07.429000+00:00,0,1350983527
3898478698,142847450,2012-10-23 09:13:14.178000+00:00,0,1350983594
1538685648,2529072432,2012-10-23 09:42:40.870000+00:00,1,1350985360
1538685648,1361307272,2012-10-23 09:42:40.870000+00:00,0,1350985360
1538685648,2986124911,2012-10-23 09:42:40.870000+00:00,0,1350985360
1538685648,1872538468,2012-10-23 09:42:40.870000+00:00,0,1350985360
1538685648,2401458775,2012-10-23 09:42:40.870000+00:00,0,1350985360
1538685648,2389263741,2012-10-23 09:42:40.870000+00:00,0,1350985360
2559434877,2039358442,2012-10-23 11:37:06.379000+00:00,0,1350992226
2559434877,2643833505,2012-10-23 11:37:06.379000+00:00,1,1350992226
2559434877,2401458775,2012-10-23 11:37:06.379000+00:00,0,1350992226
2559434877,797638314,2012-10-23 11:37:06.379000+00:00,0,1350992226
2559434877,907302600,2012-10-23 11:37:06.379000+00:00,0,1350992226
2559434877,4249304663,2012-10-23 11:37:06.379000+00:00,0,1350992226
631446479,3158709668,2012-10-23 12:11:40.472000+00:00,0,1350994300
631446479,3856018417,2012-10-23 12:11:40.472000+00:00,0,1350994300
631446479,3687051315,2012-10-23 12:11:40.472000+00:00,0,1350994300
631446479,1206747600,2012-10-23 12:11:40.472000+00:00,1,1350994300
631446479,1937970808,2012-10-23 12:11:40.472000+00:00,0,1350994300
631446479,2219856004,2012-10-23 12:11:40.472000+00:00,0,1350994300
3504868122,403202920,2012-10-23 13:04:31.354000+00:00,0,1350997471
3504868122,3976993681,2012-10-23 13:04:31.354000+00:00,0,1350997471
3504868122,4045444993,2012-10-23 13:04:31.354000+00:00,0,1350997471
3504868122,2425916002,2012-10-23 13:04:31.354000+00:00,0,1350997471
3504868122,2401458775,2012-10-23 13:04:31.354000+00:00,0,1350997471
3504868122,898403969,2012-10-23 13:04:31.354000+00:00,1,1350997471
3504868122,955398943,2012-10-23 13:04:33.445000+00:00,1,1350997473
3504868122,2643833505,2012-10-23 13:04:36.515000+00:00,1,1350997476
3504868122,1361307272,2012-10-23 13:04:41.052000+00:00,1,1350997481
3504868122,771676713,2012-10-23 13:04:45.590000+00:00,1,1350997485
3504868122,907302600,2012-10-23 13:04:47.110000+00:00,1,1350997487
3504868122,2529072432,2012-10-23 13:04:52.850000+00:00,1,1350997492
81458678,4228684171,2012-10-23 14:20:30.828000+00:00,0,1351002030
81458678,3818735309,2012-10-23 14:20:30.828000+00:00,0,1351002030
81458678,1764882042,2012-10-23 14:20:30.828000+00:00,0,1351002030
81458678,956438727,2012-10-23 14:20:30.828000+00:00,0,1351002030
81458678,2724372163,2012-10-23 14:20:30.828000+00:00,0,1351002030
81458678,969179478,2012-10-23 14:20:30.828000+00:00,1,1351002030
1358236584,1294861633,2012-10-23 14:21:51.690000+00:00,0,1351002111
1358236584,3795683643,2012-10-23 14:21:51.690000+00:00,0,1351002111
1358236584,1050837982,2012-10-23 14:21:51.690000+00:00,0,1351002111
1358236584,1960358461,2012-10-23 14:21:51.690000+00:00,1,1351002111
328922601,2139628002,2012-10-23 14:30:26.965000+00:00,0,1351002626
328922601,3940236190,2012-10-23 14:30:26.965000+00:00,0,1351002626
328922601,4089943025,2012-10-23 14:30:26.965000+00:00,0,1351002626
328922601,1262217378,2012-10-23 14:30:26.965000+00:00,1,1351002626
328922601,866923839,2012-10-23 14:30:26.965000+00:00,0,1351002626
328922601,4039875661,2012-10-23 14:30:26.965000+00:00,0,1351002626
2766172404,2645301517,2012-10-23 15:18:01.221000+00:00,0,1351005481
2766172404,2083799098,2012-10-23 15:18:01.221000+00:00,0,1351005481
2766172404,1766189272,2012-10-23 15:18:01.221000+00:00,1,1351005481
2766172404,955398943,2012-10-23 15:18:01.221000+00:00,0,1351005481
2766172404,2401458775,2012-10-23 15:18:01.221000+00:00,0,1351005481
2766172404,1752177173,2012-10-23 15:18:01.221000+00:00,0,1351005481
2105308456,4203215174,2012-10-23 17:03:39.208000+00:00,1,1351011819
2105308456,2233184763,2012-10-23 17:03:39.208000+00:00,0,1351011819
2105308456,1368913485,2012-10-23 17:03:39.208000+00:00,0,1351011819
2105308456,317746206,2012-10-23 17:03:39.208000+00:00,0,1351011819
2105308456,743681966,2012-10-23 17:03:39.208000+00:00,0,1351011819
2105308456,2466172157,2012-10-23 17:03:39.208000+00:00,0,1351011819
1067164735,3152673869,2012-10-23 19:36:52.651000+00:00,0,1351021012
1067164735,4085649365,2012-10-23 19:36:52.651000+00:00,0,1351021012
1067164735,3457347530,2012-10-23 19:36:52.651000+00:00,0,1351021012
1067164735,200354622,2012-10-23 19:36:52.651000+00:00,0,1351021012
1067164735,1722968298,2012-10-23 19:36:52.651000+00:00,0,1351021012
1067164735,2657070627,2012-10-23 19:36:52.651000+00:00,1,1351021012
1774655165,4239152097,2012-10-23 20:34:03.896000+00:00,0,1351024443
1774655165,2012232184,2012-10-23 20:34:03.896000+00:00,0,1351024443
1774655165,1820037082,2012-10-23 20:34:03.896000+00:00,1,1351024443
1774655165,3957104249,2012-10-23 20:34:03.896000+00:00,0,1351024443
1774655165,1724902117,2012-10-23 20:34:03.896000+00:00,0,1351024443
1774655165,3273736995,2012-10-23 20:34:03.896000+00:00,0,1351024443
1067164735,449812514,2012-10-23 21:13:22.996000+00:00,1,1351026802
1067164735,4260285407,2012-10-23 21:14:24.880000+00:00,0,1351026864
1067164735,3787631270,2012-10-23 21:19:33.132000+00:00,0,1351027173
1067164735,3649047558,2012-10-23 21:19:42.214000+00:00,0,1351027182
1067164735,2384254802,2012-10-23 21:19:44.744000+00:00,0,1351027184
1067164735,1953210268,2012-10-23 21:20:14.588000+00:00,0,1351027214
1067164735,3439956212,2012-10-23 21:20:39.274000+00:00,0,1351027239
1067164735,1098863093,2012-10-23 21:20:41.301000+00:00,0,1351027241
1067164735,1106466179,2012-10-23 21:20:43.829000+00:00,0,1351027243
1067164735,2089631359,2012-10-23 21:21:28.348000+00:00,0,1351027288
1067164735,3865317184,2012-10-23 21:21:30.485000+00:00,0,1351027290
1067164735,964696705,2012-10-23 21:21:32.519000+00:00,0,1351027292
1067164735,612529118,2012-10-23 21:21:36.608000+00:00,0,1351027296
1067164735,1094725860,2012-10-23 21:22:17.945000+00:00,1,1351027337
1067164735,1344083815,2012-10-23 21:23:30.336000+00:00,1,1351027410
1067164735,1701861494,2012-10-23 21:23:52.475000+00:00,1,1351027432
1067164735,3213813029,2012-10-23 21:24:06.367000+00:00,1,1351027446
1067164735,182153266,2012-10-23 21:24:21.041000+00:00,0,1351027461
1067164735,2436500227,2012-10-23 21:24:41.278000+00:00,0,1351027481
1067164735,3611536448,2012-10-23 21:24:57.888000+00:00,0,1351027497
1067164735,2980561647,2012-10-23 21:25:05.941000+00:00,0,1351027505
1067164735,3096404071,2012-10-23 21:25:07.468000+00:00,0,1351027507
1067164735,1257844994,2012-10-23 21:25:14.015000+00:00,0,1351027514
1067164735,3707599484,2012-10-23 21:25:22.084000+00:00,1,1351027522
1067164735,3934988771,2012-10-23 21:26:33.063000+00:00,0,1351027593
1067164735,72461116,2012-10-23 21:26:35.091000+00:00,0,1351027595
2243065045,994310148,2012-10-24 00:16:43.791000+00:00,0,1351037803
2243065045,1752177173,2012-10-24 00:16:43.791000+00:00,0,1351037803
2243065045,2643833505,2012-10-24 00:16:43.791000+00:00,1,1351037803
2243065045,2039358442,2012-10-24 00:16:43.791000+00:00,0,1351037803
2243065045,2424321825,2012-10-24 00:16:43.791000+00:00,0,1351037803
2243065045,2130616732,2012-10-24 00:16:43.791000+00:00,0,1351037803
13301498,955398943,2012-10-24 01:00:14.160000+00:00,0,1351040414
13301498,2198969023,2012-10-24 01:00:14.160000+00:00,0,1351040414
13301498,97217712,2012-10-24 01:00:14.160000+00:00,0,1351040414
13301498,907302600,2012-10-24 01:00:14.160000+00:00,1,1351040414
13301498,2401458775,2012-10-24 01:00:14.160000+00:00,0,1351040414
13301498,1737420203,2012-10-24 01:00:14.160000+00:00,0,1351040414
3508414044,1761472129,2012-10-24 01:23:12.282000+00:00,1,1351041792
3508414044,1316920451,2012-10-24 01:23:12.282000+00:00,0,1351041792
3508414044,2645301517,2012-10-24 01:23:12.282000+00:00,0,1351041792
3508414044,396853098,2012-10-24 01:23:12.282000+00:00,0,1351041792
3508414044,4197279783,2012-10-24 01:23:12.282000+00:00,0,1351041792
3508414044,232148793,2012-10-24 01:23:12.282000+00:00,0,1351041792
3508414044,2181144698,2012-10-24 01:23:26.910000+00:00,1,1351041806
41934198,2736696425,2012-10-24 01:28:46.906000+00:00,0,1351042126
41934198,2949402180,2012-10-24 01:28:46.906000+00:00,0,1351042126
41934198,218126976,2012-10-24 01:28:46.906000+00:00,0,1351042126
41934198,2367196896,2012-10-24 01:28:46.906000+00:00,1,1351042126
41934198,2123370960,2012-10-24 01:28:46.906000+00:00,0,1351042126
41934198,156353771,2012-10-24 01:28:46.906000+00:00,0,1351042126
3519657066,3617812300,2012-10-24 02:19:01.811000+00:00,1,1351045141
3519657066,1752177173,2012-10-24 02:19:01.811000+00:00,0,1351045141
3519657066,3158022870,2012-10-24 02:19:01.811000+00:00,0,1351045141
3519657066,2415873572,2012-10-24 02:19:01.811000+00:00,0,1351045141
3519657066,2965442599,2012-10-24 02:19:01.811000+00:00,0,1351045141
3519657066,3685002484,2012-10-24 02:19:01.811000+00:00,0,1351045141
3519657066,3465774683,2012-10-24 02:19:03.325000+00:00,1,1351045143
3519657066,356665825,2012-10-24 02:19:36.580000+00:00,1,1351045176
3519657066,2764233627,2012-10-24 02:19:43.124000+00:00,1,1351045183
3519657066,2262994085,2012-10-24 02:20:12.299000+00:00,1,1351045212
3519657066,2215474035,2012-10-24 02:20:14.340000+00:00,1,1351045214
3519657066,3601196821,2012-10-24 02:20:20.889000+00:00,1,1351045220
3096946503,2760876250,2012-10-24 03:55:37.608000+00:00,0,1351050937
3096946503,1761472129,2012-10-24 03:55:37.608000+00:00,1,1351050937
3096946503,493591541,2012-10-24 03:55:37.608000+00:00,0,1351050937
3096946503,2480213940,2012-10-24 03:55:37.608000+00:00,0,1351050937
3841524478,955398943,2012-10-24 04:15:36.448000+00:00,0,1351052136
3841524478,2643833505,2012-10-24 04:15:36.448000+00:00,0,1351052136
3841524478,2133183406,2012-10-24 04:15:36.448000+00:00,1,1351052136
3841524478,2401458775,2012-10-24 04:15:36.448000+00:00,0,1351052136
3841524478,2130616732,2012-10-24 04:15:36.448000+00:00,0,1351052136
3841524478,633659090,2012-10-24 04:15:36.448000+00:00,0,1351052136
3841524478,1600413013,2012-10-24 04:15:37.970000+00:00,1,1351052137
3841524478,771676713,2012-10-24 04:15:42.009000+00:00,1,1351052142
3841524478,907302600,2012-10-24 04:15:47.046000+00:00,1,1351052147
3841524478,4058794884,2012-10-24 04:15:56.596000+00:00,1,1351052156
469837401,92434189,2012-10-24 06:39:28.016000+00:00,1,1351060768
469837401,466258678,2012-10-24 06:39:28.016000+00:00,0,1351060768
469837401,769238397,2012-10-24 06:39:28.016000+00:00,0,1351060768
469837401,860542786,2012-10-24 06:39:28.016000+00:00,0,1351060768
469837401,802011068,2012-10-24 06:39:28.016000+00:00,0,1351060768
469837401,3428003058,2012-10-24 06:39:28.016000+00:00,0,1351060768
57075229,4223429256,2012-10-24 09:20:31.970000+00:00,0,1351070431
57075229,3859294114,2012-10-24 09:20:31.970000+00:00,0,1351070431
57075229,59813217,2012-10-24 09:20:31.970000+00:00,0,1351070431
57075229,2717795664,2012-10-24 09:20:31.970000+00:00,1,1351070431
57075229,1987345098,2012-10-24 09:20:31.970000+00:00,0,1351070431
57075229,3947437799,2012-10-24 09:20:31.970000+00:00,0,1351070431
3297493554,3305490944,2012-10-24 09:21:23.633000+00:00,0,1351070483
3297493554,844099567,2012-10-24 09:21:23.633000+00:00,1,1351070483
3297493554,2018733266,2012-10-24 09:21:23.633000+00:00,0,1351070483
3297493554,997929928,2012-10-24 09:21:23.633000+00:00,0,1351070483
3297493554,1577284086,2012-10-24 09:21:23.633000+00:00,0,1351070483
3297493554,1557473913,2012-10-24 09:21:23.633000+00:00,0,1351070483
57075229,1820037082,2012-10-24 09:32:17.232000+00:00,1,1351071137
3239836164,2529072432,2012-10-24 10:55:08.939000+00:00,1,1351076108
3239836164,2039358442,2012-10-24 10:55:08.939000+00:00,0,1351076108
3239836164,955398943,2012-10-24 10:55:08.939000+00:00,0,1351076108
3239836164,2130616732,2012-10-24 10:55:08.939000+00:00,0,1351076108
3239836164,2401458775,2012-10-24 10:55:08.939000+00:00,0,1351076108
3239836164,2643833505,2012-10-24 10:55:08.939000+00:00,0,1351076108
3239836164,907302600,2012-10-24 10:55:11.018000+00:00,1,1351076111
3239836164,633659090,2012-10-24 10:55:13.102000+00:00,1,1351076113
3239836164,2938463739,2012-10-24 10:55:15.129000+00:00,1,1351076115
3239836164,2133183406,2012-10-24 11:07:26.298000+00:00,1,1351076846
3239836164,1361307272,2012-10-24 11:07:40.909000+00:00,1,1351076860
895925498,1361307272,2012-10-24 11:26:08.445000+00:00,0,1351077968
895925498,907302600,2012-10-24 11:26:08.445000+00:00,0,1351077968
895925498,633659090,2012-10-24 11:26:08.445000+00:00,0,1351077968
895925498,2529072432,2012-10-24 11:26:08.445000+00:00,0,1351077968
895925498,353933726,2012-10-24 11:26:08.445000+00:00,0,1351077968
895925498,2643833505,2012-10-24 11:26:08.445000+00:00,1,1351077968
895925498,771676713,2012-10-24 11:26:13.985000+00:00,1,1351077973
895925498,2130616732,2012-10-24 11:26:19.021000+00:00,1,1351077979
895925498,955398943,2012-10-24 11:26:22.635000+00:00,1,1351077982
4165482530,1334001859,2012-10-24 12:40:48.181000+00:00,1,1351082448
4165482530,2130616732,2012-10-24 12:40:48.181000+00:00,0,1351082448
4165482530,2133183406,2012-10-24 12:40:48.181000+00:00,0,1351082448
4165482530,1148012652,2012-10-24 12:40:48.181000+00:00,0,1351082448
4165482530,1600413013,2012-10-24 12:40:48.181000+00:00,0,1351082448
4165482530,955398943,2012-10-24 12:40:48.181000+00:00,0,1351082448
4007974189,3189486214,2012-10-24 13:09:49.563000+00:00,0,1351084189
4007974189,580320955,2012-10-24 13:09:49.563000+00:00,0,1351084189
4007974189,946418622,2012-10-24 13:09:49.563000+00:00,1,1351084189
4007974189,2781837253,2012-10-24 13:09:49.563000+00:00,0,1351084189
4007974189,1439840835,2012-10-24 13:09:49.563000+00:00,0,1351084189
4007974189,1873283368,2012-10-24 13:09:49.563000+00:00,0,1351084189
1474775097,1361307272,2012-10-24 15:23:02.989000+00:00,0,1351092182
1474775097,771676713,2012-10-24 15:23:02.989000+00:00,0,1351092182
1474775097,2529072432,2012-10-24 15:23:02.989000+00:00,1,1351092182
1474775097,955398943,2012-10-24 15:23:02.989000+00:00,0,1351092182
1474775097,633659090,2012-10-24 15:23:02.989000+00:00,0,1351092182
1474775097,2130616732,2012-10-24 15:23:02.989000+00:00,0,1351092182
3239836164,2039358442,2012-10-24 15:28:57.974000+00:00,0,1351092537
3239836164,2401458775,2012-10-24 15:28:57.974000+00:00,0,1351092537
3239836164,2643833505,2012-10-24 15:28:57.974000+00:00,0,1351092537
3239836164,771676713,2012-10-24 15:28:57.974000+00:00,1,1351092537
3239836164,2130616732,2012-10-24 15:28:57.974000+00:00,0,1351092537
3239836164,955398943,2012-10-24 15:28:57.974000+00:00,0,1351092537
3239836164,1600413013,2012-10-24 15:29:03.502000+00:00,1,1351092543
3071252660,3196108932,2012-10-24 16:16:44.503000+00:00,0,1351095404
3071252660,821546192,2012-10-24 16:16:44.503000+00:00,0,1351095404
3071252660,1080261006,2012-10-24 16:16:44.503000+00:00,0,1351095404
3071252660,807439632,2012-10-24 16:16:44.503000+00:00,0,1351095404
3071252660,2453174300,2012-10-24 16:16:44.503000+00:00,0,1351095404
3071252660,4197279783,2012-10-24 16:16:44.503000+00:00,1,1351095404
3108358241,4250784104,2012-10-24 16:24:22.444000+00:00,0,1351095862
3108358241,3105194818,2012-10-24 16:24:22.444000+00:00,1,1351095862
3108358241,2784885848,2012-10-24 16:24:22.444000+00:00,0,1351095862
3108358241,2832466526,2012-10-24 16:24:22.444000+00:00,0,1351095862
3108358241,4163686732,2012-10-24 16:24:22.444000+00:00,0,1351095862
3108358241,117477937,2012-10-24 16:24:22.444000+00:00,0,1351095862
3466521212,3777087288,2012-10-24 18:20:05.537000+00:00,0,1351102805
3466521212,3669299967,2012-10-24 18:20:05.537000+00:00,0,1351102805
3466521212,989710552,2012-10-24 18:20:05.537000+00:00,0,1351102805
3466521212,2606383328,2012-10-24 18:20:05.537000+00:00,0,1351102805
3466521212,1066443589,2012-10-24 18:20:05.537000+00:00,1,1351102805
3466521212,2098456340,2012-10-24 18:20:05.537000+00:00,0,1351102805
2584536356,3428029430,2012-10-24 18:47:50.048000+00:00,0,1351104470
2584536356,318056240,2012-10-24 18:47:50.048000+00:00,0,1351104470
2584536356,2633965197,2012-10-24 18:47:50.048000+00:00,0,1351104470
2584536356,2503553114,2012-10-24 18:47:50.048000+00:00,0,1351104470
2584536356,3080870370,2012-10-24 18:47:50.048000+00:00,0,1351104470
2584536356,91778995,2012-10-24 18:47:50.048000+00:00,1,1351104470
2676225924,4002262960,2012-10-24 19:57:48.236000+00:00,0,1351108668
2676225924,3863879024,2012-10-24 19:57:48.236000+00:00,1,1351108668
2676225924,326664129,2012-10-24 19:57:48.236000+00:00,0,1351108668
2676225924,2181144698,2012-10-24 19:57:48.236000+00:00,0,1351108668
2676225924,1508750870,2012-10-24 19:57:48.236000+00:00,0,1351108668
2676225924,4100237668,2012-10-24 19:57:48.236000+00:00,0,1351108668
22840021,2597139611,2012-10-24 20:40:33.908000+00:00,0,1351111233
22840021,3223028808,2012-10-24 20:40:33.908000+00:00,0,1351111233
22840021,2768891421,2012-10-24 20:40:33.908000+00:00,1,1351111233
22840021,2985774237,2012-10-24 20:40:33.908000+00:00,0,1351111233
22840021,1359259009,2012-10-24 20:40:33.908000+00:00,0,1351111233
22840021,935931560,2012-10-24 20:40:33.908000+00:00,0,1351111233
1292184871,486447403,2012-10-24 22:18:25.758000+00:00,1,1351117105
1292184871,194296738,2012-10-24 22:18:25.758000+00:00,0,1351117105
1292184871,647119345,2012-10-24 22:18:25.758000+00:00,0,1351117105
1292184871,2924356031,2012-10-24 22:18:25.758000+00:00,0,1351117105
1292184871,1774373767,2012-10-24 22:18:25.758000+00:00,0,1351117105
1292184871,2389263741,2012-10-24 22:18:25.758000+00:00,0,1351117105
1336647234,1935315082,2012-10-24 22:21:55.302000+00:00,1,1351117315
1336647234,692075109,2012-10-24 22:21:55.302000+00:00,0,1351117315
1336647234,1184964740,2012-10-24 22:21:55.302000+00:00,0,1351117315
1336647234,1570314869,2012-10-24 22:21:55.302000+00:00,0,1351117315
1336647234,282265232,2012-10-24 22:21:55.302000+00:00,0,1351117315
1336647234,2643833505,2012-10-24 22:22:04.376000+00:00,1,1351117324
1336647234,2130616732,2012-10-24 22:22:32.757000+00:00,1,1351117352
1336647234,797638314,2012-10-24 22:22:35.328000+00:00,1,1351117355
651240040,1361307272,2012-10-24 22:26:04.381000+00:00,1,1351117564
651240040,2483352434,2012-10-24 22:26:04.381000+00:00,0,1351117564
651240040,3429508261,2012-10-24 22:26:04.381000+00:00,0,1351117564
651240040,1752177173,2012-10-24 22:26:04.381000+00:00,0,1351117564
651240040,1209963424,2012-10-24 22:26:04.381000+00:00,0,1351117564
651240040,2401458775,2012-10-24 22:26:04.381000+00:00,0,1351117564
651240040,2529072432,2012-10-24 22:26:27.005000+00:00,1,1351117587
1336647234,955398943,2012-10-24 22:35:31.505000+00:00,1,1351118131
2981133909,2327229116,2012-10-24 22:49:55.261000+00:00,1,1351118995
2981133909,1979059717,2012-10-24 22:49:55.261000+00:00,0,1351118995
2981133909,3189486214,2012-10-24 22:49:55.261000+00:00,0,1351118995
2981133909,4229583662,2012-10-24 22:49:55.261000+00:00,0,1351118995
2981133909,2741999232,2012-10-24 22:49:55.261000+00:00,0,1351118995
2981133909,3750616262,2012-10-24 22:49:55.261000+00:00,0,1351118995
2903662804,874736953,2012-10-24 23:08:22.858000+00:00,0,1351120102
2903662804,731713663,2012-10-24 23:08:22.858000+00:00,0,1351120102
2903662804,2236462300,2012-10-24 23:08:22.858000+00:00,0,1351120102
2903662804,1728231357,2012-10-24 23:08:22.858000+00:00,0,1351120102
2903662804,1164122688,2012-10-24 23:08:22.858000+00:00,0,1351120102
2903662804,3669299967,2012-10-24 23:08:22.858000+00:00,1,1351120102
2962003608,2358951559,2012-10-24 23:24:19.505000+00:00,1,1351121059
2962003608,3294957663,2012-10-24 23:24:19.505000+00:00,0,1351121059
2962003608,811008612,2012-10-24 23:24:19.505000+00:00,0,1351121059
2962003608,2303635604,2012-10-24 23:24:19.505000+00:00,0,1351121059
2962003608,2401458775,2012-10-24 23:24:19.505000+00:00,0,1351121059
2962003608,2117517099,2012-10-24 23:24:19.505000+00:00,0,1351121059
245442083,2130616732,2012-10-25 00:14:59.062000+00:00,0,1351124099
245442083,907302600,2012-10-25 00:14:59.062000+00:00,1,1351124099
245442083,955398943,2012-10-25 00:14:59.062000+00:00,0,1351124099
245442083,2529072432,2012-10-25 00:14:59.062000+00:00,0,1351124099
245442083,1361307272,2012-10-25 00:14:59.062000+00:00,0,1351124099
245442083,633659090,2012-10-25 00:14:59.062000+00:00,0,1351124099
395305791,1814005111,2012-10-25 00:47:28.789000+00:00,0,1351126048
395305791,4338728,2012-10-25 00:47:28.789000+00:00,0,1351126048
395305791,3181376237,2012-10-25 00:47:28.789000+00:00,0,1351126048
395305791,1724860944,2012-10-25 00:47:28.789000+00:00,0,1351126048
395305791,35305848,2012-10-25 00:47:28.789000+00:00,0,1351126048
395305791,1785998532,2012-10-25 00:47:28.789000+00:00,1,1351126048
395305791,3139200527,2012-10-25 00:47:55.026000+00:00,1,1351126075
395305791,569362828,2012-10-25 00:48:35.434000+00:00,0,1351126115
395305791,238250932,2012-10-25 00:49:11.282000+00:00,0,1351126151
395305791,2431658513,2012-10-25 00:49:40.189000+00:00,0,1351126180
395305791,2758523549,2012-10-25 00:49:43.222000+00:00,0,1351126183
395305791,2996418672,2012-10-25 00:49:57.908000+00:00,0,1351126197
395305791,930199924,2012-10-25 00:49:59.904000+00:00,0,1351126199
395305791,1400442081,2012-10-25 00:50:01.940000+00:00,0,1351126201
395305791,250211214,2012-10-25 00:50:07.484000+00:00,0,1351126207
395305791,115584728,2012-10-25 00:50:10.011000+00:00,0,1351126210
395305791,3809657858,2012-10-25 00:50:44.458000+00:00,0,1351126244
395305791,1188335100,2012-10-25 00:50:53.550000+00:00,0,1351126253
395305791,1582270949,2012-10-25 00:50:55.071000+00:00,0,1351126255
4176403253,232148793,2012-10-25 01:29:21.223000+00:00,0,1351128561
4176403253,1180987071,2012-10-25 01:29:21.223000+00:00,1,1351128561
4176403253,287790200,2012-10-25 01:29:21.223000+00:00,0,1351128561
4176403253,3051804335,2012-10-25 01:29:21.223000+00:00,0,1351128561
3172189947,2401458775,2012-10-25 02:50:16.044000+00:00,0,1351133416
3172189947,2130616732,2012-10-25 02:50:16.044000+00:00,0,1351133416
3172189947,2643833505,2012-10-25 02:50:16.044000+00:00,0,1351133416
3172189947,771676713,2012-10-25 02:50:16.044000+00:00,1,1351133416
3172189947,2039358442,2012-10-25 02:50:16.044000+00:00,0,1351133416
3172189947,955398943,2012-10-25 02:50:16.044000+00:00,0,1351133416
686151443,3429508261,2012-10-25 03:09:13.294000+00:00,0,1351134553
686151443,3676836672,2012-10-25 03:09:13.294000+00:00,1,1351134553
686151443,2401458775,2012-10-25 03:09:13.294000+00:00,0,1351134553
686151443,4171256718,2012-10-25 03:09:13.294000+00:00,0,1351134553
3611774179,559455545,2012-10-25 03:16:42.329000+00:00,0,1351135002
3611774179,2915017543,2012-10-25 03:16:42.329000+00:00,0,1351135002
3611774179,218221722,2012-10-25 03:16:42.329000+00:00,1,1351135002
3611774179,353933726,2012-10-25 03:16:42.329000+00:00,0,1351135002
3611774179,2769914393,2012-10-25 03:16:42.329000+00:00,0,1351135002
3611774179,3681999765,2012-10-25 03:16:42.329000+00:00,0,1351135002
3519657066,40477420,2012-10-25 04:02:06.024000+00:00,1,1351137726
3519657066,1752177173,2012-10-25 04:02:06.024000+00:00,0,1351137726
3519657066,3158022870,2012-10-25 04:02:06.024000+00:00,0,1351137726
3519657066,2415873572,2012-10-25 04:02:06.024000+00:00,0,1351137726
3519657066,2965442599,2012-10-25 04:02:06.024000+00:00,0,1351137726
3519657066,3123256869,2012-10-25 04:02:09.635000+00:00,1,1351137729
3866177358,771676713,2012-10-25 05:13:08.352000+00:00,0,1351141988
3866177358,2130616732,2012-10-25 05:13:08.352000+00:00,0,1351141988
3866177358,2270126516,2012-10-25 05:13:08.352000+00:00,1,1351141988
3866177358,4249304663,2012-10-25 05:13:08.352000+00:00,0,1351141988
3866177358,2643833505,2012-10-25 05:13:08.352000+00:00,0,1351141988
3866177358,955398943,2012-10-25 05:13:08.352000+00:00,0,1351141988
3866177358,591904611,2012-10-25 05:14:31.791000+00:00,1,1351142071
2892947506,2130616732,2012-10-25 05:15:50.332000+00:00,0,1351142150
2892947506,2529072432,2012-10-25 05:15:50.332000+00:00,0,1351142150
2892947506,1361307272,2012-10-25 05:15:50.332000+00:00,1,1351142150
2892947506,955398943,2012-10-25 05:15:50.332000+00:00,0,1351142150
2892947506,633659090,2012-10-25 05:15:50.332000+00:00,0,1351142150
2892947506,907302600,2012-10-25 05:15:50.332000+00:00,0,1351142150
3930126543,1600413013,2012-10-25 05:31:52.240000+00:00,0,1351143112
3930126543,2401458775,2012-10-25 05:31:52.240000+00:00,0,1351143112
3930126543,2529072432,2012-10-25 05:31:52.240000+00:00,0,1351143112
3930126543,1361307272,2012-10-25 05:31:52.240000+00:00,1,1351143112
3930126543,907302600,2012-10-25 05:31:52.240000+00:00,0,1351143112
3930126543,633659090,2012-10-25 05:31:56.765000+00:00,1,1351143116
2048999821,2935869426,2012-10-25 06:08:57.649000+00:00,0,1351145337
2048999821,2343313196,2012-10-25 06:08:57.649000+00:00,0,1351145337
2048999821,326664129,2012-10-25 06:08:57.649000+00:00,1,1351145337
2048999821,3476188186,2012-10-25 06:08:57.649000+00:00,0,1351145337
2048999821,2197125563,2012-10-25 06:08:57.649000+00:00,0,1351145337
2048999821,2466925678,2012-10-25 06:08:57.649000+00:00,0,1351145337
2711152367,353933726,2012-10-25 06:30:05.830000+00:00,1,1351146605
2711152367,2181144698,2012-10-25 06:30:05.830000+00:00,0,1351146605
2711152367,1488068589,2012-10-25 06:30:05.830000+00:00,0,1351146605
2711152367,2913407142,2012-10-25 06:30:05.830000+00:00,0,1351146605
2711152367,2806565970,2012-10-25 06:30:05.830000+00:00,0,1351146605
2711152367,396853098,2012-10-25 06:30:05.830000+00:00,0,1351146605
1537885461,739733335,2012-10-25 06:36:46.745000+00:00,0,1351147006
1537885461,396853098,2012-10-25 06:36:46.745000+00:00,0,1351147006
1537885461,2490233992,2012-10-25 06:36:46.745000+00:00,0,1351147006
1537885461,1085747802,2012-10-25 06:36:46.745000+00:00,0,1351147006
1537885461,2341662452,2012-10-25 06:36:46.745000+00:00,1,1351147006
1537885461,4035845542,2012-10-25 06:36:46.745000+00:00,0,1351147006
344906444,3982608480,2012-10-25 06:51:12.678000+00:00,0,1351147872
344906444,955398943,2012-10-25 06:51:12.678000+00:00,0,1351147872
344906444,2130616732,2012-10-25 06:51:12.678000+00:00,0,1351147872
344906444,2133183406,2012-10-25 06:51:12.678000+00:00,0,1351147872
344906444,2173952737,2012-10-25 06:51:12.678000+00:00,1,1351147872
344906444,1148012652,2012-10-25 06:51:12.678000+00:00,0,1351147872
344906444,1600413013,2012-10-25 07:14:28.197000+00:00,1,1351149268
4066782471,2643833505,2012-10-25 07:45:32.251000+00:00,0,1351151132
4066782471,1361307272,2012-10-25 07:45:32.251000+00:00,0,1351151132
4066782471,4249304663,2012-10-25 07:45:32.251000+00:00,1,1351151132
4066782471,2401458775,2012-10-25 07:45:32.251000+00:00,0,1351151132
4066782471,955398943,2012-10-25 07:45:32.251000+00:00,0,1351151132
4066782471,2977166421,2012-10-25 07:45:32.251000+00:00,0,1351151132
4066782471,2130616732,2012-10-25 07:45:34.278000+00:00,1,1351151134
4066782471,771676713,2012-10-25 07:45:36.308000+00:00,1,1351151136
2452785645,907302600,2012-10-25 08:00:20.913000+00:00,1,1351152020
2452785645,955398943,2012-10-25 08:00:20.913000+00:00,0,1351152020
2452785645,2529072432,2012-10-25 08:00:20.913000+00:00,0,1351152020
2452785645,2643833505,2012-10-25 08:00:20.913000+00:00,0,1351152020
2452785645,2130616732,2012-10-25 08:00:20.913000+00:00,0,1351152020
2452785645,633659090,2012-10-25 08:00:20.913000+00:00,0,1351152020
2291100279,852533014,2012-10-25 08:01:53.987000+00:00,0,1351152113
2291100279,1526919341,2012-10-25 08:01:53.987000+00:00,0,1351152113
2291100279,464552924,2012-10-25 08:01:53.987000+00:00,1,1351152113
2291100279,3837372536,2012-10-25 08:01:53.987000+00:00,0,1351152113
2291100279,3891330449,2012-10-25 08:01:53.987000+00:00,0,1351152113
2291100279,527590182,2012-10-25 08:01:53.987000+00:00,0,1351152113
4115365036,97217712,2012-10-25 08:04:49.807000+00:00,0,1351152289
4115365036,525624264,2012-10-25 08:04:49.807000+00:00,0,1351152289
4115365036,633659090,2012-10-25 08:04:49.807000+00:00,0,1351152289
4115365036,955398943,2012-10-25 08:04:49.807000+00:00,0,1351152289
4115365036,1361307272,2012-10-25 08:04:49.807000+00:00,0,1351152289
4115365036,2130616732,2012-10-25 08:04:49.807000+00:00,1,1351152289
4115365036,907302600,2012-10-25 08:05:52.159000+00:00,1,1351152352
4115365036,2643833505,2012-10-25 08:05:56.195000+00:00,1,1351152356
4115365036,2529072432,2012-10-25 08:06:03.749000+00:00,1,1351152363
4115365036,771676713,2012-10-25 08:06:05.765000+00:00,1,1351152365
1060747655,1180987071,2012-10-25 08:10:35.190000+00:00,1,1351152635
1060747655,2415873572,2012-10-25 08:10:35.190000+00:00,0,1351152635
1060747655,2258490433,2012-10-25 08:10:35.190000+00:00,0,1351152635
1060747655,2350533042,2012-10-25 08:10:35.190000+00:00,0,1351152635
1060747655,1466293065,2012-10-25 08:10:35.190000+00:00,0,1351152635
1060747655,1224170949,2012-10-25 08:10:35.190000+00:00,0,1351152635
1060747655,2677849552,2012-10-25 08:23:30.090000+00:00,1,1351153410
1525918364,1692359541,2012-10-25 09:05:13.035000+00:00,0,1351155913
1525918364,2643833505,2012-10-25 09:05:13.035000+00:00,0,1351155913
1525918364,907302600,2012-10-25 09:05:13.035000+00:00,0,1351155913
1525918364,771676713,2012-10-25 09:05:13.035000+00:00,1,1351155913
1525918364,2130616732,2012-10-25 09:05:13.035000+00:00,0,1351155913
1525918364,2529072432,2012-10-25 09:05:13.035000+00:00,0,1351155913
1525918364,633659090,2012-10-25 09:05:31.005000+00:00,1,1351155931
1525918364,955398943,2012-10-25 09:05:32.343000+00:00,1,1351155932
1525918364,1361307272,2012-10-25 09:05:33.040000+00:00,1,1351155933
1842145373,2643833505,2012-10-25 09:55:31.362000+00:00,0,1351158931
1842145373,2529072432,2012-10-25 09:55:31.362000+00:00,1,1351158931
1842145373,2389263741,2012-10-25 09:55:31.362000+00:00,0,1351158931
1842145373,771676713,2012-10-25 09:55:31.362000+00:00,0,1351158931
1842145373,633659090,2012-10-25 09:55:31.362000+00:00,0,1351158931
1842145373,3820740781,2012-10-25 09:55:31.362000+00:00,0,1351158931
1842145373,907302600,2012-10-25 09:56:42.815000+00:00,1,1351159002
1842145373,1361307272,2012-10-25 09:56:45.895000+00:00,1,1351159005
1842145373,955398943,2012-10-25 09:56:55.557000+00:00,1,1351159015
1842145373,2130616732,2012-10-25 09:57:08.132000+00:00,1,1351159028
3269471699,268816201,2012-10-25 11:46:21.785000+00:00,0,1351165581
3269471699,2867836267,2012-10-25 11:46:21.785000+00:00,1,1351165581
3269471699,843570927,2012-10-25 11:46:21.785000+00:00,0,1351165581
3269471699,1549564349,2012-10-25 11:46:21.785000+00:00,0,1351165581
3269471699,97217712,2012-10-25 11:46:21.785000+00:00,0,1351165581
1170938005,3304691824,2012-10-25 12:27:45.002000+00:00,0,1351168065
1170938005,2415873572,2012-10-25 12:27:45.002000+00:00,0,1351168065
1170938005,1180987071,2012-10-25 12:27:45.002000+00:00,1,1351168065
1170938005,894141796,2012-10-25 12:27:45.002000+00:00,0,1351168065
1170938005,2325542576,2012-10-25 12:27:45.002000+00:00,0,1351168065
1170938005,569253671,2012-10-25 12:31:31.326000+00:00,1,1351168291
2507955484,1600413013,2012-10-25 12:38:26.460000+00:00,0,1351168706
2507955484,771676713,2012-10-25 12:38:26.460000+00:00,1,1351168706
2507955484,2130616732,2012-10-25 12:38:26.460000+00:00,0,1351168706
2507955484,2643833505,2012-10-25 12:38:26.460000+00:00,0,1351168706
2507955484,2401458775,2012-10-25 12:38:26.460000+00:00,0,1351168706
2507955484,955398943,2012-10-25 12:38:26.460000+00:00,0,1351168706
2507955484,4250838032,2012-10-25 12:38:27.971000+00:00,1,1351168707
3530946278,1212947698,2012-10-25 13:37:40.604000+00:00,1,1351172260
3530946278,2643833505,2012-10-25 13:37:40.604000+00:00,0,1351172260
3530946278,955398943,2012-10-25 13:37:40.604000+00:00,0,1351172260
3530946278,2401458775,2012-10-25 13:37:40.604000+00:00,0,1351172260
3530946278,2130616732,2012-10-25 13:37:40.604000+00:00,0,1351172260
3530946278,771676713,2012-10-25 13:37:40.604000+00:00,0,1351172260
2845673972,2526340332,2012-10-25 13:49:15.697000+00:00,0,1351172955
2845673972,3331152144,2012-10-25 13:49:15.697000+00:00,0,1351172955
2845673972,1426337764,2012-10-25 13:49:15.697000+00:00,0,1351172955
2845673972,2110752121,2012-10-25 13:49:15.697000+00:00,0,1351172955
2845673972,3158757965,2012-10-25 13:49:15.697000+00:00,1,1351172955
2845673972,2153037761,2012-10-25 13:49:15.697000+00:00,0,1351172955
2440023887,3038810944,2012-10-25 14:10:28.281000+00:00,0,1351174228
2440023887,530788794,2012-10-25 14:10:28.281000+00:00,0,1351174228
2440023887,1276702165,2012-10-25 14:10:28.281000+00:00,1,1351174228
2440023887,928621648,2012-10-25 14:10:28.281000+00:00,0,1351174228
2440023887,2884132945,2012-10-25 14:10:28.281000+00:00,0,1351174228
2440023887,3939206437,2012-10-25 14:10:28.281000+00:00,0,1351174228
2440023887,1671389147,2012-10-25 14:11:18.507000+00:00,1,1351174278
1369743769,2358951559,2012-10-25 15:19:42.823000+00:00,0,1351178382
1369743769,1997962142,2012-10-25 15:19:42.823000+00:00,0,1351178382
1369743769,176471937,2012-10-25 15:19:42.823000+00:00,1,1351178382
1369743769,3294957663,2012-10-25 15:19:42.823000+00:00,0,1351178382
1369743769,3863879024,2012-10-25 15:19:42.823000+00:00,0,1351178382
1369743769,1734795794,2012-10-25 15:19:42.823000+00:00,0,1351178382
761616937,2389263741,2012-10-25 16:04:44.392000+00:00,0,1351181084
761616937,2529072432,2012-10-25 16:04:44.392000+00:00,1,1351181084
761616937,97217712,2012-10-25 16:04:44.392000+00:00,0,1351181084
761616937,1692359541,2012-10-25 16:04:44.392000+00:00,0,1351181084
761616937,3429508261,2012-10-25 16:04:44.392000+00:00,0,1351181084
761616937,2490603461,2012-10-25 16:04:44.392000+00:00,0,1351181084
761616937,2643833505,2012-10-25 16:04:49.945000+00:00,1,1351181089
761616937,633659090,2012-10-25 16:04:49.920000+00:00,1,1351181089
761616937,907302600,2012-10-25 16:04:49.961000+00:00,1,1351181089
761616937,955398943,2012-10-25 16:04:55.006000+00:00,1,1351181095
761616937,2130616732,2012-10-25 16:05:20.195000+00:00,0,1351181120
2858760089,317869690,2012-10-25 16:24:04.878000+00:00,0,1351182244
2858760089,4065675893,2012-10-25 16:24:04.878000+00:00,0,1351182244
2858760089,1439918964,2012-10-25 16:24:04.878000+00:00,0,1351182244
2858760089,3137529595,2012-10-25 16:24:04.878000+00:00,0,1351182244
2858760089,864823067,2012-10-25 16:24:04.878000+00:00,1,1351182244
2858760089,4235989936,2012-10-25 16:24:04.878000+00:00,0,1351182244
3519657066,3685002484,2012-10-25 16:55:01.925000+00:00,0,1351184101
3519657066,3158022870,2012-10-25 16:55:01.925000+00:00,0,1351184101
3519657066,1508750870,2012-10-25 16:55:01.925000+00:00,1,1351184101
3519657066,2965442599,2012-10-25 16:55:01.925000+00:00,0,1351184101
3519657066,2415873572,2012-10-25 16:55:01.925000+00:00,0,1351184101
3519657066,1752177173,2012-10-25 16:55:01.925000+00:00,0,1351184101
1467007408,2645301517,2012-10-25 17:06:44.015000+00:00,0,1351184804
1467007408,735155031,2012-10-25 17:06:44.015000+00:00,1,1351184804
1467007408,739733335,2012-10-25 17:06:44.015000+00:00,0,1351184804
1467007408,1466704967,2012-10-25 17:06:44.015000+00:00,0,1351184804
1467007408,699622003,2012-10-25 17:06:44.015000+00:00,0,1351184804
1467007408,1488068589,2012-10-25 17:06:44.015000+00:00,0,1351184804
3799854455,2643833505,2012-10-25 17:19:39.295000+00:00,0,1351185579
3799854455,2977166421,2012-10-25 17:19:39.295000+00:00,0,1351185579
3799854455,3868972599,2012-10-25 17:19:39.295000+00:00,0,1351185579
3799854455,2130616732,2012-10-25 17:19:39.295000+00:00,0,1351185579
3799854455,907302600,2012-10-25 17:19:39.295000+00:00,0,1351185579
3799854455,797638314,2012-10-25 17:19:39.295000+00:00,1,1351185579
3799854455,2039358442,2012-10-25 17:19:41.322000+00:00,1,1351185581
1911617585,1180987071,2012-10-25 17:26:15.438000+00:00,0,1351185975
1911617585,858852228,2012-10-25 17:26:15.438000+00:00,1,1351185975
1911617585,559618821,2012-10-25 17:26:15.438000+00:00,0,1351185975
1911617585,1466704967,2012-10-25 17:26:15.438000+00:00,0,1351185975
1911617585,1085747802,2012-10-25 17:26:15.438000+00:00,0,1351185975
1911617585,2645301517,2012-10-25 17:26:15.438000+00:00,0,1351185975
1911617585,739733335,2012-10-25 17:26:17.461000+00:00,1,1351185977
1911617585,2806565970,2012-10-25 17:26:40.718000+00:00,1,1351186000
1911617585,2325542576,2012-10-25 17:26:50.700000+00:00,1,1351186010
2074086523,633659090,2012-10-25 17:45:31.070000+00:00,0,1351187131
2074086523,3868972599,2012-10-25 17:45:31.070000+00:00,0,1351187131
2074086523,2643833505,2012-10-25 17:45:31.070000+00:00,0,1351187131
2074086523,2529072432,2012-10-25 17:45:31.070000+00:00,1,1351187131
2074086523,2130616732,2012-10-25 17:45:31.070000+00:00,0,1351187131
2074086523,2977166421,2012-10-25 17:45:31.070000+00:00,0,1351187131
2074086523,907302600,2012-10-25 17:45:33.080000+00:00,1,1351187133
724483958,46300535,2012-10-25 20:19:20.017000+00:00,0,1351196360
724483958,3843631351,2012-10-25 20:19:20.017000+00:00,0,1351196360
724483958,1268441808,2012-10-25 20:19:20.017000+00:00,1,1351196360
724483958,3611263082,2012-10-25 20:19:20.017000+00:00,0,1351196360
724483958,3634712993,2012-10-25 20:19:20.017000+00:00,0,1351196360
724483958,3392552803,2012-10-25 20:19:20.017000+00:00,0,1351196360
724483958,2636581520,2012-10-25 20:19:50.685000+00:00,0,1351196390
724483958,2224372535,2012-10-25 20:19:55.211000+00:00,0,1351196395
724483958,2311647821,2012-10-25 20:30:42.175000+00:00,1,1351197042
249918369,3978835544,2012-10-25 20:52:50.997000+00:00,0,1351198370
249918369,326664129,2012-10-25 20:52:50.997000+00:00,1,1351198370
249918369,2475317774,2012-10-25 20:52:50.997000+00:00,0,1351198370
249918369,2355910668,2012-10-25 20:52:50.997000+00:00,0,1351198370
249918369,4201499448,2012-10-25 20:52:50.997000+00:00,0,1351198370
1583577411,938329092,2012-10-25 21:42:00.529000+00:00,1,1351201320
1583577411,3045353496,2012-10-25 21:42:00.529000+00:00,0,1351201320
1583577411,1255867753,2012-10-25 21:42:00.529000+00:00,0,1351201320
1583577411,1321838948,2012-10-25 21:42:00.529000+00:00,0,1351201320
1583577411,2458143482,2012-10-25 21:42:00.529000+00:00,0,1351201320
1583577411,3305490944,2012-10-25 21:42:00.529000+00:00,0,1351201320
2838808644,236337665,2012-10-25 22:08:43.907000+00:00,0,1351202923
2838808644,2583924875,2012-10-25 22:08:43.907000+00:00,0,1351202923
2838808644,1426337764,2012-10-25 22:08:43.907000+00:00,1,1351202923
2838808644,169396440,2012-10-25 22:08:43.907000+00:00,0,1351202923
479907067,3202299499,2012-10-25 22:21:21.202000+00:00,0,1351203681
479907067,184499592,2012-10-25 22:21:21.202000+00:00,0,1351203681
479907067,3733069609,2012-10-25 22:21:21.202000+00:00,0,1351203681
479907067,3506742304,2012-10-25 22:21:21.202000+00:00,0,1351203681
479907067,1636589484,2012-10-25 22:21:21.202000+00:00,1,1351203681
479907067,2013260896,2012-10-25 22:21:21.202000+00:00,0,1351203681
588924229,3161734222,2012-10-25 22:37:26.091000+00:00,1,1351204646
588924229,1702662479,2012-10-25 22:37:26.091000+00:00,0,1351204646
588924229,13620896,2012-10-25 22:37:26.091000+00:00,0,1351204646
588924229,3331152144,2012-10-25 22:37:26.091000+00:00,0,1351204646
588924229,2153037761,2012-10-25 22:37:26.091000+00:00,0,1351204646
588924229,1426337764,2012-10-25 22:37:36.166000+00:00,1,1351204656
588924229,3982727529,2012-10-25 22:39:22.923000+00:00,1,1351204762
3657701087,4273083332,2012-10-25 23:09:51.074000+00:00,1,1351206591
3657701087,3677554908,2012-10-25 23:09:51.074000+00:00,0,1351206591
3657701087,647866667,2012-10-25 23:09:51.074000+00:00,0,1351206591
3657701087,3326390656,2012-10-25 23:09:51.074000+00:00,0,1351206591
3657701087,3323334871,2012-10-25 23:09:51.074000+00:00,0,1351206591
3657701087,1522597700,2012-10-25 23:09:51.074000+00:00,0,1351206591
3657701087,1333842876,2012-10-25 23:10:01.673000+00:00,0,1351206601
3657701087,4102767305,2012-10-25 23:10:01.152000+00:00,0,1351206601
1531475209,2415873572,2012-10-25 23:21:15.792000+00:00,0,1351207275
1531475209,1737420203,2012-10-25 23:21:29.919000+00:00,0,1351207289
1531475209,2678255240,2012-10-25 23:21:47.061000+00:00,0,1351207307
1531475209,2913407142,2012-10-25 23:21:54.243000+00:00,0,1351207314
1531475209,3244133531,2012-10-25 23:22:02.937000+00:00,0,1351207322
1531475209,2973911742,2012-10-25 23:22:02.937000+00:00,1,1351207322
1531475209,3581275802,2012-10-25 23:22:02.937000+00:00,0,1351207322
1531475209,4239152097,2012-10-25 23:22:02.937000+00:00,0,1351207322
1531475209,1488068589,2012-10-25 23:22:06.484000+00:00,0,1351207326
3069569833,1869434172,2012-10-25 23:42:38.195000+00:00,0,1351208558
3069569833,998521698,2012-10-25 23:42:38.195000+00:00,0,1351208558
3069569833,3669299967,2012-10-25 23:42:38.195000+00:00,1,1351208558
3069569833,382378459,2012-10-25 23:42:38.195000+00:00,0,1351208558
3069569833,3202299499,2012-10-25 23:42:38.195000+00:00,0,1351208558
3069569833,1728231357,2012-10-25 23:42:38.195000+00:00,0,1351208558
3330927216,2643833505,2012-10-25 23:56:35.159000+00:00,0,1351209395
3330927216,907302600,2012-10-25 23:58:05.164000+00:00,1,1351209485
3330927216,3770119781,2012-10-25 23:58:05.164000+00:00,0,1351209485
3330927216,97217712,2012-10-25 23:58:05.164000+00:00,0,1351209485
3330927216,2389263741,2012-10-25 23:58:05.164000+00:00,0,1351209485
3330927216,1692359541,2012-10-25 23:58:05.164000+00:00,0,1351209485
3330927216,3696948957,2012-10-25 23:58:05.164000+00:00,0,1351209485
3330927216,2130616732,2012-10-26 00:00:56.975000+00:00,1,1351209656
3330927216,633659090,2012-10-26 00:01:09.699000+00:00,1,1351209669
3210947692,1598382429,2012-10-26 00:59:20.197000+00:00,0,1351213160
3210947692,1853182055,2012-10-26 00:59:20.197000+00:00,0,1351213160
3210947692,2828969498,2012-10-26 00:59:20.197000+00:00,1,1351213160
3210947692,2867836267,2012-10-26 00:59:20.197000+00:00,0,1351213160
1076497247,1127247543,2012-10-26 01:23:47.698000+00:00,0,1351214627
1076497247,2053952798,2012-10-26 01:23:47.698000+00:00,0,1351214627
1076497247,3588664375,2012-10-26 01:23:47.698000+00:00,0,1351214627
1076497247,1711893150,2012-10-26 01:23:47.698000+00:00,0,1351214627
1076497247,3427445292,2012-10-26 01:23:47.698000+00:00,1,1351214627
1076497247,1800619761,2012-10-26 01:23:47.698000+00:00,0,1351214627
1076497247,2876154686,2012-10-26 01:24:08.841000+00:00,1,1351214648
2903662804,2236462300,2012-10-26 01:27:48.632000+00:00,0,1351214868
2903662804,874736953,2012-10-26 01:27:48.632000+00:00,0,1351214868
2903662804,1728231357,2012-10-26 01:27:48.632000+00:00,0,1351214868
2903662804,2796594102,2012-10-26 01:27:48.632000+00:00,1,1351214868
2903662804,731713663,2012-10-26 01:27:48.632000+00:00,0,1351214868
2903662804,1164122688,2012-10-26 01:27:48.632000+00:00,0,1351214868
1815238419,2824024899,2012-10-26 01:39:09.442000+00:00,0,1351215549
1815238419,2153037761,2012-10-26 01:39:09.442000+00:00,0,1351215549
1815238419,498238691,2012-10-26 01:39:09.442000+00:00,0,1351215549
1815238419,1426337764,2012-10-26 01:39:09.442000+00:00,1,1351215549
1815238419,1818884347,2012-10-26 01:39:09.442000+00:00,0,1351215549
1815238419,1852872937,2012-10-26 01:39:09.442000+00:00,0,1351215549
1507405031,767550382,2012-10-26 02:21:29.336000+00:00,1,1351218089
1507405031,548222146,2012-10-26 02:21:29.336000+00:00,0,1351218089
1507405031,3849725276,2012-10-26 02:21:29.336000+00:00,0,1351218089
1507405031,3929337192,2012-10-26 02:21:29.336000+00:00,0,1351218089
1507405031,3135302883,2012-10-26 02:21:29.336000+00:00,0,1351218089
1507405031,776341364,2012-10-26 02:21:29.336000+00:00,0,1351218089
1951340806,3120245477,2012-10-26 02:56:22.957000+00:00,0,1351220182
1951340806,2650960921,2012-10-26 02:56:22.957000+00:00,0,1351220182
1951340806,762779146,2012-10-26 02:56:22.957000+00:00,0,1351220182
1951340806,1722911749,2012-10-26 02:56:22.957000+00:00,1,1351220182
1951340806,866329141,2012-10-26 02:56:44.196000+00:00,1,1351220204
1951340806,1379132639,2012-10-26 02:56:51.242000+00:00,1,1351220211
3798379681,3203913218,2012-10-26 04:29:10.639000+00:00,0,1351225750
3798379681,3955784000,2012-10-26 04:29:10.639000+00:00,0,1351225750
3798379681,3581275802,2012-10-26 04:29:10.639000+00:00,0,1351225750
3798379681,2806565970,2012-10-26 04:29:10.639000+00:00,0,1351225750
3798379681,1900273727,2012-10-26 04:29:10.639000+00:00,1,1351225750
3798379681,559618821,2012-10-26 04:29:10.639000+00:00,0,1351225750
3798379681,460112184,2012-10-26 04:29:33.287000+00:00,1,1351225773
156079457,3957104249,2012-10-26 05:23:52.792000+00:00,0,1351229032
156079457,406835364,2012-10-26 05:23:52.792000+00:00,0,1351229032
156079457,4010541403,2012-10-26 05:23:52.792000+00:00,0,1351229032
156079457,4181743367,2012-10-26 05:23:52.792000+00:00,1,1351229032
156079457,2415873572,2012-10-26 05:23:52.792000+00:00,0,1351229032
156079457,3284996128,2012-10-26 05:23:52.792000+00:00,0,1351229032
3839562998,2490233992,2012-10-26 05:49:29.860000+00:00,0,1351230569
3839562998,3302719635,2012-10-26 05:49:29.860000+00:00,0,1351230569
3839562998,582001462,2012-10-26 05:49:29.860000+00:00,1,1351230569
3839562998,739733335,2012-10-26 05:49:29.860000+00:00,0,1351230569
3839562998,3692401116,2012-10-26 05:49:29.860000+00:00,0,1351230569
3839562998,559618821,2012-10-26 05:49:29.860000+00:00,0,1351230569
3691949299,440098296,2012-10-26 06:00:03.084000+00:00,0,1351231203
3691949299,1638625563,2012-10-26 06:00:03.084000+00:00,0,1351231203
3691949299,3770866498,2012-10-26 06:00:03.084000+00:00,0,1351231203
3691949299,432466438,2012-10-26 06:00:03.084000+00:00,0,1351231203
3691949299,2263960915,2012-10-26 06:00:03.084000+00:00,1,1351231203
3691949299,1426337764,2012-10-26 06:00:03.084000+00:00,0,1351231203
1345896548,955398943,2012-10-26 06:17:01.032000+00:00,1,1351232221
1345896548,562877160,2012-10-26 06:17:01.032000+00:00,0,1351232221
1345896548,3495437070,2012-10-26 06:17:01.032000+00:00,0,1351232221
1345896548,2986124911,2012-10-26 06:17:01.032000+00:00,0,1351232221
1345896548,1744785223,2012-10-26 06:17:01.032000+00:00,0,1351232221
1345896548,2529072432,2012-10-26 06:17:01.032000+00:00,0,1351232221
1345896548,2643833505,2012-10-26 06:17:03.594000+00:00,1,1351232223
1345896548,907302600,2012-10-26 06:17:46.169000+00:00,1,1351232266
1345896548,633659090,2012-10-26 06:17:51.232000+00:00,1,1351232271
1345896548,2130616732,2012-10-26 06:17:56.265000+00:00,1,1351232276
3261647162,2039358442,2012-10-26 06:18:55.725000+00:00,0,1351232335
3261647162,955398943,2012-10-26 06:18:55.725000+00:00,1,1351232335
3261647162,3184899378,2012-10-26 06:18:55.725000+00:00,0,1351232335
3261647162,2401458775,2012-10-26 06:18:55.725000+00:00,0,1351232335
3261647162,1600413013,2012-10-26 06:18:55.725000+00:00,0,1351232335
3261647162,1692359541,2012-10-26 06:18:55.725000+00:00,0,1351232335
3261647162,2643833505,2012-10-26 06:19:03.342000+00:00,1,1351232343
3261647162,2130616732,2012-10-26 06:19:10.965000+00:00,1,1351232350
3261647162,633659090,2012-10-26 06:19:21.545000+00:00,1,1351232361
3261647162,907302600,2012-10-26 06:19:25.073000+00:00,1,1351232365
3261647162,2529072432,2012-10-26 06:19:27.115000+00:00,1,1351232367
3261647162,3434717258,2012-10-26 06:19:37.207000+00:00,1,1351232377
2635167233,2016892878,2012-10-26 06:50:05.709000+00:00,1,1351234205
2635167233,1542105098,2012-10-26 06:50:05.709000+00:00,0,1351234205
2635167233,4201499448,2012-10-26 06:50:05.709000+00:00,0,1351234205
2635167233,2262994085,2012-10-26 06:50:05.709000+00:00,0,1351234205
2635167233,2415873572,2012-10-26 06:50:05.709000+00:00,0,1351234205
2635167233,154199197,2012-10-26 06:50:05.709000+00:00,0,1351234205
2954668845,1198813199,2012-10-26 07:22:26.472000+00:00,0,1351236146
2954668845,51311653,2012-10-26 07:22:26.472000+00:00,0,1351236146
2954668845,4072965907,2012-10-26 07:22:26.472000+00:00,0,1351236146
2954668845,1536770720,2012-10-26 07:22:26.472000+00:00,1,1351236146
2954668845,524567894,2012-10-26 07:22:26.472000+00:00,0,1351236146
2954668845,561980641,2012-10-26 07:22:26.472000+00:00,0,1351236146
1227484684,2130616732,2012-10-26 07:34:51.914000+00:00,0,1351236891
1227484684,633659090,2012-10-26 07:34:51.914000+00:00,0,1351236891
1227484684,2643833505,2012-10-26 07:34:51.914000+00:00,1,1351236891
1227484684,2039358442,2012-10-26 07:34:51.914000+00:00,0,1351236891
1227484684,907302600,2012-10-26 07:34:51.914000+00:00,0,1351236891
1227484684,2401458775,2012-10-26 07:34:51.914000+00:00,0,1351236891
1152125988,2428145712,2012-10-26 07:46:23.935000+00:00,0,1351237583
1152125988,966971643,2012-10-26 07:46:23.935000+00:00,1,1351237583
1152125988,575808855,2012-10-26 07:46:23.935000+00:00,0,1351237583
1152125988,1860511950,2012-10-26 07:46:23.935000+00:00,0,1351237583
1152125988,4002881841,2012-10-26 07:46:23.935000+00:00,0,1351237583
1152125988,4123041728,2012-10-26 07:46:23.935000+00:00,0,1351237583
1152125988,4125420656,2012-10-26 07:46:38.531000+00:00,1,1351237598
1152125988,1820029797,2012-10-26 07:47:08.891000+00:00,1,1351237628
4070008434,2401458775,2012-10-26 08:07:37.915000+00:00,0,1351238857
4070008434,1600413013,2012-10-26 08:07:37.915000+00:00,1,1351238857
4070008434,2977166421,2012-10-26 08:07:37.915000+00:00,0,1351238857
4070008434,1332759137,2012-10-26 08:07:37.915000+00:00,0,1351238857
4070008434,1431441098,2012-10-26 08:07:37.915000+00:00,0,1351238857
4070008434,3685139016,2012-10-26 08:07:37.915000+00:00,0,1351238857
1210853041,1815989488,2012-10-26 08:12:30.924000+00:00,0,1351239150
1210853041,1173365630,2012-10-26 08:12:30.924000+00:00,0,1351239150
1210853041,970316639,2012-10-26 08:12:30.924000+00:00,0,1351239150
1210853041,1356764145,2012-10-26 08:12:30.924000+00:00,1,1351239150
1210853041,2167750024,2012-10-26 08:12:30.924000+00:00,0,1351239150
1210853041,1522127313,2012-10-26 08:12:30.924000+00:00,0,1351239150
2984260178,1133385189,2012-10-26 08:37:35.824000+00:00,0,1351240655
2984260178,1332759137,2012-10-26 08:37:35.824000+00:00,0,1351240655
2984260178,642644408,2012-10-26 08:37:35.824000+00:00,0,1351240655
2984260178,1741634425,2012-10-26 08:37:35.824000+00:00,0,1351240655
2984260178,3581275802,2012-10-26 08:37:35.824000+00:00,0,1351240655
2984260178,821546192,2012-10-26 08:37:35.824000+00:00,1,1351240655
2984260178,3617812300,2012-10-26 08:37:37.340000+00:00,1,1351240657
2984260178,3123256869,2012-10-26 08:38:17.266000+00:00,1,1351240697
1168909050,679700922,2012-10-26 08:39:13.941000+00:00,0,1351240753
1168909050,899234866,2012-10-26 08:39:13.941000+00:00,0,1351240753
1168909050,152418051,2012-10-26 08:39:13.941000+00:00,1,1351240753
1168909050,4203627753,2012-10-26 08:39:13.941000+00:00,0,1351240753
1168909050,1501679119,2012-10-26 08:39:13.941000+00:00,0,1351240753
1168909050,675888033,2012-10-26 08:39:13.941000+00:00,0,1351240753
1168909050,4125420656,2012-10-26 08:39:16.986000+00:00,1,1351240756
1168909050,740269154,2012-10-26 08:39:26.047000+00:00,1,1351240766
2543824082,2691215697,2012-10-26 08:42:06.583000+00:00,1,1351240926
2543824082,642644408,2012-10-26 08:42:06.583000+00:00,0,1351240926
2543824082,679023125,2012-10-26 08:42:06.583000+00:00,0,1351240926
2543824082,2390991047,2012-10-26 08:42:06.583000+00:00,0,1351240926
2543824082,1752607782,2012-10-26 08:42:12.244000+00:00,1,1351240932
2543824082,416330287,2012-10-26 08:42:14.866000+00:00,1,1351240934
2543824082,2453174300,2012-10-26 08:49:50.281000+00:00,1,1351241390
2543824082,1752177173,2012-10-26 08:49:53.310000+00:00,1,1351241393
2543824082,1719075410,2012-10-26 08:50:08.412000+00:00,1,1351241408
3294080054,2428145712,2012-10-26 08:56:53.052000+00:00,0,1351241813
3294080054,4203627753,2012-10-26 08:56:53.052000+00:00,0,1351241813
3294080054,679700922,2012-10-26 08:56:53.052000+00:00,0,1351241813
3294080054,4125420656,2012-10-26 08:56:53.052000+00:00,1,1351241813
3294080054,675888033,2012-10-26 08:56:53.052000+00:00,0,1351241813
3294080054,899234866,2012-10-26 08:56:53.052000+00:00,0,1351241813
3294080054,152418051,2012-10-26 08:56:56.095000+00:00,1,1351241816
3294080054,740269154,2012-10-26 08:56:57.097000+00:00,1,1351241817
1535643599,2828969498,2012-10-26 09:19:01.532000+00:00,1,1351243141
1535643599,353933726,2012-10-26 09:19:01.532000+00:00,0,1351243141
1535643599,1133385189,2012-10-26 09:19:01.532000+00:00,0,1351243141
1535643599,2806565970,2012-10-26 09:19:01.532000+00:00,0,1351243141
3187292148,1704179171,2012-10-26 09:38:31.151000+00:00,1,1351244311
3187292148,278651783,2012-10-26 09:38:31.151000+00:00,0,1351244311
3187292148,2529072432,2012-10-26 09:38:31.151000+00:00,0,1351244311
3187292148,633659090,2012-10-26 09:38:31.151000+00:00,0,1351244311
3187292148,907302600,2012-10-26 09:38:31.151000+00:00,0,1351244311
3187292148,2401458775,2012-10-26 09:38:31.151000+00:00,0,1351244311
1292417817,1212947698,2012-10-26 09:49:36.100000+00:00,1,1351244976
1292417817,2401458775,2012-10-26 09:49:36.100000+00:00,0,1351244976
1292417817,2643833505,2012-10-26 09:49:36.100000+00:00,0,1351244976
1292417817,1133385189,2012-10-26 09:49:36.100000+00:00,0,1351244976
1292417817,955398943,2012-10-26 09:49:36.100000+00:00,0,1351244976
1292417817,3429508261,2012-10-26 09:49:36.100000+00:00,0,1351244976
2207460362,1833759794,2012-10-26 10:24:19.197000+00:00,0,1351247059
2207460362,177094411,2012-10-26 10:24:19.197000+00:00,0,1351247059
2207460362,2529072432,2012-10-26 10:24:19.197000+00:00,1,1351247059
2207460362,2401458775,2012-10-26 10:24:19.197000+00:00,0,1351247059
2207460362,1213874055,2012-10-26 10:24:19.197000+00:00,0,1351247059
2207460362,2222244811,2012-10-26 10:24:19.197000+00:00,0,1351247059
2207460362,907302600,2012-10-26 10:24:53.909000+00:00,1,1351247093
2207460362,633659090,2012-10-26 10:25:31.255000+00:00,1,1351247131
1264179509,2589709809,2012-10-26 10:30:12.667000+00:00,0,1351247412
1264179509,2806565970,2012-10-26 10:30:12.667000+00:00,0,1351247412
1264179509,2816742760,2012-10-26 10:30:12.667000+00:00,0,1351247412
1264179509,228340462,2012-10-26 10:30:12.667000+00:00,1,1351247412
1264179509,1133385189,2012-10-26 10:30:12.667000+00:00,0,1351247412
1264179509,2120779072,2012-10-26 10:30:12.667000+00:00,0,1351247412
2409482937,797638314,2012-10-26 10:40:25.577000+00:00,1,1351248025
2409482937,907302600,2012-10-26 10:40:25.577000+00:00,0,1351248025
2409482937,633659090,2012-10-26 10:40:25.577000+00:00,0,1351248025
2409482937,3868972599,2012-10-26 10:40:25.577000+00:00,0,1351248025
2409482937,1213874055,2012-10-26 10:40:25.577000+00:00,0,1351248025
2409482937,2401458775,2012-10-26 10:40:25.577000+00:00,0,1351248025
2419536569,899234866,2012-10-26 11:04:49.475000+00:00,0,1351249489
2419536569,1501679119,2012-10-26 11:04:49.475000+00:00,0,1351249489
2419536569,2428145712,2012-10-26 11:04:49.475000+00:00,0,1351249489
2419536569,4125420656,2012-10-26 11:04:49.893000+00:00,1,1351249489
2419536569,675888033,2012-10-26 11:04:49.475000+00:00,0,1351249489
2419536569,975102360,2012-10-26 11:04:49.475000+00:00,1,1351249489
2419536569,3512048812,2012-10-26 11:04:49.475000+00:00,0,1351249489
2419536569,740269154,2012-10-26 11:04:51.414000+00:00,1,1351249491
3052191172,3349548561,2012-10-26 11:06:58.565000+00:00,0,1351249618
3052191172,633659090,2012-10-26 11:06:58.565000+00:00,0,1351249618
3052191172,3609305791,2012-10-26 11:06:58.565000+00:00,1,1351249618
3052191172,3671450770,2012-10-26 11:06:58.565000+00:00,0,1351249618
3052191172,1334001859,2012-10-26 11:06:58.565000+00:00,0,1351249618
3052191172,907302600,2012-10-26 11:06:58.565000+00:00,0,1351249618
4067602271,909891171,2012-10-26 11:15:05.595000+00:00,0,1351250105
4067602271,3868972599,2012-10-26 11:15:05.595000+00:00,0,1351250105
4067602271,278651783,2012-10-26 11:15:05.595000+00:00,0,1351250105
4067602271,907302600,2012-10-26 11:15:05.595000+00:00,1,1351250105
4067602271,633659090,2012-10-26 11:15:05.595000+00:00,0,1351250105
4067602271,2643833505,2012-10-26 11:15:05.595000+00:00,0,1351250105
4067602271,2130616732,2012-10-26 11:15:15.157000+00:00,1,1351250115
3460014666,202228513,2012-10-26 12:09:24.761000+00:00,0,1351253364
3460014666,3643004825,2012-10-26 12:09:24.761000+00:00,0,1351253364
3460014666,1133385189,2012-10-26 12:09:24.761000+00:00,1,1351253364
3460014666,3399444894,2012-10-26 12:09:24.761000+00:00,0,1351253364
3460014666,738069322,2012-10-26 12:09:24.761000+00:00,0,1351253364
3460014666,2106746558,2012-10-26 12:09:24.761000+00:00,0,1351253364
3663573906,3929337192,2012-10-26 12:27:48.562000+00:00,0,1351254468
3663573906,1506378274,2012-10-26 12:27:48.562000+00:00,0,1351254468
3663573906,3244133531,2012-10-26 12:27:48.562000+00:00,1,1351254468
3663573906,1944222205,2012-10-26 12:27:48.562000+00:00,0,1351254468
3663573906,741936389,2012-10-26 12:27:48.562000+00:00,0,1351254468
3663573906,3643004825,2012-10-26 12:27:48.562000+00:00,0,1351254468
3460014666,1752177173,2012-10-26 12:29:48.795000+00:00,0,1351254588
3460014666,3074458356,2012-10-26 12:29:50.915000+00:00,0,1351254590
3460014666,3648276654,2012-10-26 12:29:52.989000+00:00,0,1351254592
3460014666,2742823997,2012-10-26 12:29:56.618000+00:00,0,1351254596
3460014666,491750282,2012-10-26 12:29:57.690000+00:00,0,1351254597
3770864710,4125420656,2012-10-26 12:32:13.328000+00:00,1,1351254733
3770864710,675888033,2012-10-26 12:32:13.328000+00:00,0,1351254733
3770864710,1501679119,2012-10-26 12:32:13.328000+00:00,0,1351254733
3770864710,899234866,2012-10-26 12:32:13.328000+00:00,0,1351254733
3770864710,739161736,2012-10-26 12:32:13.328000+00:00,0,1351254733
3770864710,2428145712,2012-10-26 12:32:13.328000+00:00,0,1351254733
3770864710,740269154,2012-10-26 12:34:43.890000+00:00,1,1351254883
1268093476,414811541,2012-10-26 12:48:29.608000+00:00,0,1351255709
1268093476,1162270076,2012-10-26 12:48:29.608000+00:00,0,1351255709
1268093476,2652552299,2012-10-26 12:48:29.608000+00:00,0,1351255709
1268093476,1138326567,2012-10-26 12:48:29.608000+00:00,1,1351255709
1268093476,3427435191,2012-10-26 12:48:29.608000+00:00,0,1351255709
1268093476,2693701979,2012-10-26 12:48:29.608000+00:00,0,1351255709
97374877,3129504825,2012-10-26 13:35:25.886000+00:00,1,1351258525
97374877,1973916091,2012-10-26 13:35:25.886000+00:00,0,1351258525
97374877,920467258,2012-10-26 13:35:25.886000+00:00,0,1351258525
97374877,2071837302,2012-10-26 13:35:25.886000+00:00,0,1351258525
97374877,268215542,2012-10-26 13:35:25.886000+00:00,0,1351258525
97374877,154173769,2012-10-26 13:35:25.886000+00:00,0,1351258525
1873358601,2803195749,2012-10-26 13:39:33.022000+00:00,0,1351258773
1873358601,2401458775,2012-10-26 13:39:33.022000+00:00,1,1351258773
1873358601,3581275802,2012-10-26 13:39:33.022000+00:00,0,1351258773
1873358601,2297919094,2012-10-26 13:39:33.022000+00:00,0,1351258773
1873358601,3051804335,2012-10-26 13:39:33.022000+00:00,0,1351258773
1873358601,2490233992,2012-10-26 13:39:33.022000+00:00,0,1351258773
2496550100,3251813967,2012-10-26 13:40:56.088000+00:00,0,1351258856
2496550100,675888033,2012-10-26 13:40:56.088000+00:00,0,1351258856
2496550100,2428145712,2012-10-26 13:40:56.088000+00:00,0,1351258856
2496550100,4125420656,2012-10-26 13:40:56.088000+00:00,1,1351258856
2496550100,1812117472,2012-10-26 13:40:56.088000+00:00,0,1351258856
2496550100,1633829458,2012-10-26 13:40:56.088000+00:00,0,1351258856
2496550100,740269154,2012-10-26 13:41:11.169000+00:00,1,1351258871
3616389778,1900273727,2012-10-26 13:48:05.685000+00:00,0,1351259285
3616389778,3074569974,2012-10-26 13:48:05.685000+00:00,1,1351259285
3616389778,1734795794,2012-10-26 13:48:05.685000+00:00,0,1351259285
3616389778,1070688375,2012-10-26 13:48:05.685000+00:00,0,1351259285
3616389778,2193758029,2012-10-26 13:48:05.685000+00:00,0,1351259285
3616389778,3284996128,2012-10-26 13:48:05.685000+00:00,0,1351259285
3616389778,2105083541,2012-10-26 13:49:37.930000+00:00,1,1351259377
2057625114,1255629030,2012-10-26 13:59:16.953000+00:00,0,1351259956
2057625114,1766189272,2012-10-26 13:59:16.971000+00:00,1,1351259956
2057625114,2639741116,2012-10-26 13:59:16.953000+00:00,0,1351259956
2057625114,2121117680,2012-10-26 13:59:16.953000+00:00,0,1351259956
2057625114,692075109,2012-10-26 13:59:16.953000+00:00,1,1351259956
2057625114,2410124239,2012-10-26 13:59:16.953000+00:00,0,1351259956
2057625114,1712448138,2012-10-26 13:59:16.953000+00:00,0,1351259956
3910177999,733567972,2012-10-26 14:12:28.387000+00:00,0,1351260748
3910177999,1600413013,2012-10-26 14:12:28.387000+00:00,1,1351260748
3910177999,2529072432,2012-10-26 14:12:28.387000+00:00,0,1351260748
3910177999,633659090,2012-10-26 14:12:28.387000+00:00,0,1351260748
3910177999,907302600,2012-10-26 14:12:28.387000+00:00,0,1351260748
3910177999,955398943,2012-10-26 14:12:28.387000+00:00,0,1351260748
3910177999,1704179171,2012-10-26 14:14:16.806000+00:00,1,1351260856
724978354,1865069375,2012-10-26 14:21:28.929000+00:00,0,1351261288
724978354,667121041,2012-10-26 14:21:28.929000+00:00,0,1351261288
724978354,1211708085,2012-10-26 14:21:28.929000+00:00,0,1351261288
724978354,3416395266,2012-10-26 14:21:28.929000+00:00,0,1351261288
724978354,407061424,2012-10-26 14:21:28.929000+00:00,0,1351261288
724978354,2357122965,2012-10-26 14:21:28.929000+00:00,1,1351261288
724978354,770278298,2012-10-26 14:21:42.015000+00:00,1,1351261302
724978354,4145684767,2012-10-26 14:21:47.072000+00:00,1,1351261307
724978354,1784460112,2012-10-26 14:21:49.097000+00:00,1,1351261309
724978354,3771702746,2012-10-26 14:22:13.530000+00:00,1,1351261333
724978354,2795929444,2012-10-26 14:22:15.098000+00:00,1,1351261335
724978354,2046473726,2012-10-26 14:22:20.808000+00:00,1,1351261340
724978354,2415873572,2012-10-26 14:22:41.574000+00:00,1,1351261361
555631167,3663891590,2012-10-26 14:35:18.607000+00:00,0,1351262118
555631167,1711893150,2012-10-26 14:35:18.607000+00:00,0,1351262118
555631167,1852872937,2012-10-26 14:35:18.607000+00:00,0,1351262118
555631167,1426337764,2012-10-26 14:35:18.607000+00:00,1,1351262118
555631167,3331152144,2012-10-26 14:35:18.607000+00:00,0,1351262118
1726345056,4092803548,2012-10-26 14:41:29.477000+00:00,0,1351262489
1726345056,388038662,2012-10-26 14:41:29.477000+00:00,0,1351262489
1726345056,2668685763,2012-10-26 14:41:29.477000+00:00,0,1351262489
1726345056,1889293012,2012-10-26 14:41:29.477000+00:00,0,1351262489
1726345056,2916175115,2012-10-26 14:41:29.477000+00:00,0,1351262489
1726345056,4180619444,2012-10-26 14:41:29.477000+00:00,1,1351262489
2824647204,2913407142,2012-10-26 14:55:26.518000+00:00,0,1351263326
2824647204,1488068589,2012-10-26 14:55:26.518000+00:00,0,1351263326
2824647204,2120779072,2012-10-26 14:55:26.518000+00:00,0,1351263326
2824647204,739733335,2012-10-26 14:55:26.518000+00:00,0,1351263326
2824647204,3445542629,2012-10-26 14:55:26.518000+00:00,1,1351263326
613604753,2325542576,2012-10-26 14:58:24.600000+00:00,0,1351263504
613604753,196335814,2012-10-26 14:58:24.600000+00:00,1,1351263504
613604753,2415873572,2012-10-26 14:58:24.600000+00:00,0,1351263504
613604753,3565280227,2012-10-26 14:58:24.600000+00:00,0,1351263504
613604753,2401458775,2012-10-26 14:58:24.600000+00:00,0,1351263504
613604753,1594153489,2012-10-26 14:58:24.600000+00:00,0,1351263504
2344133160,2643833505,2012-10-26 15:11:24.640000+00:00,0,1351264284
2344133160,633659090,2012-10-26 15:11:24.640000+00:00,0,1351264284
2344133160,2130616732,2012-10-26 15:11:24.640000+00:00,0,1351264284
2344133160,1114350408,2012-10-26 15:11:24.640000+00:00,0,1351264284
2344133160,2401458775,2012-10-26 15:11:24.640000+00:00,0,1351264284
2344133160,907302600,2012-10-26 15:11:24.640000+00:00,1,1351264284
2344133160,2529072432,2012-10-26 15:11:32.270000+00:00,1,1351264292
2399006053,3692401116,2012-10-26 15:41:26.356000+00:00,0,1351266086
2399006053,3104408471,2012-10-26 15:41:26.356000+00:00,0,1351266086
2399006053,3581275802,2012-10-26 15:41:26.356000+00:00,0,1351266086
2399006053,3578890149,2012-10-26 15:41:26.356000+00:00,0,1351266086
2399006053,3968395368,2012-10-26 15:41:26.356000+00:00,0,1351266086
2399006053,3768450121,2012-10-26 15:41:26.356000+00:00,1,1351266086
2933561364,3512048812,2012-10-26 15:58:40.607000+00:00,0,1351267120
2933561364,2398192028,2012-10-26 15:58:40.607000+00:00,0,1351267120
2933561364,675888033,2012-10-26 15:58:40.607000+00:00,0,1351267120
2933561364,4125420656,2012-10-26 15:58:40.607000+00:00,1,1351267120
2933561364,899234866,2012-10-26 15:58:40.607000+00:00,0,1351267120
2933561364,2428145712,2012-10-26 15:58:40.607000+00:00,0,1351267120
3118355226,1602574564,2012-10-26 16:28:03.552000+00:00,0,1351268883
3118355226,2120779072,2012-10-26 16:28:03.552000+00:00,0,1351268883
3118355226,2645301517,2012-10-26 16:28:03.552000+00:00,0,1351268883
3118355226,4163370502,2012-10-26 16:28:03.552000+00:00,0,1351268883
3118355226,2258490433,2012-10-26 16:28:03.552000+00:00,1,1351268883
3118355226,2677850150,2012-10-26 16:28:03.552000+00:00,0,1351268883
4233914020,1508951125,2012-10-26 16:47:54.178000+00:00,0,1351270074
4233914020,251609489,2012-10-26 16:47:54.178000+00:00,0,1351270074
4233914020,3920148761,2012-10-26 16:47:54.178000+00:00,0,1351270074
4233914020,4103873674,2012-10-26 16:47:54.178000+00:00,0,1351270074
4233914020,345541072,2012-10-26 16:47:54.178000+00:00,1,1351270074
4233914020,1740772631,2012-10-26 16:47:54.178000+00:00,0,1351270074
1440749616,1466704967,2012-10-26 16:51:54.031000+00:00,0,1351270314
1440749616,2262994085,2012-10-26 16:51:54.031000+00:00,0,1351270314
1440749616,3917524398,2012-10-26 16:51:54.031000+00:00,0,1351270314
1440749616,4253071998,2012-10-26 16:51:54.031000+00:00,0,1351270314
1440749616,3681999765,2012-10-26 16:51:54.031000+00:00,1,1351270314
1440749616,915976576,2012-10-26 16:51:54.031000+00:00,0,1351270314
1440749616,1488068589,2012-10-26 16:53:00.091000+00:00,1,1351270380
1440749616,2806565970,2012-10-26 16:54:47.445000+00:00,1,1351270487
1440749616,4198728308,2012-10-26 16:54:52.658000+00:00,1,1351270492
3570943696,4151648493,2012-10-26 17:08:28.252000+00:00,0,1351271308
3570943696,4144974981,2012-10-26 17:08:28.252000+00:00,1,1351271308
3570943696,835360674,2012-10-26 17:08:28.252000+00:00,0,1351271308
3570943696,1780282425,2012-10-26 17:08:28.252000+00:00,0,1351271308
3570943696,2235428011,2012-10-26 17:08:28.252000+00:00,0,1351271308
3570943696,3915345019,2012-10-26 17:08:28.252000+00:00,0,1351271308
3828329584,1851896511,2012-10-26 17:22:13.523000+00:00,0,1351272133
3828329584,3914503223,2012-10-26 17:22:13.523000+00:00,0,1351272133
3828329584,3986999314,2012-10-26 17:22:13.523000+00:00,0,1351272133
3828329584,1425735917,2012-10-26 17:22:13.523000+00:00,0,1351272133
3828329584,2791173792,2012-10-26 17:22:13.523000+00:00,1,1351272133
3828329584,382048545,2012-10-26 17:22:13.523000+00:00,0,1351272133
1116289197,82290709,2012-10-26 17:43:16.581000+00:00,0,1351273396
1116289197,2517616201,2012-10-26 17:43:16.581000+00:00,0,1351273396
1116289197,3186605940,2012-10-26 17:43:16.581000+00:00,0,1351273396
1116289197,2639741116,2012-10-26 17:43:16.581000+00:00,0,1351273396
1116289197,3984337495,2012-10-26 17:43:16.581000+00:00,1,1351273396
1116289197,2611754657,2012-10-26 17:43:16.581000+00:00,0,1351273396
3726154528,955398943,2012-10-26 17:51:12.213000+00:00,0,1351273872
3726154528,2529072432,2012-10-26 17:51:12.213000+00:00,0,1351273872
3726154528,1600413013,2012-10-26 17:51:12.213000+00:00,0,1351273872
3726154528,2039358442,2012-10-26 17:51:12.213000+00:00,0,1351273872
3726154528,2415873572,2012-10-26 17:51:12.213000+00:00,0,1351273872
3726154528,1148012652,2012-10-26 17:51:12.213000+00:00,1,1351273872
3726154528,3982608480,2012-10-26 17:51:17.749000+00:00,1,1351273877
3199368063,641977154,2012-10-26 17:51:49.975000+00:00,1,1351273909
3199368063,3618189475,2012-10-26 17:51:49.975000+00:00,0,1351273909
3199368063,3717208652,2012-10-26 17:51:49.975000+00:00,0,1351273909
3199368063,1006377265,2012-10-26 17:51:49.975000+00:00,0,1351273909
3199368063,3560570011,2012-10-26 17:51:49.975000+00:00,0,1351273909
3199368063,3745441097,2012-10-26 17:51:49.975000+00:00,0,1351273909
1917038415,3305669901,2012-10-26 17:57:21.355000+00:00,1,1351274241
1917038415,2042113559,2012-10-26 17:57:21.355000+00:00,0,1351274241
1917038415,2415054310,2012-10-26 17:57:21.355000+00:00,0,1351274241
1917038415,1046898997,2012-10-26 17:57:21.355000+00:00,0,1351274241
1917038415,3123670463,2012-10-26 17:57:21.355000+00:00,0,1351274241
1917038415,3477913010,2012-10-26 17:57:21.355000+00:00,0,1351274241
123290209,463131402,2012-10-26 18:04:50.018000+00:00,0,1351274690
123290209,2403951537,2012-10-26 18:04:50.018000+00:00,0,1351274690
123290209,268174971,2012-10-26 18:04:50.018000+00:00,0,1351274690
123290209,1569316024,2012-10-26 18:04:50.018000+00:00,0,1351274690
123290209,3681213459,2012-10-26 18:04:50.018000+00:00,0,1351274690
123290209,1887085024,2012-10-26 18:04:50.018000+00:00,1,1351274690
123290209,939818461,2012-10-26 18:04:55.574000+00:00,1,1351274695
522776668,843676515,2012-10-26 18:47:47.579000+00:00,0,1351277267
522776668,2611754657,2012-10-26 18:47:47.579000+00:00,0,1351277267
522776668,1371280659,2012-10-26 18:47:47.579000+00:00,1,1351277267
522776668,3581275802,2012-10-26 18:47:47.579000+00:00,0,1351277267
522776668,407061424,2012-10-26 18:47:47.579000+00:00,0,1351277267
522776668,3692401116,2012-10-26 18:47:47.579000+00:00,0,1351277267
522776668,2816742760,2012-10-26 18:47:49.661000+00:00,1,1351277269
3481743878,810535696,2012-10-26 19:48:47.129000+00:00,0,1351280927
3481743878,1190695846,2012-10-26 19:48:47.129000+00:00,0,1351280927
3481743878,3639157503,2012-10-26 19:48:47.129000+00:00,0,1351280927
3481743878,4285155515,2012-10-26 19:48:47.129000+00:00,0,1351280927
3481743878,2584113432,2012-10-26 19:48:47.129000+00:00,1,1351280927
3481743878,1165436839,2012-10-26 19:48:47.129000+00:00,0,1351280927
1735204308,554561877,2012-10-26 20:42:12.552000+00:00,1,1351284132
1735204308,2604206550,2012-10-26 20:42:12.552000+00:00,0,1351284132
1735204308,2024097466,2012-10-26 20:42:12.552000+00:00,0,1351284132
1735204308,263582981,2012-10-26 20:42:12.552000+00:00,0,1351284132
1735204308,498238691,2012-10-26 20:42:12.552000+00:00,0,1351284132
1735204308,1588010656,2012-10-26 20:42:12.552000+00:00,0,1351284132
3779883288,3806743451,2012-10-26 21:17:10.080000+00:00,0,1351286230
3779883288,1243983393,2012-10-26 21:17:10.080000+00:00,0,1351286230
3779883288,3692401116,2012-10-26 21:17:10.080000+00:00,0,1351286230
3779883288,3643004825,2012-10-26 21:17:10.080000+00:00,0,1351286230
3779883288,2795993128,2012-10-26 21:17:10.080000+00:00,0,1351286230
3779883288,3302719635,2012-10-26 21:17:10.080000+00:00,1,1351286230
1966851184,866329141,2012-10-26 21:18:55.596000+00:00,0,1351286335
1966851184,4024225107,2012-10-26 21:18:55.596000+00:00,0,1351286335
1966851184,2167876034,2012-10-26 21:18:55.596000+00:00,1,1351286335
1966851184,1484873489,2012-10-26 21:18:55.596000+00:00,0,1351286335
1966851184,1430108025,2012-10-26 21:18:55.596000+00:00,0,1351286335
1966851184,3493348543,2012-10-26 21:18:55.596000+00:00,0,1351286335
351313256,1455527953,2012-10-26 21:30:53.115000+00:00,0,1351287053
351313256,1868735086,2012-10-26 21:30:53.115000+00:00,0,1351287053
351313256,3710884082,2012-10-26 21:30:53.115000+00:00,1,1351287053
351313256,406835364,2012-10-26 21:30:53.115000+00:00,0,1351287053
351313256,2490233992,2012-10-26 21:31:11.244000+00:00,1,1351287071
351313256,460112184,2012-10-26 21:31:39.034000+00:00,1,1351287099
3635047946,3080864770,2012-10-26 22:07:21.656000+00:00,0,1351289241
3635047946,2636711710,2012-10-26 22:07:21.656000+00:00,0,1351289241
3635047946,1177054501,2012-10-26 22:07:21.656000+00:00,1,1351289241
3635047946,2468898182,2012-10-26 22:07:21.656000+00:00,0,1351289241
3635047946,2351559782,2012-10-26 22:07:21.656000+00:00,0,1351289241
3635047946,3308814501,2012-10-26 22:07:21.656000+00:00,0,1351289241
4054029300,622003251,2012-10-26 22:09:14.999000+00:00,0,1351289354
4054029300,130493588,2012-10-26 22:09:14.999000+00:00,0,1351289354
4054029300,3120305017,2012-10-26 22:09:14.999000+00:00,0,1351289354
4054029300,1852872937,2012-10-26 22:09:14.999000+00:00,0,1351289354
4054029300,2153037761,2012-10-26 22:09:14.999000+00:00,1,1351289354
4054029300,2053952798,2012-10-26 22:09:14.999000+00:00,0,1351289354
168764910,13620896,2012-10-26 22:49:50.213000+00:00,0,1351291790
168764910,432466438,2012-10-26 22:49:50.213000+00:00,0,1351291790
168764910,3022634670,2012-10-26 22:49:50.213000+00:00,0,1351291790
168764910,1426337764,2012-10-26 22:49:50.213000+00:00,0,1351291790
168764910,2153037761,2012-10-26 22:49:50.213000+00:00,1,1351291790
168764910,3007918636,2012-10-26 22:49:50.213000+00:00,0,1351291790
2557219570,3504982125,2012-10-26 23:08:26.014000+00:00,1,1351292906
2557219570,1813646982,2012-10-26 23:08:26.014000+00:00,0,1351292906
2557219570,6437434,2012-10-26 23:08:26.014000+00:00,0,1351292906
2557219570,3573523098,2012-10-26 23:08:26.014000+00:00,0,1351292906
2557219570,53675398,2012-10-26 23:08:42.991000+00:00,1,1351292922
2557219570,1124353248,2012-10-26 23:08:52.202000+00:00,1,1351292932
2557219570,1328882359,2012-10-26 23:08:52.706000+00:00,1,1351292932
2557219570,3783327786,2012-10-26 23:08:55.259000+00:00,1,1351292935
2557219570,411688154,2012-10-26 23:09:12.573000+00:00,1,1351292952
552316934,2806565970,2012-10-27 00:26:18.257000+00:00,0,1351297578
552316934,2645301517,2012-10-27 00:26:18.257000+00:00,0,1351297578
552316934,4198728308,2012-10-27 00:26:18.257000+00:00,1,1351297578
552316934,2860652622,2012-10-27 00:26:18.257000+00:00,0,1351297578
552316934,3096327312,2012-10-27 00:26:18.257000+00:00,0,1351297578
552316934,141560926,2012-10-27 00:26:18.257000+00:00,0,1351297578
571415268,926605391,2012-10-27 00:41:11.693000+00:00,0,1351298471
571415268,1639958590,2012-10-27 00:41:11.693000+00:00,0,1351298471
571415268,3786887622,2012-10-27 00:41:11.693000+00:00,0,1351298471
571415268,2970567256,2012-10-27 00:41:11.693000+00:00,1,1351298471
571415268,1594153489,2012-10-27 00:41:11.693000+00:00,0,1351298471
571415268,1782440994,2012-10-27 00:43:01.680000+00:00,1,1351298581
351801772,4229467350,2012-10-27 01:28:44.161000+00:00,0,1351301324
351801772,3906291725,2012-10-27 01:28:44.161000+00:00,0,1351301324
351801772,1509619943,2012-10-27 01:28:44.161000+00:00,0,1351301324
351801772,2556182835,2012-10-27 01:28:44.161000+00:00,0,1351301324
351801772,1103896952,2012-10-27 01:28:44.161000+00:00,0,1351301324
351801772,3382118918,2012-10-27 01:28:44.161000+00:00,1,1351301324
351801772,1709219406,2012-10-27 01:29:11.554000+00:00,1,1351301351
2223946882,1886219882,2012-10-27 01:43:18.132000+00:00,0,1351302198
2223946882,1497445719,2012-10-27 01:43:28.240000+00:00,0,1351302208
2223946882,2798408743,2012-10-27 01:43:28.240000+00:00,0,1351302208
2223946882,2503553114,2012-10-27 01:43:28.240000+00:00,0,1351302208
2223946882,832412932,2012-10-27 01:43:28.240000+00:00,0,1351302208
2223946882,1281294006,2012-10-27 01:43:28.240000+00:00,1,1351302208
2223946882,2597005766,2012-10-27 01:43:28.240000+00:00,0,1351302208
3536031836,3434717258,2012-10-27 01:50:11.380000+00:00,1,1351302611
3536031836,3758162883,2012-10-27 01:50:11.380000+00:00,0,1351302611
3536031836,2130616732,2012-10-27 01:50:11.380000+00:00,0,1351302611
3536031836,1213874055,2012-10-27 01:50:11.380000+00:00,0,1351302611
3536031836,3923328825,2012-10-27 01:50:11.380000+00:00,0,1351302611
3536031836,2683224058,2012-10-27 01:50:11.380000+00:00,0,1351302611
3554586211,739733335,2012-10-27 02:11:40.266000+00:00,0,1351303900
3554586211,3740748387,2012-10-27 02:11:40.266000+00:00,0,1351303900
3554586211,3463560786,2012-10-27 02:11:40.266000+00:00,0,1351303900
3554586211,548222146,2012-10-27 02:11:40.266000+00:00,0,1351303900
3554586211,3376748530,2012-10-27 02:11:40.266000+00:00,0,1351303900
3554586211,1189597031,2012-10-27 02:11:40.266000+00:00,1,1351303900
3554586211,1639220499,2012-10-27 02:12:14.402000+00:00,0,1351303934
3554586211,548641030,2012-10-27 02:12:15.924000+00:00,0,1351303935
3362701480,590155292,2012-10-27 02:12:21.985000+00:00,0,1351303941
3362701480,369834351,2012-10-27 02:12:21.985000+00:00,0,1351303941
3362701480,2490233992,2012-10-27 02:12:21.985000+00:00,1,1351303941
3362701480,559618821,2012-10-27 02:12:21.985000+00:00,0,1351303941
3362701480,4227563271,2012-10-27 02:12:21.985000+00:00,0,1351303941
3362701480,3643004825,2012-10-27 02:12:21.985000+00:00,0,1351303941
256692717,97217712,2012-10-27 02:46:24.783000+00:00,0,1351305984
256692717,633659090,2012-10-27 02:46:24.783000+00:00,0,1351305984
256692717,1081122807,2012-10-27 02:46:24.783000+00:00,0,1351305984
256692717,2130616732,2012-10-27 02:46:24.783000+00:00,1,1351305984
256692717,907302600,2012-10-27 02:46:24.783000+00:00,0,1351305984
256692717,2039358442,2012-10-27 02:46:24.783000+00:00,0,1351305984
256692717,2643833505,2012-10-27 02:46:25.804000+00:00,1,1351305985
3631889944,2643833505,2012-10-27 02:50:59.807000+00:00,1,1351306259
3631889944,3968999982,2012-10-27 02:50:59.807000+00:00,0,1351306259
3631889944,1212947698,2012-10-27 02:50:59.807000+00:00,0,1351306259
3631889944,2050513696,2012-10-27 02:50:59.807000+00:00,0,1351306259
3631889944,3212746272,2012-10-27 02:50:59.807000+00:00,0,1351306259
3631889944,633659090,2012-10-27 02:50:59.807000+00:00,0,1351306259
3631889944,2130616732,2012-10-27 02:51:00.830000+00:00,1,1351306260
3350877536,1395068547,2012-10-27 03:04:43.093000+00:00,1,1351307083
3350877536,2973911742,2012-10-27 03:04:43.093000+00:00,0,1351307083
3350877536,1791598205,2012-10-27 03:04:43.093000+00:00,0,1351307083
3350877536,3156836239,2012-10-27 03:04:43.093000+00:00,0,1351307083
3350877536,3917524398,2012-10-27 03:04:43.093000+00:00,0,1351307083
3350877536,2065683170,2012-10-27 03:04:45.665000+00:00,1,1351307085
3350877536,1280644689,2012-10-27 03:04:59.903000+00:00,1,1351307099
3350877536,1442934258,2012-10-27 03:05:02.963000+00:00,1,1351307102
3350877536,821546192,2012-10-27 03:05:36.133000+00:00,1,1351307136
3350877536,1560093320,2012-10-27 03:06:12.027000+00:00,1,1351307172
351801772,2101852818,2012-10-27 03:08:23.293000+00:00,1,1351307303
2271406145,3367231414,2012-10-27 03:19:35.585000+00:00,0,1351307975
2271406145,1488068589,2012-10-27 03:19:35.585000+00:00,0,1351307975
2271406145,3581275802,2012-10-27 03:19:35.585000+00:00,0,1351307975
2271406145,2078674354,2012-10-27 03:19:35.585000+00:00,0,1351307975
2271406145,559618821,2012-10-27 03:19:35.585000+00:00,0,1351307975
2271406145,1721503828,2012-10-27 03:19:35.585000+00:00,1,1351307975
2271406145,1332759137,2012-10-27 03:19:38.111000+00:00,1,1351307978
3515391844,1144728004,2012-10-27 03:45:07.929000+00:00,0,1351309507
3515391844,2760644804,2012-10-27 03:45:07.929000+00:00,1,1351309507
3515391844,1462902079,2012-10-27 03:45:07.929000+00:00,0,1351309507
3515391844,2150848115,2012-10-27 03:45:07.929000+00:00,0,1351309507
3515391844,3451289141,2012-10-27 03:45:07.929000+00:00,0,1351309507
3515391844,2153037761,2012-10-27 03:45:21.169000+00:00,1,1351309521
3515391844,1075469706,2012-10-27 03:45:35.803000+00:00,1,1351309535
988213942,2130616732,2012-10-27 04:05:25.565000+00:00,0,1351310725
988213942,633659090,2012-10-27 04:05:25.565000+00:00,0,1351310725
988213942,3712976999,2012-10-27 04:05:25.565000+00:00,0,1351310725
988213942,3868972599,2012-10-27 04:05:25.565000+00:00,0,1351310725
988213942,907302600,2012-10-27 04:05:25.565000+00:00,1,1351310725
988213942,149322935,2012-10-27 04:05:25.565000+00:00,0,1351310725
988213942,797638314,2012-10-27 04:05:26.080000+00:00,1,1351310726
988213942,2039358442,2012-10-27 04:05:27.111000+00:00,1,1351310727
2092954906,2643833505,2012-10-27 04:06:26.526000+00:00,0,1351310786
2092954906,2740039921,2012-10-27 04:06:26.526000+00:00,1,1351310786
2092954906,3687555234,2012-10-27 04:06:26.526000+00:00,0,1351310786
2092954906,2727385514,2012-10-27 04:06:26.526000+00:00,0,1351310786
2092954906,97217712,2012-10-27 04:06:30.599000+00:00,1,1351310790
2092954906,3982608480,2012-10-27 04:06:31.117000+00:00,1,1351310791
2092954906,353933726,2012-10-27 04:06:41.504000+00:00,1,1351310801
4005906279,2320431814,2012-10-27 04:07:14.145000+00:00,0,1351310834
4005906279,2589709809,2012-10-27 04:07:14.145000+00:00,1,1351310834
4005906279,3114539041,2012-10-27 04:07:14.145000+00:00,0,1351310834
4005906279,2066735480,2012-10-27 04:07:14.145000+00:00,0,1351310834
4005906279,1085259815,2012-10-27 04:07:14.145000+00:00,0,1351310834
4005906279,3451398154,2012-10-27 04:07:14.145000+00:00,0,1351310834
2694023881,3400838699,2012-10-27 04:14:22.267000+00:00,1,1351311262
2694023881,1184964740,2012-10-27 04:14:22.267000+00:00,0,1351311262
2694023881,3123256869,2012-10-27 04:14:22.267000+00:00,0,1351311262
2694023881,3617812300,2012-10-27 04:14:22.267000+00:00,0,1351311262
2694023881,3374363087,2012-10-27 04:14:22.267000+00:00,0,1351311262
2694023881,2735190761,2012-10-27 04:14:22.267000+00:00,0,1351311262
2694023881,2107626799,2012-10-27 04:14:38.980000+00:00,1,1351311278
61814256,1499530182,2012-10-27 04:17:07.035000+00:00,0,1351311427
61814256,3731945988,2012-10-27 04:17:07.035000+00:00,1,1351311427
61814256,3203913218,2012-10-27 04:17:07.035000+00:00,0,1351311427
61814256,3581275802,2012-10-27 04:17:07.035000+00:00,0,1351311427
763143562,3702049129,2012-10-27 04:19:38.599000+00:00,0,1351311578
763143562,2973911742,2012-10-27 04:19:38.599000+00:00,0,1351311578
763143562,2107263424,2012-10-27 04:19:38.599000+00:00,1,1351311578
763143562,1036837546,2012-10-27 04:19:38.599000+00:00,0,1351311578
763143562,3700414799,2012-10-27 04:19:38.599000+00:00,0,1351311578
763143562,2120779072,2012-10-27 04:19:38.599000+00:00,0,1351311578
2416903887,2933717037,2012-10-27 04:22:57.502000+00:00,0,1351311777
2416903887,2389263741,2012-10-27 04:22:57.502000+00:00,1,1351311777
2416903887,1872538468,2012-10-27 04:22:57.502000+00:00,0,1351311777
2416903887,424727744,2012-10-27 04:22:57.502000+00:00,0,1351311777
3642118045,3307660997,2012-10-27 04:28:39.884000+00:00,0,1351312119
3642118045,2090866381,2012-10-27 04:28:39.884000+00:00,0,1351312119
3642118045,2490233992,2012-10-27 04:28:39.884000+00:00,0,1351312119
3642118045,3463560786,2012-10-27 04:28:39.884000+00:00,0,1351312119
3642118045,3592016808,2012-10-27 04:28:39.884000+00:00,0,1351312119
3642118045,268816201,2012-10-27 04:28:39.884000+00:00,1,1351312119
3642118045,3099140003,2012-10-27 04:29:40.431000+00:00,1,1351312180
3642118045,150733034,2012-10-27 04:30:53.318000+00:00,1,1351312253
2231607096,407061424,2012-10-27 04:55:10.770000+00:00,0,1351313710
2231607096,2639741116,2012-10-27 04:55:10.770000+00:00,0,1351313710
2231607096,1466704967,2012-10-27 04:55:10.770000+00:00,0,1351313710
2231607096,3868972599,2012-10-27 04:55:10.770000+00:00,0,1351313710
2231607096,2130616732,2012-10-27 04:55:10.770000+00:00,1,1351313710
2231607096,1334001859,2012-10-27 04:55:10.770000+00:00,0,1351313710
2231607096,2643833505,2012-10-27 04:55:11.786000+00:00,1,1351313711
2231607096,633659090,2012-10-27 04:55:12.306000+00:00,1,1351313712
2231607096,907302600,2012-10-27 04:55:14.336000+00:00,1,1351313714
3878851138,406835364,2012-10-27 04:57:08.980000+00:00,0,1351313828
3878851138,1455527953,2012-10-27 04:57:08.980000+00:00,0,1351313828
3878851138,1868735086,2012-10-27 04:57:08.980000+00:00,0,1351313828
3878851138,3710884082,2012-10-27 04:57:08.980000+00:00,0,1351313828
3878851138,1052866478,2012-10-27 04:57:08.980000+00:00,0,1351313828
3878851138,1812340404,2012-10-27 04:57:08.980000+00:00,1,1351313828
2321074684,591904611,2012-10-27 05:15:21.991000+00:00,0,1351314921
2321074684,2643833505,2012-10-27 05:15:21.991000+00:00,0,1351314921
2321074684,907302600,2012-10-27 05:15:21.991000+00:00,0,1351314921
2321074684,2650542682,2012-10-27 05:15:21.991000+00:00,1,1351314921
2321074684,3868972599,2012-10-27 05:15:21.991000+00:00,0,1351314921
2321074684,1148012652,2012-10-27 05:15:21.991000+00:00,0,1351314921
2321074684,1334001859,2012-10-27 05:15:29.606000+00:00,1,1351314929
2321074684,733567972,2012-10-27 05:15:35.148000+00:00,1,1351314935
2321074684,2009815686,2012-10-27 05:16:20.944000+00:00,1,1351314980
486162423,642644408,2012-10-27 05:19:17.529000+00:00,0,1351315157
486162423,845902488,2012-10-27 05:19:17.529000+00:00,0,1351315157
486162423,2130616732,2012-10-27 05:19:17.529000+00:00,1,1351315157
486162423,2047026922,2012-10-27 05:19:17.529000+00:00,0,1351315157
486162423,1530709861,2012-10-27 05:19:17.529000+00:00,0,1351315157
486162423,61104529,2012-10-27 05:19:17.529000+00:00,0,1351315157
486162423,2643833505,2012-10-27 05:19:19.555000+00:00,1,1351315159
486162423,907302600,2012-10-27 05:19:20.578000+00:00,1,1351315160
486162423,633659090,2012-10-27 05:19:22.099000+00:00,1,1351315162
2122304529,3982608480,2012-10-27 05:31:16.627000+00:00,1,1351315876
2122304529,1929085138,2012-10-27 05:31:16.627000+00:00,0,1351315876
2122304529,3868972599,2012-10-27 05:31:16.627000+00:00,0,1351315876
2122304529,3643004825,2012-10-27 05:31:16.627000+00:00,0,1351315876
2122304529,473110551,2012-10-27 05:31:16.627000+00:00,0,1351315876
2122304529,4201499448,2012-10-27 05:31:16.627000+00:00,0,1351315876
2122304529,1148012652,2012-10-27 05:31:24.718000+00:00,1,1351315884
2837984655,793677521,2012-10-27 06:00:50.235000+00:00,0,1351317650
2837984655,44040604,2012-10-27 06:00:50.235000+00:00,0,1351317650
2837984655,3359203400,2012-10-27 06:00:50.235000+00:00,0,1351317650
2837984655,3335153331,2012-10-27 06:00:50.235000+00:00,0,1351317650
2837984655,1864837767,2012-10-27 06:00:50.235000+00:00,1,1351317650
2837984655,4103636596,2012-10-27 06:00:50.235000+00:00,0,1351317650
2837984655,880504585,2012-10-27 06:01:13.407000+00:00,1,1351317673
3098511794,633659090,2012-10-27 06:05:52.308000+00:00,0,1351317952
3098511794,2643833505,2012-10-27 06:05:52.308000+00:00,0,1351317952
3098511794,907302600,2012-10-27 06:05:52.308000+00:00,0,1351317952
3098511794,2130616732,2012-10-27 06:05:52.308000+00:00,0,1351317952
3098511794,1604908519,2012-10-27 06:05:52.308000+00:00,0,1351317952
3098511794,1361307272,2012-10-27 06:05:52.308000+00:00,1,1351317952
3098511794,274750357,2012-10-27 06:06:02.470000+00:00,1,1351317962
2291885035,1530709861,2012-10-27 06:23:12.127000+00:00,0,1351318992
2291885035,2130616732,2012-10-27 06:23:12.127000+00:00,0,1351318992
2291885035,633659090,2012-10-27 06:23:12.127000+00:00,0,1351318992
2291885035,907302600,2012-10-27 06:23:12.127000+00:00,1,1351318992
2291885035,2569748465,2012-10-27 06:23:12.127000+00:00,0,1351318992
2291885035,642644408,2012-10-27 06:23:12.127000+00:00,0,1351318992
2291885035,2643833505,2012-10-27 06:24:50.143000+00:00,1,1351319090
1707278925,1601281862,2012-10-27 06:32:29.096000+00:00,0,1351319549
1707278925,1841503354,2012-10-27 06:32:29.096000+00:00,0,1351319549
1707278925,154173769,2012-10-27 06:32:29.096000+00:00,0,1351319549
1707278925,616825218,2012-10-27 06:32:29.096000+00:00,0,1351319549
1707278925,1297375856,2012-10-27 06:32:29.096000+00:00,1,1351319549
1707278925,1973916091,2012-10-27 06:32:29.096000+00:00,0,1351319549
1707278925,2822548338,2012-10-27 06:32:41.743000+00:00,1,1351319561
488389895,569253671,2012-10-27 07:20:35.784000+00:00,0,1351322435
488389895,1488068589,2012-10-27 07:20:35.784000+00:00,1,1351322435
488389895,559618821,2012-10-27 07:20:35.784000+00:00,0,1351322435
488389895,2120779072,2012-10-27 07:20:35.784000+00:00,0,1351322435
488389895,1332759137,2012-10-27 07:20:35.784000+00:00,0,1351322435
613747359,97217712,2012-10-27 07:21:51.139000+00:00,0,1351322511
613747359,2425916002,2012-10-27 07:21:51.139000+00:00,0,1351322511
613747359,1332759137,2012-10-27 07:21:51.139000+00:00,1,1351322511
613747359,2490603461,2012-10-27 07:21:51.139000+00:00,0,1351322511
613747359,3376203612,2012-10-27 07:21:51.139000+00:00,0,1351322511
613747359,2534753543,2012-10-27 07:21:51.139000+00:00,0,1351322511
613747359,741936389,2012-10-27 07:22:26.010000+00:00,1,1351322546
1935452377,1973916091,2012-10-27 07:31:36.666000+00:00,0,1351323096
1935452377,1260659849,2012-10-27 07:31:36.666000+00:00,1,1351323096
1935452377,2491721612,2012-10-27 07:31:36.666000+00:00,0,1351323096
1935452377,616825218,2012-10-27 07:31:36.666000+00:00,0,1351323096
1935452377,1282082433,2012-10-27 07:31:36.666000+00:00,0,1351323096
1935452377,2285108120,2012-10-27 07:31:36.666000+00:00,0,1351323096
1935452377,635799819,2012-10-27 07:31:37.693000+00:00,1,1351323097
1935452377,3266414126,2012-10-27 07:31:45.758000+00:00,1,1351323105
1935452377,265740872,2012-10-27 07:31:56.819000+00:00,1,1351323116
1935452377,1841503354,2012-10-27 07:32:13.924000+00:00,1,1351323133
1935452377,3126631984,2012-10-27 07:32:32.042000+00:00,1,1351323152
1935452377,1333874666,2012-10-27 07:32:42.901000+00:00,1,1351323162
1935452377,154173769,2012-10-27 07:32:52.651000+00:00,1,1351323172
1935452377,578876481,2012-10-27 07:33:52.559000+00:00,1,1351323232
1935452377,1297375856,2012-10-27 07:35:18.873000+00:00,1,1351323318
1935452377,2822548338,2012-10-27 07:35:22.912000+00:00,1,1351323322
1610329121,3863879024,2012-10-27 08:04:47.218000+00:00,0,1351325087
1610329121,1488068589,2012-10-27 08:04:47.218000+00:00,1,1351325087
1610329121,897265684,2012-10-27 08:04:47.218000+00:00,0,1351325087
1610329121,3702049129,2012-10-27 08:04:47.218000+00:00,0,1351325087
1610329121,4008259000,2012-10-27 08:04:47.218000+00:00,0,1351325087
1610329121,2186245955,2012-10-27 08:04:47.218000+00:00,0,1351325087
1610329121,1065552764,2012-10-27 08:04:51.273000+00:00,1,1351325091
4106927042,3154564127,2012-10-27 08:08:17.740000+00:00,0,1351325297
4106927042,3588547708,2012-10-27 08:08:17.740000+00:00,1,1351325297
4106927042,1876364254,2012-10-27 08:08:17.740000+00:00,0,1351325297
4106927042,750863544,2012-10-27 08:08:17.740000+00:00,0,1351325297
4106927042,44093924,2012-10-27 08:08:17.740000+00:00,0,1351325297
4106927042,1327611267,2012-10-27 08:08:17.740000+00:00,0,1351325297
2257286686,97217712,2012-10-27 08:11:22.284000+00:00,0,1351325482
2257286686,2389263741,2012-10-27 08:11:22.284000+00:00,0,1351325482
2257286686,2554361988,2012-10-27 08:11:22.284000+00:00,0,1351325482
2257286686,907302600,2012-10-27 08:11:22.284000+00:00,1,1351325482
2257286686,1692359541,2012-10-27 08:11:22.284000+00:00,0,1351325482
2257286686,3770119781,2012-10-27 08:11:22.284000+00:00,0,1351325482
2257286686,633659090,2012-10-27 08:11:26.352000+00:00,1,1351325486
2257286686,2643833505,2012-10-27 08:11:37.935000+00:00,1,1351325497
2257286686,2130616732,2012-10-27 08:11:42.973000+00:00,1,1351325502
2265864872,642644408,2012-10-27 08:23:56.573000+00:00,0,1351326236
2265864872,1692359541,2012-10-27 08:23:56.573000+00:00,0,1351326236
2265864872,1332759137,2012-10-27 08:23:56.573000+00:00,0,1351326236
2265864872,2643833505,2012-10-27 08:23:56.573000+00:00,1,1351326236
2265864872,2130616732,2012-10-27 08:23:56.573000+00:00,0,1351326236
2265864872,907302600,2012-10-27 08:23:56.573000+00:00,0,1351326236
2265864872,633659090,2012-10-27 08:24:01.727000+00:00,1,1351326241
122826603,353933726,2012-10-27 08:53:55.694000+00:00,0,1351328035
122826603,210121672,2012-10-27 08:53:55.694000+00:00,1,1351328035
122826603,2719491342,2012-10-27 08:53:55.694000+00:00,0,1351328035
122826603,407061424,2012-10-27 08:53:55.694000+00:00,0,1351328035
122826603,2806565970,2012-10-27 08:53:55.694000+00:00,0,1351328035
122826603,3374363087,2012-10-27 08:53:55.694000+00:00,0,1351328035
122826603,2357122965,2012-10-27 08:53:59.736000+00:00,1,1351328039
1707093494,559618821,2012-10-27 09:03:53.237000+00:00,0,1351328633
1707093494,1448086840,2012-10-27 09:03:53.237000+00:00,0,1351328633
1707093494,2806565970,2012-10-27 09:03:53.237000+00:00,0,1351328633
1707093494,1488068589,2012-10-27 09:03:53.237000+00:00,0,1351328633
1707093494,217634693,2012-10-27 09:03:53.237000+00:00,1,1351328633
1707093494,2120779072,2012-10-27 09:03:53.237000+00:00,0,1351328633
1707093494,2415873572,2012-10-27 09:04:46.003000+00:00,1,1351328686
67249956,4125420656,2012-10-27 09:23:12.675000+00:00,1,1351329792
67249956,4203627753,2012-10-27 09:23:12.675000+00:00,0,1351329792
67249956,2428145712,2012-10-27 09:23:12.675000+00:00,0,1351329792
67249956,881346279,2012-10-27 09:23:12.675000+00:00,0,1351329792
67249956,1501679119,2012-10-27 09:23:12.675000+00:00,0,1351329792
67249956,675888033,2012-10-27 09:23:12.675000+00:00,0,1351329792
1717882536,2643833505,2012-10-27 09:43:13.564000+00:00,1,1351330993
1717882536,2130616732,2012-10-27 09:43:13.564000+00:00,0,1351330993
1717882536,1212947698,2012-10-27 09:43:13.564000+00:00,0,1351330993
1717882536,2415873572,2012-10-27 09:43:13.564000+00:00,0,1351330993
1717882536,2237079226,2012-10-27 09:43:13.564000+00:00,0,1351330993
1717882536,1132785258,2012-10-27 09:43:13.564000+00:00,0,1351330993
2223714757,675888033,2012-10-27 09:53:02.656000+00:00,0,1351331582
2223714757,3315040094,2012-10-27 09:53:02.656000+00:00,1,1351331582
2223714757,899234866,2012-10-27 09:53:02.656000+00:00,0,1351331582
2223714757,4203627753,2012-10-27 09:53:02.656000+00:00,0,1351331582
2223714757,2428145712,2012-10-27 09:53:02.656000+00:00,0,1351331582
2223714757,4125420656,2012-10-27 09:53:02.656000+00:00,0,1351331582
3336438888,2803195749,2012-10-27 10:24:45.062000+00:00,0,1351333485
3336438888,4005826846,2012-10-27 10:24:45.062000+00:00,1,1351333485
3336438888,1046883986,2012-10-27 10:24:45.062000+00:00,0,1351333485
3336438888,2225312639,2012-10-27 10:24:45.062000+00:00,0,1351333485
3336438888,3898592643,2012-10-27 10:24:45.062000+00:00,0,1351333485
3336438888,2533309120,2012-10-27 10:24:45.062000+00:00,0,1351333485
3336438888,1009537353,2012-10-27 10:25:35.265000+00:00,1,1351333535
3336438888,2201282509,2012-10-27 10:25:44.964000+00:00,1,1351333544
310296684,3266414126,2012-10-27 10:38:32.859000+00:00,0,1351334312
310296684,2285108120,2012-10-27 10:38:32.859000+00:00,0,1351334312
310296684,1973916091,2012-10-27 10:38:32.859000+00:00,0,1351334312
310296684,546889678,2012-10-27 10:38:32.859000+00:00,0,1351334312
310296684,154173769,2012-10-27 10:38:32.859000+00:00,1,1351334312
310296684,616825218,2012-10-27 10:38:32.859000+00:00,0,1351334312
310296684,1841503354,2012-10-27 10:38:35.429000+00:00,1,1351334315
310296684,635799819,2012-10-27 10:38:51.319000+00:00,1,1351334331
1628172447,3581275802,2012-10-27 11:11:55.430000+00:00,1,1351336315
1628172447,3571023061,2012-10-27 11:11:55.430000+00:00,0,1351336315
1628172447,3950353223,2012-10-27 11:11:55.430000+00:00,0,1351336315
1628172447,239276659,2012-10-27 11:11:55.430000+00:00,0,1351336315
1628172447,741936389,2012-10-27 11:11:55.430000+00:00,0,1351336315
1628172447,2415873572,2012-10-27 11:11:55.430000+00:00,0,1351336315
429489211,3868972599,2012-10-27 11:36:35.536000+00:00,0,1351337795
429489211,633659090,2012-10-27 11:36:35.536000+00:00,1,1351337795
429489211,1332759137,2012-10-27 11:36:35.536000+00:00,0,1351337795
429489211,1569036874,2012-10-27 11:36:35.536000+00:00,0,1351337795
429489211,3258357208,2012-10-27 11:36:35.536000+00:00,0,1351337795
429489211,2389263741,2012-10-27 11:36:35.536000+00:00,0,1351337795
429489211,907302600,2012-10-27 11:36:43.685000+00:00,1,1351337803
3787931088,559618821,2012-10-27 12:00:51.601000+00:00,0,1351339251
3787931088,821546192,2012-10-27 12:00:51.601000+00:00,0,1351339251
3787931088,1488068589,2012-10-27 12:00:51.601000+00:00,0,1351339251
3787931088,2073339412,2012-10-27 12:00:51.601000+00:00,0,1351339251
3787931088,228340462,2012-10-27 12:00:51.601000+00:00,1,1351339251
3787931088,3395117104,2012-10-27 12:00:51.601000+00:00,0,1351339251
2928822295,3251813967,2012-10-27 12:28:03.105000+00:00,0,1351340883
2928822295,1501679119,2012-10-27 12:28:03.105000+00:00,0,1351340883
2928822295,110357109,2012-10-27 12:28:03.105000+00:00,0,1351340883
2928822295,4125420656,2012-10-27 12:28:03.105000+00:00,1,1351340883
2928822295,2428145712,2012-10-27 12:28:03.105000+00:00,0,1351340883
2928822295,4203627753,2012-10-27 12:28:04.017000+00:00,1,1351340884
2928822295,2168553474,2012-10-27 12:28:26.919000+00:00,1,1351340906
2928822295,383607907,2012-10-27 12:29:43.795000+00:00,1,1351340983
1130900979,261646692,2012-10-27 12:34:13.812000+00:00,0,1351341253
1130900979,4159897186,2012-10-27 12:34:13.812000+00:00,1,1351341253
1130900979,730958187,2012-10-27 12:34:13.812000+00:00,0,1351341253
1130900979,2643833505,2012-10-27 12:34:13.812000+00:00,0,1351341253
1130900979,907302600,2012-10-27 12:34:13.812000+00:00,0,1351341253
1130900979,633659090,2012-10-27 12:34:13.812000+00:00,0,1351341253
2902208687,834360181,2012-10-27 12:38:43.889000+00:00,0,1351341523
2902208687,3982727529,2012-10-27 12:38:43.889000+00:00,1,1351341523
2902208687,429317732,2012-10-27 12:38:43.889000+00:00,0,1351341523
2902208687,953356488,2012-10-27 12:38:43.889000+00:00,0,1351341523
2902208687,3327259603,2012-10-27 12:38:43.889000+00:00,0,1351341523
2902208687,1995213253,2012-10-27 12:38:43.889000+00:00,0,1351341523
2902208687,2085386112,2012-10-27 12:38:56.241000+00:00,1,1351341536
2902208687,2760644804,2012-10-27 12:39:02.256000+00:00,1,1351341542
2902208687,2153037761,2012-10-27 12:39:13.344000+00:00,1,1351341553
82610705,588161010,2012-10-27 12:43:14.483000+00:00,0,1351341794
82610705,1449533867,2012-10-27 12:43:14.483000+00:00,0,1351341794
82610705,2806565970,2012-10-27 12:43:14.483000+00:00,0,1351341794
82610705,2940654356,2012-10-27 12:43:14.483000+00:00,1,1351341794
82610705,2120779072,2012-10-27 12:43:14.483000+00:00,0,1351341794
82610705,559618821,2012-10-27 12:43:14.483000+00:00,0,1351341794
82610705,2913407142,2012-10-27 12:43:30.392000+00:00,1,1351341810
3841001673,2415873572,2012-10-27 12:49:46.146000+00:00,0,1351342186
3841001673,3499523914,2012-10-27 12:49:46.146000+00:00,0,1351342186
3841001673,2379850649,2012-10-27 12:49:46.146000+00:00,0,1351342186
3841001673,3949611603,2012-10-27 12:49:46.146000+00:00,1,1351342186
3841001673,724214959,2012-10-27 12:49:46.146000+00:00,0,1351342186
3841001673,2719491342,2012-10-27 12:49:46.146000+00:00,0,1351342186
3153655575,1332759137,2012-10-27 12:51:04.599000+00:00,0,1351342264
3153655575,3868972599,2012-10-27 12:51:04.599000+00:00,0,1351342264
3153655575,1114350408,2012-10-27 12:51:04.599000+00:00,0,1351342264
3153655575,907302600,2012-10-27 12:51:04.599000+00:00,1,1351342264
3153655575,642644408,2012-10-27 12:51:04.599000+00:00,0,1351342264
3153655575,3643004825,2012-10-27 12:51:04.599000+00:00,0,1351342264
2772609387,3327257991,2012-10-27 12:51:05.131000+00:00,0,1351342265
2772609387,2225312639,2012-10-27 12:51:05.131000+00:00,0,1351342265
2772609387,2389263741,2012-10-27 12:51:05.131000+00:00,1,1351342265
2772609387,2047026922,2012-10-27 12:51:05.131000+00:00,0,1351342265
2772609387,2643833505,2012-10-27 12:51:05.131000+00:00,0,1351342265
2772609387,1133385189,2012-10-27 12:51:05.131000+00:00,0,1351342265
3153655575,633659090,2012-10-27 12:51:06.182000+00:00,1,1351342266
947750317,1128274822,2012-10-27 13:08:04.435000+00:00,0,1351343284
947750317,2153037761,2012-10-27 13:08:04.435000+00:00,1,1351343284
947750317,13620896,2012-10-27 13:08:04.435000+00:00,0,1351343284
947750317,3327259603,2012-10-27 13:08:04.435000+00:00,0,1351343284
947750317,834360181,2012-10-27 13:08:04.435000+00:00,0,1351343284
947750317,2325660330,2012-10-27 13:08:04.435000+00:00,0,1351343284
610133863,1389000601,2012-10-27 13:18:55.162000+00:00,0,1351343935
610133863,3982727529,2012-10-27 13:18:55.162000+00:00,1,1351343935
610133863,3279292658,2012-10-27 13:18:55.162000+00:00,0,1351343935
610133863,1603139322,2012-10-27 13:18:55.162000+00:00,0,1351343935
610133863,984064210,2012-10-27 13:18:55.162000+00:00,0,1351343935
610133863,1106814241,2012-10-27 13:18:55.162000+00:00,0,1351343935
610133863,2153037761,2012-10-27 13:19:01.698000+00:00,1,1351343941
610133863,2793371951,2012-10-27 13:19:11.978000+00:00,1,1351343951
610133863,3713495962,2012-10-27 13:19:14.936000+00:00,1,1351343954
1130967213,1128274822,2012-10-27 13:31:37.729000+00:00,0,1351344697
1130967213,141144704,2012-10-27 13:31:37.729000+00:00,0,1351344697
1130967213,3022634670,2012-10-27 13:31:37.729000+00:00,0,1351344697
1130967213,13620896,2012-10-27 13:31:37.729000+00:00,0,1351344697
1130967213,2824024899,2012-10-27 13:31:37.729000+00:00,0,1351344697
1130967213,2153037761,2012-10-27 13:31:37.729000+00:00,1,1351344697
1890732196,3451289141,2012-10-27 13:32:16.609000+00:00,0,1351344736
1890732196,1112861675,2012-10-27 13:32:16.609000+00:00,0,1351344736
1890732196,1096700405,2012-10-27 13:32:16.609000+00:00,0,1351344736
1890732196,2824024899,2012-10-27 13:32:16.609000+00:00,0,1351344736
1890732196,2153037761,2012-10-27 13:32:16.609000+00:00,1,1351344736
1890732196,1701670121,2012-10-27 13:32:16.609000+00:00,0,1351344736
3084096535,3079146363,2012-10-27 13:49:59.935000+00:00,0,1351345799
3084096535,3773489407,2012-10-27 13:49:59.935000+00:00,0,1351345799
3084096535,498238691,2012-10-27 13:49:59.935000+00:00,0,1351345799
3084096535,3022634670,2012-10-27 13:49:59.935000+00:00,0,1351345799
3084096535,290357106,2012-10-27 13:49:59.935000+00:00,1,1351345799
3084096535,1194159142,2012-10-27 13:49:59.935000+00:00,0,1351345799
4180930546,3323980704,2012-10-27 13:50:31.523000+00:00,0,1351345831
4180930546,1922719636,2012-10-27 13:50:31.523000+00:00,0,1351345831
4180930546,299139894,2012-10-27 13:50:31.523000+00:00,1,1351345831
4180930546,2409076523,2012-10-27 13:50:31.523000+00:00,0,1351345831
1339643555,633659090,2012-10-27 13:51:03.939000+00:00,0,1351345863
1339643555,907302600,2012-10-27 13:51:03.939000+00:00,0,1351345863
1339643555,3284103018,2012-10-27 13:51:03.939000+00:00,0,1351345863
1339643555,2130616732,2012-10-27 13:51:03.939000+00:00,0,1351345863
1339643555,730958187,2012-10-27 13:51:03.939000+00:00,0,1351345863
1339643555,2325542576,2012-10-27 13:51:03.939000+00:00,1,1351345863
2780094512,3342889803,2012-10-27 13:54:31.709000+00:00,0,1351346071
2780094512,3581275802,2012-10-27 13:54:31.709000+00:00,0,1351346071
2780094512,1133385189,2012-10-27 13:54:31.709000+00:00,1,1351346071
2780094512,730958187,2012-10-27 13:54:31.709000+00:00,0,1351346071
2780094512,2611704106,2012-10-27 13:54:34.731000+00:00,1,1351346074
2780094512,2474879380,2012-10-27 13:54:40.331000+00:00,1,1351346080
2780094512,1332759137,2012-10-27 13:54:41.350000+00:00,1,1351346081
78065188,2415873572,2012-10-27 13:55:17.231000+00:00,0,1351346117
78065188,498404626,2012-10-27 13:55:17.231000+00:00,0,1351346117
78065188,311593241,2012-10-27 13:55:17.231000+00:00,0,1351346117
78065188,2913407142,2012-10-27 13:55:17.231000+00:00,1,1351346117
78065188,3224555758,2012-10-27 13:55:17.231000+00:00,0,1351346117
78065188,2304240389,2012-10-27 13:55:17.231000+00:00,0,1351346117
78065188,2806565970,2012-10-27 13:55:34.921000+00:00,1,1351346134
1965944390,966971643,2012-10-27 14:21:02.110000+00:00,0,1351347662
1965944390,1501679119,2012-10-27 14:21:02.110000+00:00,0,1351347662
1965944390,4125420656,2012-10-27 14:21:02.110000+00:00,0,1351347662
1965944390,1418550524,2012-10-27 14:21:02.110000+00:00,1,1351347662
1965944390,2428145712,2012-10-27 14:21:02.110000+00:00,0,1351347662
1965944390,1812117472,2012-10-27 14:21:02.110000+00:00,0,1351347662
3890676452,290357106,2012-10-27 14:29:53.267000+00:00,1,1351348193
3890676452,2235916835,2012-10-27 14:29:53.267000+00:00,0,1351348193
3890676452,1888241344,2012-10-27 14:29:53.267000+00:00,0,1351348193
3890676452,3113660150,2012-10-27 14:29:53.267000+00:00,0,1351348193
3890676452,266991255,2012-10-27 14:29:53.267000+00:00,0,1351348193
2862718608,167692813,2012-10-27 15:05:39.718000+00:00,0,1351350339
2862718608,1081122807,2012-10-27 15:05:39.718000+00:00,0,1351350339
2862718608,25800108,2012-10-27 15:05:39.718000+00:00,1,1351350339
2862718608,367125363,2012-10-27 15:05:39.718000+00:00,0,1351350339
2862718608,2118726451,2012-10-27 15:05:39.718000+00:00,0,1351350339
2862718608,3493348543,2012-10-27 15:05:39.718000+00:00,0,1351350339
3251568850,2803195749,2012-10-27 15:18:21.177000+00:00,0,1351351101
3251568850,635799819,2012-10-27 15:18:21.177000+00:00,0,1351351101
3251568850,920954386,2012-10-27 15:18:21.177000+00:00,0,1351351101
3251568850,1133385189,2012-10-27 15:18:21.177000+00:00,0,1351351101
3251568850,2030801280,2012-10-27 15:18:21.177000+00:00,0,1351351101
3251568850,3282344594,2012-10-27 15:18:21.177000+00:00,1,1351351101
1221420614,1426337764,2012-10-27 15:50:39.706000+00:00,0,1351353039
1221420614,2746202243,2012-10-27 15:50:39.706000+00:00,0,1351353039
1221420614,3022634670,2012-10-27 15:50:39.706000+00:00,0,1351353039
1221420614,2880970123,2012-10-27 15:50:39.706000+00:00,0,1351353039
1221420614,899213418,2012-10-27 15:50:39.706000+00:00,1,1351353039
1221420614,13620896,2012-10-27 15:50:39.706000+00:00,0,1351353039
1221420614,2053952798,2012-10-27 15:55:23.186000+00:00,1,1351353323
1221420614,1520335024,2012-10-27 15:55:27.242000+00:00,1,1351353327
1221420614,2278755941,2012-10-27 15:55:46.601000+00:00,1,1351353346
3258220935,1165693561,2012-10-27 16:05:29.126000+00:00,0,1351353929
3258220935,498238691,2012-10-27 16:05:29.126000+00:00,0,1351353929
3258220935,2153037761,2012-10-27 16:05:29.126000+00:00,1,1351353929
3258220935,1711893150,2012-10-27 16:05:29.126000+00:00,0,1351353929
3258220935,834360181,2012-10-27 16:05:29.126000+00:00,0,1351353929
3258220935,3022634670,2012-10-27 16:05:29.126000+00:00,0,1351353929
3258220935,3221950950,2012-10-27 16:06:27.862000+00:00,1,1351353987
2063714458,2047026922,2012-10-27 16:11:18.036000+00:00,0,1351354278
2063714458,739733335,2012-10-27 16:11:18.036000+00:00,1,1351354278
2063714458,353933726,2012-10-27 16:11:18.036000+00:00,0,1351354278
2063714458,3042677921,2012-10-27 16:11:18.036000+00:00,0,1351354278
2063714458,2120906033,2012-10-27 16:11:18.036000+00:00,0,1351354278
2063714458,1600570366,2012-10-27 16:11:18.036000+00:00,0,1351354278
1023714879,2475317774,2012-10-27 16:14:51.011000+00:00,0,1351354491
1023714879,2803195749,2012-10-27 16:14:51.011000+00:00,0,1351354491
1023714879,3302719635,2012-10-27 16:14:51.011000+00:00,1,1351354491
1023714879,1488068589,2012-10-27 16:14:51.011000+00:00,0,1351354491
1023714879,3692401116,2012-10-27 16:14:51.011000+00:00,0,1351354491
1023714879,4140154751,2012-10-27 16:14:51.011000+00:00,0,1351354491
135706634,4203627753,2012-10-27 16:57:07.462000+00:00,0,1351357027
135706634,4125420656,2012-10-27 16:57:07.462000+00:00,1,1351357027
135706634,1501679119,2012-10-27 16:57:07.462000+00:00,0,1351357027
135706634,899234866,2012-10-27 16:57:07.462000+00:00,0,1351357027
135706634,1395574268,2012-10-27 16:57:41.276000+00:00,1,1351357061
135706634,966971643,2012-10-27 16:58:05.484000+00:00,1,1351357085
3157328676,3509478911,2012-10-27 17:11:27.301000+00:00,0,1351357887
3157328676,1224170949,2012-10-27 17:11:27.301000+00:00,0,1351357887
3157328676,757019021,2012-10-27 17:11:27.301000+00:00,0,1351357887
3157328676,553840202,2012-10-27 17:11:27.301000+00:00,0,1351357887
3157328676,739733335,2012-10-27 17:11:27.301000+00:00,1,1351357887
3157328676,1628013431,2012-10-27 17:11:27.301000+00:00,0,1351357887
3157328676,703370904,2012-10-27 17:11:36.449000+00:00,1,1351357896
1484078818,3581275802,2012-10-27 17:20:43.584000+00:00,0,1351358443
1484078818,2806565970,2012-10-27 17:20:43.584000+00:00,0,1351358443
1484078818,3653935661,2012-10-27 17:20:43.584000+00:00,0,1351358443
1484078818,146533907,2012-10-27 17:20:43.584000+00:00,1,1351358443
1484078818,1488068589,2012-10-27 17:20:43.584000+00:00,0,1351358443
1484078818,2131811948,2012-10-27 17:20:43.584000+00:00,0,1351358443
680402144,199908595,2012-10-27 17:38:21.403000+00:00,0,1351359501
680402144,2935869426,2012-10-27 17:38:21.403000+00:00,1,1351359501
680402144,1368851974,2012-10-27 17:38:21.403000+00:00,0,1351359501
680402144,3439842241,2012-10-27 17:38:21.403000+00:00,0,1351359501
680402144,3768450121,2012-10-27 17:38:21.403000+00:00,0,1351359501
680402144,3877409694,2012-10-27 17:38:21.403000+00:00,0,1351359501
2265899995,2323267944,2012-10-27 18:00:06.271000+00:00,0,1351360806
2265899995,2428145712,2012-10-27 18:00:06.271000+00:00,0,1351360806
2265899995,739161736,2012-10-27 18:00:06.271000+00:00,0,1351360806
2265899995,3219417278,2012-10-27 18:00:06.271000+00:00,0,1351360806
2265899995,4125420656,2012-10-27 18:00:06.271000+00:00,1,1351360806
2265899995,1501679119,2012-10-27 18:00:06.271000+00:00,0,1351360806
2265899995,4203627753,2012-10-27 18:00:24.476000+00:00,1,1351360824
4136285322,4125420656,2012-10-27 19:31:25.886000+00:00,1,1351366285
4136285322,2428145712,2012-10-27 19:31:25.886000+00:00,0,1351366285
4136285322,675888033,2012-10-27 19:31:25.886000+00:00,0,1351366285
4136285322,899234866,2012-10-27 19:31:25.886000+00:00,0,1351366285
4136285322,3315040094,2012-10-27 19:31:25.886000+00:00,0,1351366285
4136285322,4203627753,2012-10-27 19:31:25.886000+00:00,0,1351366285
1703562892,834360181,2012-10-27 19:32:38.980000+00:00,0,1351366358
1703562892,3797841998,2012-10-27 19:32:38.980000+00:00,0,1351366358
1703562892,3022634670,2012-10-27 19:32:38.980000+00:00,0,1351366358
1703562892,78018780,2012-10-27 19:32:38.980000+00:00,1,1351366358
1703562892,13620896,2012-10-27 19:32:38.980000+00:00,0,1351366358
1703562892,2424001534,2012-10-27 19:32:38.980000+00:00,0,1351366358
1703562892,2615365977,2012-10-27 19:33:09.684000+00:00,1,1351366389
2444212053,3327259603,2012-10-27 20:21:13.821000+00:00,0,1351369273
2444212053,13620896,2012-10-27 20:21:13.821000+00:00,0,1351369273
2444212053,3713495962,2012-10-27 20:21:13.821000+00:00,1,1351369273
2444212053,1425337853,2012-10-27 20:21:13.821000+00:00,0,1351369273
2444212053,236108826,2012-10-27 20:21:13.821000+00:00,0,1351369273
2444212053,256505275,2012-10-27 20:21:13.821000+00:00,0,1351369273
4129856023,1243182652,2012-10-27 21:04:35.392000+00:00,0,1351371875
4129856023,3781269679,2012-10-27 21:04:35.392000+00:00,0,1351371875
4129856023,139221822,2012-10-27 21:04:35.392000+00:00,0,1351371875
4129856023,3677230481,2012-10-27 21:04:35.392000+00:00,1,1351371875
4129856023,1028330395,2012-10-27 21:04:35.392000+00:00,0,1351371875
4129856023,2772019284,2012-10-27 21:04:35.392000+00:00,0,1351371875
2356937947,3158757965,2012-10-27 21:45:54.244000+00:00,1,1351374354
2356937947,130493588,2012-10-27 21:45:54.244000+00:00,0,1351374354
2356937947,498238691,2012-10-27 21:45:54.244000+00:00,0,1351374354
2356937947,13620896,2012-10-27 21:45:54.244000+00:00,0,1351374354
2356937947,3022634670,2012-10-27 21:45:54.244000+00:00,0,1351374354
2356937947,3327259603,2012-10-27 21:45:54.244000+00:00,0,1351374354
1826584692,3186605940,2012-10-27 22:19:07.543000+00:00,0,1351376347
1826584692,2415873572,2012-10-27 22:19:07.543000+00:00,1,1351376347
1826584692,3681999765,2012-10-27 22:19:07.543000+00:00,0,1351376347
1826584692,4181743367,2012-10-27 22:19:07.543000+00:00,0,1351376347
1826584692,3581275802,2012-10-27 22:19:07.543000+00:00,0,1351376347
1826584692,1332759137,2012-10-27 22:19:07.543000+00:00,0,1351376347
2789880308,2353627787,2012-10-27 22:40:19.690000+00:00,1,1351377619
2789880308,3643004825,2012-10-27 22:40:19.690000+00:00,0,1351377619
2789880308,1884123926,2012-10-27 22:40:19.690000+00:00,0,1351377619
2789880308,741936389,2012-10-27 22:40:19.690000+00:00,0,1351377619
2789880308,1972854120,2012-10-27 22:40:19.690000+00:00,0,1351377619
2789880308,3502847831,2012-10-27 22:40:19.690000+00:00,0,1351377619
985245482,2639741116,2012-10-27 22:43:39.480000+00:00,0,1351377819
985245482,353933726,2012-10-27 22:43:39.480000+00:00,1,1351377819
985245482,3814766855,2012-10-27 22:43:39.480000+00:00,0,1351377819
985245482,1133385189,2012-10-27 22:43:39.480000+00:00,0,1351377819
985245482,3581275802,2012-10-27 22:43:39.480000+00:00,0,1351377819
2329755329,547383999,2012-10-27 22:50:02.176000+00:00,0,1351378202
2329755329,3434717258,2012-10-27 22:50:02.176000+00:00,0,1351378202
2329755329,2130616732,2012-10-27 22:50:02.176000+00:00,1,1351378202
2329755329,3982608480,2012-10-27 22:50:02.176000+00:00,0,1351378202
2329755329,2341354339,2012-10-27 22:50:02.176000+00:00,0,1351378202
2329755329,633659090,2012-10-27 22:50:02.176000+00:00,0,1351378202
1342752171,2047026922,2012-10-27 23:05:45.019000+00:00,0,1351379145
1342752171,328772197,2012-10-27 23:05:45.019000+00:00,0,1351379145
1342752171,2869725524,2012-10-27 23:05:45.019000+00:00,1,1351379145
1342752171,2389231921,2012-10-27 23:05:45.019000+00:00,0,1351379145
1342752171,1741634425,2012-10-27 23:05:45.019000+00:00,0,1351379145
1342752171,710596201,2012-10-27 23:05:45.019000+00:00,0,1351379145
3231004341,1476388256,2012-10-27 23:20:52.140000+00:00,0,1351380052
3231004341,2130616732,2012-10-27 23:20:52.140000+00:00,1,1351380052
3231004341,1081122807,2012-10-27 23:20:52.140000+00:00,0,1351380052
3231004341,341911370,2012-10-27 23:20:52.140000+00:00,0,1351380052
3231004341,821546192,2012-10-27 23:20:52.140000+00:00,0,1351380052
3231004341,278651783,2012-10-27 23:20:52.140000+00:00,0,1351380052
3231004341,633659090,2012-10-27 23:20:53.636000+00:00,1,1351380053
1931818423,2053952798,2012-10-27 23:33:15.746000+00:00,0,1351380795
1931818423,4195321225,2012-10-27 23:33:15.746000+00:00,0,1351380795
1931818423,440098296,2012-10-27 23:33:15.746000+00:00,0,1351380795
1931818423,3874488615,2012-10-27 23:33:15.746000+00:00,0,1351380795
1931818423,625381270,2012-10-27 23:33:15.746000+00:00,0,1351380795
1931818423,3400311907,2012-10-27 23:33:15.746000+00:00,1,1351380795
2837984655,3335153331,2012-10-28 00:06:38.625000+00:00,0,1351382798
2837984655,3359203400,2012-10-28 00:06:38.625000+00:00,0,1351382798
2837984655,427268030,2012-10-28 00:06:38.625000+00:00,0,1351382798
2837984655,2732029489,2012-10-28 00:06:38.625000+00:00,1,1351382798
2837984655,2716492883,2012-10-28 00:06:38.625000+00:00,0,1351382798
2837984655,793677521,2012-10-28 00:06:38.625000+00:00,0,1351382798
2837984655,1236456605,2012-10-28 00:09:28.902000+00:00,1,1351382968
1339315323,1923809350,2012-10-28 00:15:18.067000+00:00,0,1351383318
1339315323,1281294006,2012-10-28 00:15:18.067000+00:00,0,1351383318
1339315323,4040181802,2012-10-28 00:15:18.067000+00:00,1,1351383318
1339315323,1099380892,2012-10-28 00:15:18.067000+00:00,0,1351383318
1339315323,832412932,2012-10-28 00:15:18.067000+00:00,0,1351383318
1339315323,2597005766,2012-10-28 00:15:18.067000+00:00,0,1351383318
689225317,1488068589,2012-10-28 00:26:08.369000+00:00,0,1351383968
689225317,1850381877,2012-10-28 00:26:08.369000+00:00,0,1351383968
689225317,559618821,2012-10-28 00:26:08.369000+00:00,1,1351383968
689225317,1787065236,2012-10-28 00:26:08.369000+00:00,0,1351383968
689225317,196335814,2012-10-28 00:26:08.369000+00:00,0,1351383968
689225317,3581275802,2012-10-28 00:26:08.369000+00:00,0,1351383968
687313787,1466704967,2012-10-28 01:04:26.940000+00:00,0,1351386266
687313787,1174920776,2012-10-28 01:04:26.940000+00:00,0,1351386266
687313787,3429508261,2012-10-28 01:04:26.940000+00:00,0,1351386266
687313787,1488068589,2012-10-28 01:04:26.940000+00:00,1,1351386266
687313787,1845982132,2012-10-28 01:04:26.940000+00:00,0,1351386266
687313787,2415873572,2012-10-28 01:04:56.099000+00:00,1,1351386296
687313787,1212947698,2012-10-28 01:05:58.465000+00:00,1,1351386358
1974832510,3429508261,2012-10-28 01:06:10.034000+00:00,0,1351386370
1974832510,633659090,2012-10-28 01:06:10.034000+00:00,0,1351386370
1974832510,2639741116,2012-10-28 01:06:10.034000+00:00,0,1351386370
1974832510,1212947698,2012-10-28 01:06:10.034000+00:00,0,1351386370
1974832510,3554433899,2012-10-28 01:06:10.034000+00:00,1,1351386370
1974832510,2130616732,2012-10-28 01:06:10.034000+00:00,0,1351386370
687313787,1255629030,2012-10-28 01:06:53.306000+00:00,1,1351386413
381155306,2173952737,2012-10-28 01:20:10.974000+00:00,0,1351387210
381155306,2379850649,2012-10-28 01:20:10.974000+00:00,0,1351387210
381155306,2415873572,2012-10-28 01:20:10.974000+00:00,0,1351387210
381155306,1488068589,2012-10-28 01:20:10.974000+00:00,1,1351387210
381155306,3480624055,2012-10-28 01:20:10.974000+00:00,0,1351387210
381155306,2911627667,2012-10-28 01:20:10.974000+00:00,0,1351387210
2062977016,3982608480,2012-10-28 01:35:54.998000+00:00,1,1351388154
2062977016,2246757543,2012-10-28 01:35:54.998000+00:00,0,1351388154
2062977016,547383999,2012-10-28 01:35:54.998000+00:00,0,1351388154
2062977016,2030801280,2012-10-28 01:35:54.998000+00:00,0,1351388154
2062977016,3856652715,2012-10-28 01:35:54.998000+00:00,0,1351388154
2062977016,345596616,2012-10-28 01:35:54.998000+00:00,0,1351388154
2062977016,2130616732,2012-10-28 01:35:56.012000+00:00,1,1351388156
2062977016,3434717258,2012-10-28 01:36:00.113000+00:00,1,1351388160
2062977016,633659090,2012-10-28 01:36:28.385000+00:00,1,1351388188
2243396544,1301302125,2012-10-28 01:50:25.286000+00:00,0,1351389025
2243396544,1281294006,2012-10-28 01:50:25.286000+00:00,0,1351389025
2243396544,1099380892,2012-10-28 01:50:25.286000+00:00,0,1351389025
2243396544,832412932,2012-10-28 01:50:25.286000+00:00,0,1351389025
2243396544,1822120468,2012-10-28 01:50:25.286000+00:00,1,1351389025
2243396544,2597005766,2012-10-28 01:50:25.286000+00:00,0,1351389025
3601181201,1359710437,2012-10-28 02:04:09.264000+00:00,0,1351389849
3601181201,143408758,2012-10-28 02:04:09.264000+00:00,0,1351389849
3601181201,1795371268,2012-10-28 02:04:09.264000+00:00,0,1351389849
3601181201,1133385189,2012-10-28 02:04:09.264000+00:00,1,1351389849
3601181201,2415873572,2012-10-28 02:04:09.264000+00:00,0,1351389849
3601181201,1068825763,2012-10-28 02:04:10.787000+00:00,1,1351389850
3601181201,353933726,2012-10-28 02:04:17.351000+00:00,1,1351389857
3601181201,843570927,2012-10-28 02:04:18.439000+00:00,1,1351389858
3601181201,732997628,2012-10-28 02:04:19.502000+00:00,1,1351389859
3601181201,1280177873,2012-10-28 02:04:25.592000+00:00,1,1351389865
1721715566,2604742516,2012-10-28 02:24:28.164000+00:00,0,1351391068
1721715566,2979995541,2012-10-28 02:24:28.164000+00:00,1,1351391068
1721715566,4106103231,2012-10-28 02:24:28.164000+00:00,0,1351391068
1721715566,1980308275,2012-10-28 02:24:28.164000+00:00,0,1351391068
1721715566,2506160720,2012-10-28 02:24:28.164000+00:00,0,1351391068
1721715566,3090997583,2012-10-28 02:24:28.164000+00:00,0,1351391068
533192042,1501679119,2012-10-28 02:35:32.578000+00:00,0,1351391732
533192042,899234866,2012-10-28 02:35:32.578000+00:00,0,1351391732
533192042,1597380017,2012-10-28 02:35:32.578000+00:00,0,1351391732
533192042,740269154,2012-10-28 02:35:32.578000+00:00,1,1351391732
533192042,2428145712,2012-10-28 02:35:32.578000+00:00,0,1351391732
533192042,4203627753,2012-10-28 02:35:32.578000+00:00,0,1351391732
1948333652,1868735086,2012-10-28 02:40:25.908000+00:00,0,1351392025
1948333652,846069276,2012-10-28 02:40:25.908000+00:00,0,1351392025
1948333652,3892508532,2012-10-28 02:40:25.908000+00:00,0,1351392025
1948333652,1455527953,2012-10-28 02:40:25.908000+00:00,0,1351392025
1948333652,635799819,2012-10-28 02:40:25.908000+00:00,1,1351392025
1948333652,534708903,2012-10-28 02:40:25.908000+00:00,0,1351392025
1948333652,1488068589,2012-10-28 02:43:49.938000+00:00,1,1351392229
569536605,3807386691,2012-10-28 02:53:36.384000+00:00,0,1351392816
569536605,3554433899,2012-10-28 02:53:36.384000+00:00,0,1351392816
569536605,4253986436,2012-10-28 02:53:36.384000+00:00,1,1351392816
569536605,3920286067,2012-10-28 02:53:36.384000+00:00,0,1351392816
569536605,353933726,2012-10-28 02:53:36.384000+00:00,0,1351392816
569536605,2325542576,2012-10-28 02:53:38.876000+00:00,1,1351392818
569536605,1639958590,2012-10-28 02:53:40.912000+00:00,1,1351392820
2403055502,1488068589,2012-10-28 02:56:19.173000+00:00,1,1351392979
2403055502,548222146,2012-10-28 02:56:19.173000+00:00,0,1351392979
2403055502,196335814,2012-10-28 02:56:19.173000+00:00,0,1351392979
2403055502,3581275802,2012-10-28 02:56:19.173000+00:00,0,1351392979
2403055502,711904904,2012-10-28 02:56:19.173000+00:00,0,1351392979
2403055502,2652552299,2012-10-28 02:56:19.173000+00:00,0,1351392979
569536605,1488068589,2012-10-28 02:56:46.808000+00:00,1,1351393006
2416491105,3345362169,2012-10-28 03:00:30.110000+00:00,0,1351393230
2416491105,1332759137,2012-10-28 03:00:30.110000+00:00,0,1351393230
2416491105,4156275328,2012-10-28 03:00:30.110000+00:00,0,1351393230
2416491105,3183605169,2012-10-28 03:00:30.110000+00:00,0,1351393230
2416491105,1786302939,2012-10-28 03:00:30.110000+00:00,0,1351393230
2416491105,2145977549,2012-10-28 03:00:30.110000+00:00,1,1351393230
392706219,1615563600,2012-10-28 03:31:16.702000+00:00,0,1351395076
392706219,2030801280,2012-10-28 03:31:16.702000+00:00,0,1351395076
392706219,254691415,2012-10-28 03:31:16.702000+00:00,0,1351395076
392706219,130281276,2012-10-28 03:31:16.702000+00:00,0,1351395076
392706219,1525503113,2012-10-28 03:31:16.702000+00:00,1,1351395076
392706219,2569748465,2012-10-28 03:31:16.702000+00:00,0,1351395076
392706219,821546192,2012-10-28 03:35:03.965000+00:00,0,1351395303
392706219,3601196821,2012-10-28 03:35:07.636000+00:00,0,1351395307
2963121670,2415873572,2012-10-28 03:35:57.627000+00:00,0,1351395357
2963121670,3581275802,2012-10-28 03:35:57.627000+00:00,0,1351395357
2963121670,553840202,2012-10-28 03:35:57.627000+00:00,0,1351395357
2963121670,2555344734,2012-10-28 03:35:57.627000+00:00,0,1351395357
2963121670,559618821,2012-10-28 03:35:57.627000+00:00,1,1351395357
2963121670,4198728308,2012-10-28 03:35:57.627000+00:00,0,1351395357
392706219,3581275802,2012-10-28 03:36:07.755000+00:00,1,1351395367
392706219,1517264651,2012-10-28 03:37:04.381000+00:00,1,1351395424
3833637800,1431441098,2012-10-28 03:38:36.421000+00:00,1,1351395516
3833637800,2639741116,2012-10-28 03:38:36.421000+00:00,0,1351395516
3833637800,3434302633,2012-10-28 03:38:36.421000+00:00,0,1351395516
3833637800,178831464,2012-10-28 03:38:36.421000+00:00,0,1351395516
3833637800,2029179615,2012-10-28 03:38:36.421000+00:00,0,1351395516
3833637800,2047026922,2012-10-28 03:38:36.421000+00:00,0,1351395516
16210231,663435595,2012-10-28 03:38:41.513000+00:00,0,1351395521
16210231,2415873572,2012-10-28 03:38:41.513000+00:00,0,1351395521
16210231,4197279783,2012-10-28 03:38:41.513000+00:00,1,1351395521
16210231,807439632,2012-10-28 03:38:41.513000+00:00,0,1351395521
16210231,3946619910,2012-10-28 03:38:41.513000+00:00,0,1351395521
16210231,821546192,2012-10-28 03:38:48.074000+00:00,1,1351395528
16210231,2325542576,2012-10-28 03:38:52.163000+00:00,1,1351395532
3833637800,3685139016,2012-10-28 03:39:06.485000+00:00,1,1351395546
3833637800,1332759137,2012-10-28 03:39:06.464000+00:00,1,1351395546
3833637800,1114350408,2012-10-28 03:39:32.972000+00:00,1,1351395572
3833637800,2589709809,2012-10-28 03:39:53.151000+00:00,0,1351395593
3833637800,2766462963,2012-10-28 03:40:03.241000+00:00,0,1351395603
3833637800,1397608202,2012-10-28 03:40:03.255000+00:00,0,1351395603
3833637800,1741634425,2012-10-28 03:40:03.232000+00:00,1,1351395603
3833637800,2415873572,2012-10-28 03:40:53.316000+00:00,0,1351395653
3833637800,2130616732,2012-10-28 03:41:24.648000+00:00,0,1351395684
2680823346,450130761,2012-10-28 03:48:42.138000+00:00,0,1351396122
2680823346,140337530,2012-10-28 03:48:42.138000+00:00,0,1351396122
2680823346,1734795794,2012-10-28 03:48:42.138000+00:00,1,1351396122
2680823346,803416244,2012-10-28 03:48:42.138000+00:00,0,1351396122
2680823346,176471937,2012-10-28 03:48:42.138000+00:00,0,1351396122
2680823346,3187433814,2012-10-28 03:48:42.138000+00:00,0,1351396122
2680823346,101017987,2012-10-28 03:48:56.979000+00:00,1,1351396136
3548214416,228340462,2012-10-28 03:57:56.097000+00:00,0,1351396676
3548214416,2806565970,2012-10-28 03:57:56.097000+00:00,0,1351396676
3548214416,559618821,2012-10-28 03:57:56.097000+00:00,0,1351396676
3548214416,698908517,2012-10-28 03:57:56.097000+00:00,0,1351396676
3548214416,1488068589,2012-10-28 03:57:56.097000+00:00,0,1351396676
3548214416,635799819,2012-10-28 03:57:56.097000+00:00,1,1351396676
3548214416,2788558897,2012-10-28 03:58:44.570000+00:00,1,1351396724
818504714,326664129,2012-10-28 04:03:55.072000+00:00,1,1351397035
818504714,2923175068,2012-10-28 04:03:55.072000+00:00,0,1351397035
818504714,997439313,2012-10-28 04:03:55.072000+00:00,0,1351397035
818504714,353933726,2012-10-28 04:03:55.072000+00:00,0,1351397035
818504714,2806565970,2012-10-28 04:03:55.072000+00:00,0,1351397035
818504714,3681999765,2012-10-28 04:03:55.072000+00:00,0,1351397035
98054194,2806565970,2012-10-28 04:16:33.473000+00:00,0,1351397793
98054194,1494513322,2012-10-28 04:16:33.473000+00:00,0,1351397793
98054194,2325542576,2012-10-28 04:16:33.473000+00:00,0,1351397793
98054194,3681999765,2012-10-28 04:16:33.473000+00:00,0,1351397793
98054194,1488068589,2012-10-28 04:16:33.473000+00:00,1,1351397793
893322374,2859758205,2012-10-28 04:18:45.249000+00:00,0,1351397925
893322374,3050792814,2012-10-28 04:18:45.249000+00:00,0,1351397925
893322374,2293975486,2012-10-28 04:18:45.249000+00:00,0,1351397925
893322374,101017987,2012-10-28 04:18:45.249000+00:00,1,1351397925
893322374,3521418447,2012-10-28 04:18:45.249000+00:00,0,1351397925
893322374,1734795794,2012-10-28 04:18:45.249000+00:00,0,1351397925
893322374,176471937,2012-10-28 04:19:03.009000+00:00,1,1351397943
3258281955,1620441934,2012-10-28 04:40:28.813000+00:00,1,1351399228
3258281955,633659090,2012-10-28 04:40:28.813000+00:00,0,1351399228
3258281955,3594729381,2012-10-28 04:40:28.813000+00:00,0,1351399228
3258281955,3349548561,2012-10-28 04:40:28.813000+00:00,0,1351399228
3258281955,1133385189,2012-10-28 04:40:32.856000+00:00,1,1351399232
3258281955,2130616732,2012-10-28 04:40:59.203000+00:00,1,1351399259
3258281955,48810467,2012-10-28 04:41:04.281000+00:00,1,1351399264
3258281955,1212947698,2012-10-28 04:41:08.872000+00:00,1,1351399268
3258281955,3047285147,2012-10-28 04:41:19.488000+00:00,1,1351399279
3258281955,1488068589,2012-10-28 04:41:39.123000+00:00,1,1351399299
3258281955,4197279783,2012-10-28 04:41:44.202000+00:00,0,1351399304
3258281955,939291841,2012-10-28 04:41:44.235000+00:00,1,1351399304
3258281955,2415873572,2012-10-28 04:41:44.185000+00:00,0,1351399304
925172794,2828969498,2012-10-28 04:50:17.950000+00:00,1,1351399817
925172794,2719491342,2012-10-28 04:50:17.950000+00:00,0,1351399817
925172794,3374363087,2012-10-28 04:50:17.950000+00:00,0,1351399817
925172794,3327257991,2012-10-28 04:50:17.950000+00:00,0,1351399817
925172794,2806565970,2012-10-28 04:50:17.950000+00:00,0,1351399817
925172794,3863879024,2012-10-28 04:50:17.950000+00:00,0,1351399817
3732091250,2806565970,2012-10-28 04:59:48.746000+00:00,0,1351400388
3732091250,2923175068,2012-10-28 04:59:48.746000+00:00,0,1351400388
3732091250,3327257991,2012-10-28 04:59:48.746000+00:00,0,1351400388
3732091250,711904904,2012-10-28 04:59:48.746000+00:00,0,1351400388
3732091250,3863879024,2012-10-28 04:59:48.746000+00:00,1,1351400388
3732091250,3282344594,2012-10-28 04:59:48.746000+00:00,0,1351400388
3732091250,2719491342,2012-10-28 04:59:52.783000+00:00,1,1351400392
3732091250,2652552299,2012-10-28 04:59:58.827000+00:00,1,1351400398
614599699,110357109,2012-10-28 05:18:26.708000+00:00,0,1351401506
614599699,2428145712,2012-10-28 05:18:26.708000+00:00,0,1351401506
614599699,899234866,2012-10-28 05:18:26.708000+00:00,0,1351401506
614599699,4203627753,2012-10-28 05:18:26.708000+00:00,1,1351401506
614599699,383607907,2012-10-28 05:18:43.901000+00:00,1,1351401523
1214006960,2961044923,2012-10-28 05:19:49.174000+00:00,0,1351401589
1214006960,2240919052,2012-10-28 05:19:49.174000+00:00,0,1351401589
1214006960,2507674183,2012-10-28 05:19:49.174000+00:00,0,1351401589
1214006960,4273083332,2012-10-28 05:19:49.174000+00:00,1,1351401589
1214006960,3429711705,2012-10-28 05:19:49.174000+00:00,0,1351401589
1214006960,198212592,2012-10-28 05:19:49.174000+00:00,0,1351401589
3043291654,1332759137,2012-10-28 05:54:31.101000+00:00,0,1351403671
3043291654,2935869426,2012-10-28 05:54:31.101000+00:00,0,1351403671
3043291654,3982608480,2012-10-28 05:54:31.101000+00:00,0,1351403671
3043291654,821546192,2012-10-28 05:54:31.101000+00:00,1,1351403671
3043291654,1741634425,2012-10-28 05:54:31.101000+00:00,0,1351403671
3043291654,353933726,2012-10-28 05:54:31.101000+00:00,0,1351403671
43026617,1116367368,2012-10-28 06:02:19.350000+00:00,0,1351404139
43026617,823015621,2012-10-28 06:02:19.350000+00:00,0,1351404139
43026617,1597380017,2012-10-28 06:02:19.350000+00:00,0,1351404139
43026617,899234866,2012-10-28 06:02:19.350000+00:00,0,1351404139
43026617,1501679119,2012-10-28 06:02:19.350000+00:00,0,1351404139
43026617,4203627753,2012-10-28 06:02:19.350000+00:00,1,1351404139
2022308068,4267908091,2012-10-28 06:23:06.264000+00:00,0,1351405386
2022308068,2078674354,2012-10-28 06:23:06.264000+00:00,0,1351405386
2022308068,3581275802,2012-10-28 06:23:06.264000+00:00,0,1351405386
2022308068,1542105098,2012-10-28 06:23:06.264000+00:00,0,1351405386
2022308068,1488068589,2012-10-28 06:23:06.264000+00:00,1,1351405386
2022308068,1133385189,2012-10-28 06:23:06.264000+00:00,0,1351405386
616227847,1900273727,2012-10-28 06:24:39.103000+00:00,1,1351405479
616227847,144997822,2012-10-28 06:24:39.103000+00:00,0,1351405479
616227847,4140981574,2012-10-28 06:24:39.103000+00:00,0,1351405479
616227847,939291841,2012-10-28 06:24:39.103000+00:00,0,1351405479
616227847,3871984634,2012-10-28 06:24:39.103000+00:00,0,1351405479
616227847,1418616930,2012-10-28 06:24:39.103000+00:00,0,1351405479
616227847,2828969498,2012-10-28 06:24:55.378000+00:00,0,1351405495
2440671055,823015621,2012-10-28 06:34:29.515000+00:00,0,1351406069
2440671055,799782433,2012-10-28 06:34:29.515000+00:00,0,1351406069
2440671055,1501679119,2012-10-28 06:34:29.515000+00:00,1,1351406069
2440671055,4203627753,2012-10-28 06:34:29.515000+00:00,0,1351406069
2440671055,1597380017,2012-10-28 06:34:29.515000+00:00,0,1351406069
2440671055,14945235,2012-10-28 06:34:29.515000+00:00,0,1351406069
2440671055,899234866,2012-10-28 06:34:31.030000+00:00,1,1351406071
2440671055,2428145712,2012-10-28 06:34:32.061000+00:00,1,1351406072
490500468,353933726,2012-10-28 07:06:48.272000+00:00,1,1351408008
490500468,3276897540,2012-10-28 07:06:48.272000+00:00,0,1351408008
490500468,3863879024,2012-10-28 07:06:48.272000+00:00,0,1351408008
490500468,2611754657,2012-10-28 07:06:48.272000+00:00,0,1351408008
490500468,2766462963,2012-10-28 07:06:48.272000+00:00,0,1351408008
490500468,1781986615,2012-10-28 07:06:48.272000+00:00,0,1351408008
1063393664,821614261,2012-10-28 07:10:14.663000+00:00,0,1351408214
1063393664,360093292,2012-10-28 07:10:14.663000+00:00,0,1351408214
1063393664,2740039921,2012-10-28 07:10:14.663000+00:00,0,1351408214
1063393664,2145977549,2012-10-28 07:10:14.663000+00:00,0,1351408214
1063393664,1114350408,2012-10-28 07:10:14.663000+00:00,0,1351408214
1063393664,1332759137,2012-10-28 07:10:14.663000+00:00,1,1351408214
384932005,2633697384,2012-10-28 07:19:08.305000+00:00,0,1351408748
384932005,633659090,2012-10-28 07:19:08.305000+00:00,0,1351408748
384932005,2802832059,2012-10-28 07:19:08.305000+00:00,0,1351408748
384932005,2130616732,2012-10-28 07:19:08.305000+00:00,0,1351408748
384932005,3612493798,2012-10-28 07:19:08.305000+00:00,0,1351408748
384932005,821546192,2012-10-28 07:19:08.305000+00:00,1,1351408748
2400147519,3532539883,2012-10-28 07:29:13.751000+00:00,1,1351409353
2400147519,3349548561,2012-10-28 07:29:13.751000+00:00,0,1351409353
2400147519,2252745757,2012-10-28 07:29:13.751000+00:00,0,1351409353
2400147519,3581275802,2012-10-28 07:29:13.751000+00:00,0,1351409353
2400147519,3374363087,2012-10-28 07:29:13.751000+00:00,0,1351409353
2400147519,1741634425,2012-10-28 07:29:13.751000+00:00,0,1351409353
2400147519,1427376534,2012-10-28 07:29:17.785000+00:00,1,1351409357
2400147519,221604045,2012-10-28 07:29:19.303000+00:00,1,1351409359
2400147519,3667338776,2012-10-28 07:29:22.188000+00:00,1,1351409362
1462984861,2535809440,2012-10-28 07:43:13.160000+00:00,0,1351410193
1462984861,623252479,2012-10-28 07:43:13.160000+00:00,0,1351410193
1462984861,4286544397,2012-10-28 07:43:13.160000+00:00,1,1351410193
1462984861,1741634425,2012-10-28 07:43:13.160000+00:00,0,1351410193
1462984861,2325542576,2012-10-28 07:43:13.160000+00:00,0,1351410193
1462984861,1114350408,2012-10-28 07:43:13.160000+00:00,0,1351410193
1462984861,1068825763,2012-10-28 07:43:56.865000+00:00,1,1351410236
45139176,2806565970,2012-10-28 07:44:01.951000+00:00,0,1351410241
45139176,1488068589,2012-10-28 07:44:01.951000+00:00,1,1351410241
45139176,703370904,2012-10-28 07:44:01.951000+00:00,0,1351410241
45139176,3581275802,2012-10-28 07:44:01.951000+00:00,0,1351410241
45139176,353933726,2012-10-28 07:44:01.951000+00:00,0,1351410241
45139176,1133385189,2012-10-28 07:44:01.951000+00:00,0,1351410241
3108480638,846069276,2012-10-28 07:55:54.156000+00:00,0,1351410954
3108480638,207321472,2012-10-28 07:55:54.156000+00:00,0,1351410954
3108480638,1212947698,2012-10-28 07:55:54.156000+00:00,0,1351410954
3108480638,1086560243,2012-10-28 07:55:54.156000+00:00,0,1351410954
3108480638,633659090,2012-10-28 07:55:54.156000+00:00,1,1351410954
3108480638,3916867527,2012-10-28 07:55:54.156000+00:00,0,1351410954
3108480638,1686028847,2012-10-28 07:56:25.033000+00:00,1,1351410985
3108480638,608092517,2012-10-28 07:56:25.574000+00:00,1,1351410985
3108480638,3554433899,2012-10-28 07:56:25.052000+00:00,1,1351410985
3108480638,196335814,2012-10-28 07:56:35.630000+00:00,1,1351410995
3535608264,559618821,2012-10-28 08:00:23.798000+00:00,0,1351411223
3535608264,140337530,2012-10-28 08:00:23.798000+00:00,0,1351411223
3535608264,2829598154,2012-10-28 08:00:23.798000+00:00,0,1351411223
3535608264,228340462,2012-10-28 08:00:23.798000+00:00,1,1351411223
3535608264,2628680570,2012-10-28 08:00:23.798000+00:00,0,1351411223
3535608264,144997822,2012-10-28 08:00:23.798000+00:00,0,1351411223
3031242464,2635162962,2012-10-28 08:07:52.233000+00:00,0,1351411672
3031242464,2514842060,2012-10-28 08:08:11.041000+00:00,0,1351411691
3031242464,2682064547,2012-10-28 08:08:12.095000+00:00,0,1351411692
3031242464,2428145712,2012-10-28 08:08:15.817000+00:00,0,1351411695
3031242464,949519938,2012-10-28 08:08:17.278000+00:00,0,1351411697
3031242464,823015621,2012-10-28 08:08:17.278000+00:00,0,1351411697
3031242464,899234866,2012-10-28 08:08:17.278000+00:00,1,1351411697
3031242464,3258763656,2012-10-28 08:08:17.278000+00:00,0,1351411697
3031242464,4203627753,2012-10-28 08:08:22.978000+00:00,0,1351411702
1067164735,1203120960,2012-10-28 08:11:09.002000+00:00,0,1351411869
1067164735,1986487861,2012-10-28 08:12:18.629000+00:00,1,1351411938
1067164735,4111934872,2012-10-28 08:12:18.629000+00:00,0,1351411938
1067164735,3708910341,2012-10-28 08:12:18.629000+00:00,0,1351411938
1067164735,237764772,2012-10-28 08:12:18.629000+00:00,0,1351411938
1067164735,2934042058,2012-10-28 08:12:18.629000+00:00,0,1351411938
1067164735,3657419629,2012-10-28 08:12:18.629000+00:00,0,1351411938
1761058217,2803195749,2012-10-28 08:16:19.744000+00:00,0,1351412179
1761058217,1488068589,2012-10-28 08:16:19.744000+00:00,1,1351412179
1761058217,2262994085,2012-10-28 08:16:19.744000+00:00,0,1351412179
1761058217,2120779072,2012-10-28 08:16:19.744000+00:00,0,1351412179
1761058217,959243663,2012-10-28 08:16:19.744000+00:00,0,1351412179
242262473,3982608480,2012-10-28 08:29:21.735000+00:00,0,1351412961
242262473,2130616732,2012-10-28 08:29:21.735000+00:00,1,1351412961
242262473,633659090,2012-10-28 08:29:21.735000+00:00,0,1351412961
242262473,353933726,2012-10-28 08:29:21.735000+00:00,0,1351412961
242262473,3434717258,2012-10-28 08:29:21.735000+00:00,0,1351412961
242262473,2891981561,2012-10-28 08:29:21.735000+00:00,0,1351412961
3839562998,4140154751,2012-10-28 08:29:27.780000+00:00,0,1351412967
3839562998,3692401116,2012-10-28 08:29:27.780000+00:00,0,1351412967
3839562998,3302719635,2012-10-28 08:29:27.780000+00:00,0,1351412967
3839562998,559618821,2012-10-28 08:29:27.780000+00:00,0,1351412967
3839562998,1448086840,2012-10-28 08:29:27.780000+00:00,1,1351412967
3839562998,1914791953,2012-10-28 08:29:27.780000+00:00,0,1351412967
2544817539,547383999,2012-10-28 08:37:59.503000+00:00,0,1351413479
2544817539,3581275802,2012-10-28 08:37:59.503000+00:00,0,1351413479
2544817539,178831464,2012-10-28 08:37:59.503000+00:00,0,1351413479
2544817539,2130616732,2012-10-28 08:37:59.503000+00:00,1,1351413479
2544817539,3186605940,2012-10-28 08:37:59.503000+00:00,0,1351413479
2544817539,353933726,2012-10-28 08:37:59.503000+00:00,0,1351413479
2544817539,3982608480,2012-10-28 08:38:01.031000+00:00,1,1351413481
2544817539,633659090,2012-10-28 08:38:03.054000+00:00,1,1351413483
238446352,2806565970,2012-10-28 08:56:44.935000+00:00,0,1351414604
238446352,124311055,2012-10-28 08:56:44.935000+00:00,0,1351414604
238446352,3581275802,2012-10-28 08:56:44.935000+00:00,0,1351414604
238446352,2764233627,2012-10-28 08:56:44.935000+00:00,1,1351414604
238446352,2803195749,2012-10-28 08:56:44.935000+00:00,0,1351414604
238446352,1187117667,2012-10-28 08:56:44.935000+00:00,0,1351414604
2572315833,3480624055,2012-10-28 09:11:34.351000+00:00,0,1351415494
2572315833,2177332500,2012-10-28 09:11:34.351000+00:00,0,1351415494
2572315833,741936389,2012-10-28 09:11:34.351000+00:00,0,1351415494
2572315833,3499523914,2012-10-28 09:11:34.351000+00:00,1,1351415494
2572315833,724214959,2012-10-28 09:11:34.351000+00:00,0,1351415494
2572315833,732845339,2012-10-28 09:11:34.351000+00:00,0,1351415494
2572315833,3571023061,2012-10-28 09:11:36.407000+00:00,1,1351415496
2572315833,3885093750,2012-10-28 09:11:47.205000+00:00,1,1351415507
2572315833,3283480796,2012-10-28 09:12:28.237000+00:00,1,1351415548
2572315833,1332759137,2012-10-28 09:13:16.801000+00:00,1,1351415596
2330978075,2026724113,2012-10-28 09:13:46.385000+00:00,0,1351415626
1287353407,1218344255,2012-10-28 09:14:03.944000+00:00,0,1351415643
1287353407,1068825763,2012-10-28 09:14:03.944000+00:00,1,1351415643
1287353407,3480624055,2012-10-28 09:14:03.944000+00:00,0,1351415643
1287353407,809416577,2012-10-28 09:14:03.944000+00:00,0,1351415643
1287353407,2439891714,2012-10-28 09:14:03.944000+00:00,0,1351415643
1287353407,2394136284,2012-10-28 09:14:03.944000+00:00,0,1351415643
2330978075,3950286482,2012-10-28 09:14:05.970000+00:00,0,1351415645
2330978075,1900273727,2012-10-28 09:14:05.970000+00:00,0,1351415645
2330978075,2761765714,2012-10-28 09:14:05.970000+00:00,0,1351415645
2330978075,843570927,2012-10-28 09:14:05.970000+00:00,0,1351415645
2330978075,1488068589,2012-10-28 09:14:05.970000+00:00,1,1351415645
2330978075,2495904959,2012-10-28 09:14:05.970000+00:00,0,1351415645
1287353407,1972854120,2012-10-28 09:15:23.736000+00:00,1,1351415723
1287353407,1064770050,2012-10-28 09:15:55.940000+00:00,1,1351415755
1287353407,2727714216,2012-10-28 09:19:09.598000+00:00,1,1351415949
2987144847,2628680570,2012-10-28 09:27:25.732000+00:00,0,1351416445
2987144847,559618821,2012-10-28 09:27:25.732000+00:00,0,1351416445
2987144847,3681999765,2012-10-28 09:27:25.732000+00:00,0,1351416445
2987144847,2806565970,2012-10-28 09:27:25.732000+00:00,0,1351416445
2987144847,1488068589,2012-10-28 09:27:25.732000+00:00,1,1351416445
2987144847,1466704967,2012-10-28 09:27:25.732000+00:00,0,1351416445
1061545438,2455742965,2012-10-28 09:36:36.930000+00:00,0,1351416996
1061545438,4257575686,2012-10-28 09:36:36.930000+00:00,0,1351416996
1061545438,2543305223,2012-10-28 09:36:36.930000+00:00,0,1351416996
1061545438,4020625664,2012-10-28 09:36:36.930000+00:00,0,1351416996
1061545438,2013513606,2012-10-28 09:36:36.930000+00:00,1,1351416996
4276320842,3732079142,2012-10-28 09:40:52.828000+00:00,0,1351417252
4276320842,2321153776,2012-10-28 09:40:52.828000+00:00,1,1351417252
4276320842,3418830493,2012-10-28 09:40:52.828000+00:00,0,1351417252
4276320842,1096831542,2012-10-28 09:40:52.828000+00:00,0,1351417252
4276320842,2867570803,2012-10-28 09:40:52.828000+00:00,0,1351417252
4276320842,1095206162,2012-10-28 09:40:52.828000+00:00,0,1351417252
4276320842,559618821,2012-10-28 09:41:20.585000+00:00,1,1351417280
4276320842,3814249322,2012-10-28 09:42:05.158000+00:00,1,1351417325
4276320842,786670004,2012-10-28 09:43:14.380000+00:00,1,1351417394
4276320842,2912281746,2012-10-28 09:43:37.151000+00:00,1,1351417417
3889944197,55735397,2012-10-28 09:53:08.346000+00:00,1,1351417988
3889944197,3732079142,2012-10-28 09:53:08.346000+00:00,0,1351417988
3889944197,2725164213,2012-10-28 09:53:08.346000+00:00,0,1351417988
3889944197,152155192,2012-10-28 09:53:08.346000+00:00,0,1351417988
3889944197,559618821,2012-10-28 09:53:08.346000+00:00,0,1351417988
3889944197,1448086840,2012-10-28 09:53:08.346000+00:00,0,1351417988
1000293064,3429508261,2012-10-28 10:07:32.129000+00:00,1,1351418852
1000293064,2633697384,2012-10-28 10:07:32.129000+00:00,0,1351418852
1000293064,3642199129,2012-10-28 10:07:32.129000+00:00,0,1351418852
1000293064,3183605169,2012-10-28 10:07:32.129000+00:00,0,1351418852
1000293064,738328406,2012-10-28 10:07:32.129000+00:00,0,1351418852
1000293064,3478765131,2012-10-28 10:07:32.129000+00:00,0,1351418852
2138239477,3047285147,2012-10-28 10:19:39.053000+00:00,0,1351419579
2138239477,2438057172,2012-10-28 10:19:39.053000+00:00,1,1351419579
2138239477,1448086840,2012-10-28 10:19:39.053000+00:00,0,1351419579
2138239477,3920286067,2012-10-28 10:19:39.053000+00:00,0,1351419579
2138239477,407061424,2012-10-28 10:19:39.053000+00:00,0,1351419579
2138239477,2806565970,2012-10-28 10:19:39.053000+00:00,0,1351419579
4118821425,3643004825,2012-10-28 10:27:04.542000+00:00,0,1351420024
4118821425,559618821,2012-10-28 10:27:04.542000+00:00,0,1351420024
4118821425,4198728308,2012-10-28 10:27:04.542000+00:00,1,1351420024
4118821425,780696608,2012-10-28 10:27:04.542000+00:00,0,1351420024
4118821425,2806565970,2012-10-28 10:27:36.020000+00:00,1,1351420056
4118821425,3681999765,2012-10-28 10:27:49.942000+00:00,1,1351420069
4118821425,196335814,2012-10-28 10:27:51.461000+00:00,1,1351420071
1176550521,2805166226,2012-10-28 10:34:07.661000+00:00,0,1351420447
1176550521,2145977549,2012-10-28 10:34:07.661000+00:00,0,1351420447
1176550521,1332759137,2012-10-28 10:34:07.661000+00:00,0,1351420447
1176550521,2130616732,2012-10-28 10:34:07.661000+00:00,1,1351420447
1176550521,642644408,2012-10-28 10:34:07.661000+00:00,0,1351420447
1176550521,1619013260,2012-10-28 10:34:07.661000+00:00,0,1351420447
223870698,3434018694,2012-10-28 11:03:30.258000+00:00,0,1351422210
223870698,3863879024,2012-10-28 11:03:30.258000+00:00,0,1351422210
223870698,2375103731,2012-10-28 11:03:30.258000+00:00,0,1351422210
223870698,1488068589,2012-10-28 11:03:30.258000+00:00,1,1351422210
223870698,1217566813,2012-10-28 11:03:30.258000+00:00,0,1351422210
223870698,2806565970,2012-10-28 11:03:30.258000+00:00,0,1351422210
3926920467,3010455159,2012-10-28 11:09:47.200000+00:00,0,1351422587
3926920467,452879594,2012-10-28 11:09:47.200000+00:00,0,1351422587
3926920467,2920583393,2012-10-28 11:09:47.200000+00:00,0,1351422587
3926920467,1488068589,2012-10-28 11:09:47.200000+00:00,1,1351422587
3926920467,407061424,2012-10-28 11:09:47.200000+00:00,0,1351422587
3926920467,593742989,2012-10-28 11:09:47.200000+00:00,0,1351422587
3721561384,2824024899,2012-10-28 11:23:50.914000+00:00,0,1351423430
3721561384,3797841998,2012-10-28 11:23:50.914000+00:00,0,1351423430
3721561384,3003433560,2012-10-28 11:23:50.914000+00:00,0,1351423430
3721561384,3654419574,2012-10-28 11:23:50.914000+00:00,0,1351423430
3721561384,290357106,2012-10-28 11:23:50.914000+00:00,1,1351423430
3721561384,834360181,2012-10-28 11:23:50.914000+00:00,0,1351423430
3721561384,3118576636,2012-10-28 11:24:54.997000+00:00,1,1351423494
4036343234,1637337509,2012-10-28 11:25:48.994000+00:00,0,1351423548
4036343234,1209963424,2012-10-28 11:25:48.994000+00:00,1,1351423548
4036343234,1212947698,2012-10-28 11:25:48.994000+00:00,0,1351423548
4036343234,1133385189,2012-10-28 11:25:48.994000+00:00,0,1351423548
4036343234,944508163,2012-10-28 11:25:48.994000+00:00,0,1351423548
4036343234,3478765131,2012-10-28 11:25:48.994000+00:00,0,1351423548
2282257791,3183605169,2012-10-28 11:28:38.700000+00:00,0,1351423718
2282257791,633659090,2012-10-28 11:28:38.700000+00:00,1,1351423718
2282257791,1633704318,2012-10-28 11:28:38.700000+00:00,0,1351423718
2282257791,97217712,2012-10-28 11:28:38.700000+00:00,0,1351423718
2282257791,2363470242,2012-10-28 11:28:38.700000+00:00,0,1351423718
2282257791,2740874943,2012-10-28 11:28:38.700000+00:00,0,1351423718
2282257791,2130616732,2012-10-28 11:28:47.311000+00:00,1,1351423727
2282257791,1212947698,2012-10-28 11:29:02.622000+00:00,1,1351423742
2282257791,3982608480,2012-10-28 11:29:04.702000+00:00,1,1351423744
2282257791,1620441934,2012-10-28 11:30:48.210000+00:00,1,1351423848
2321085380,1598436829,2012-10-28 11:45:52.886000+00:00,0,1351424752
2321085380,2803195749,2012-10-28 11:45:52.886000+00:00,0,1351424752
2321085380,506476254,2012-10-28 11:45:52.886000+00:00,0,1351424752
2321085380,1332759137,2012-10-28 11:45:52.886000+00:00,1,1351424752
2321085380,920954386,2012-10-28 11:45:52.886000+00:00,0,1351424752
2321085380,3968395368,2012-10-28 11:45:52.886000+00:00,0,1351424752
4030798150,4203627753,2012-10-28 11:49:07.121000+00:00,1,1351424947
4030798150,799782433,2012-10-28 11:49:07.121000+00:00,0,1351424947
4030798150,2428145712,2012-10-28 11:49:07.121000+00:00,0,1351424947
4030798150,899234866,2012-10-28 11:49:07.121000+00:00,0,1351424947
4030798150,823015621,2012-10-28 11:49:07.121000+00:00,0,1351424947
4030798150,675888033,2012-10-28 11:49:07.121000+00:00,0,1351424947
4030798150,3509100603,2012-10-28 11:49:26.534000+00:00,1,1351424966
4030798150,3251813967,2012-10-28 11:49:37.721000+00:00,1,1351424977
4030798150,1501679119,2012-10-28 11:49:51.639000+00:00,1,1351424991
4030798150,881346279,2012-10-28 11:49:59.321000+00:00,1,1351424999
4030798150,3315040094,2012-10-28 11:50:11.432000+00:00,1,1351425011
4030798150,573886273,2012-10-28 11:50:15.507000+00:00,1,1351425015
4030798150,2447943335,2012-10-28 11:50:20.549000+00:00,1,1351425020
4030798150,4233837355,2012-10-28 11:50:25.112000+00:00,1,1351425025
4030798150,4125420656,2012-10-28 11:50:54.885000+00:00,1,1351425054
4030798150,3481603259,2012-10-28 11:52:41.114000+00:00,1,1351425161
4030798150,1268088620,2012-10-28 11:53:16.733000+00:00,1,1351425196
747578727,2398192028,2012-10-28 12:00:51.588000+00:00,0,1351425651
545289514,2628680570,2012-10-28 12:00:52.104000+00:00,0,1351425652
545289514,3594729381,2012-10-28 12:00:52.104000+00:00,0,1351425652
545289514,926605391,2012-10-28 12:00:52.104000+00:00,1,1351425652
545289514,3681999765,2012-10-28 12:00:52.104000+00:00,0,1351425652
545289514,3941838661,2012-10-28 12:00:52.104000+00:00,0,1351425652
545289514,2828969498,2012-10-28 12:00:52.104000+00:00,0,1351425652
747578727,1812117472,2012-10-28 12:00:57.173000+00:00,1,1351425657
747578727,1597380017,2012-10-28 12:00:57.173000+00:00,0,1351425657
747578727,2428145712,2012-10-28 12:00:57.173000+00:00,0,1351425657
747578727,799782433,2012-10-28 12:00:57.173000+00:00,0,1351425657
747578727,823015621,2012-10-28 12:00:57.173000+00:00,0,1351425657
747578727,899234866,2012-10-28 12:00:57.173000+00:00,0,1351425657
747578727,4203627753,2012-10-28 12:01:16.134000+00:00,0,1351425676
545289514,3814766855,2012-10-28 12:01:30.921000+00:00,0,1351425690
545289514,2806565970,2012-10-28 12:01:36.500000+00:00,0,1351425696
545289514,1639958590,2012-10-28 12:01:38.032000+00:00,0,1351425698
545289514,3782182367,2012-10-28 12:01:54.055000+00:00,0,1351425714
545289514,1781986615,2012-10-28 12:01:57.092000+00:00,0,1351425717
545289514,3287340168,2012-10-28 12:02:03.216000+00:00,0,1351425723
545289514,1488068589,2012-10-28 12:02:04.749000+00:00,0,1351425724
545289514,1494513322,2012-10-28 12:02:06.495000+00:00,0,1351425726
82923911,1461387354,2012-10-28 12:04:28.645000+00:00,0,1351425868
82923911,1868735086,2012-10-28 12:04:28.645000+00:00,0,1351425868
82923911,1488068589,2012-10-28 12:04:28.645000+00:00,1,1351425868
82923911,1455527953,2012-10-28 12:04:28.645000+00:00,0,1351425868
82923911,150148297,2012-10-28 12:04:28.645000+00:00,0,1351425868
82923911,3487526512,2012-10-28 12:04:28.645000+00:00,0,1351425868
545289514,703370904,2012-10-28 12:06:53.578000+00:00,0,1351426013
545289514,559618821,2012-10-28 12:06:56.618000+00:00,0,1351426016
545289514,1983140495,2012-10-28 12:06:57.230000+00:00,0,1351426017
545289514,2902086072,2012-10-28 12:07:00.727000+00:00,0,1351426020
1548216840,408698482,2012-10-28 12:20:44.056000+00:00,0,1351426844
1548216840,2595699357,2012-10-28 12:21:00.419000+00:00,1,1351426860
1548216840,2402098473,2012-10-28 12:21:00.419000+00:00,0,1351426860
1548216840,2425935882,2012-10-28 12:21:00.419000+00:00,0,1351426860
1548216840,2106690920,2012-10-28 12:21:00.419000+00:00,0,1351426860
1548216840,1740159503,2012-10-28 12:21:00.419000+00:00,0,1351426860
1548216840,746090405,2012-10-28 12:21:00.419000+00:00,0,1351426860
1548216840,318862099,2012-10-28 12:21:25.922000+00:00,1,1351426885
1548216840,105718448,2012-10-28 12:21:37.551000+00:00,0,1351426897
1548216840,2328211583,2012-10-28 12:21:41.131000+00:00,0,1351426901
82923911,635799819,2012-10-28 12:26:28.759000+00:00,1,1351427188
166685992,3395117104,2012-10-28 12:40:40.438000+00:00,0,1351428040
166685992,1448086840,2012-10-28 12:40:40.438000+00:00,1,1351428040
166685992,3477891691,2012-10-28 12:40:40.438000+00:00,0,1351428040
166685992,2806565970,2012-10-28 12:40:40.438000+00:00,0,1351428040
166685992,2940654356,2012-10-28 12:40:40.438000+00:00,0,1351428040
166685992,559618821,2012-10-28 12:40:40.438000+00:00,0,1351428040
166685992,326664129,2012-10-28 12:40:50.584000+00:00,1,1351428050
166685992,2429379784,2012-10-28 12:40:51.642000+00:00,1,1351428051
2264585544,1332759137,2012-10-28 12:44:11.052000+00:00,0,1351428251
2264585544,1133385189,2012-10-28 12:44:11.052000+00:00,0,1351428251
2264585544,1914791953,2012-10-28 12:44:11.052000+00:00,0,1351428251
2264585544,3968395368,2012-10-28 12:44:11.052000+00:00,1,1351428251
2264585544,2379850649,2012-10-28 12:44:11.052000+00:00,0,1351428251
2264585544,3057340966,2012-10-28 12:44:11.052000+00:00,0,1351428251
2264585544,821546192,2012-10-28 12:44:23.712000+00:00,1,1351428263
3693095617,1178604906,2012-10-28 13:16:52.355000+00:00,0,1351430212
3693095617,2172775349,2012-10-28 13:16:52.355000+00:00,0,1351430212
3693095617,3118576636,2012-10-28 13:16:52.355000+00:00,1,1351430212
3693095617,1852872937,2012-10-28 13:16:52.355000+00:00,0,1351430212
3693095617,834360181,2012-10-28 13:16:52.355000+00:00,0,1351430212
3693095617,4232273219,2012-10-28 13:16:52.355000+00:00,0,1351430212
1582474481,2024283936,2012-10-28 13:19:44.661000+00:00,0,1351430384
1582474481,559618821,2012-10-28 13:19:44.661000+00:00,0,1351430384
1582474481,2120779072,2012-10-28 13:19:44.661000+00:00,0,1351430384
1582474481,1488068589,2012-10-28 13:19:44.661000+00:00,1,1351430384
1582474481,1133385189,2012-10-28 13:19:44.661000+00:00,0,1351430384
1582474481,2828969498,2012-10-28 13:19:44.661000+00:00,0,1351430384
272165392,1850381877,2012-10-29 05:37:04.290000+00:00,0,1351489024
272165392,1619013260,2012-10-29 05:37:04.290000+00:00,0,1351489024
272165392,501560870,2012-10-29 05:37:04.290000+00:00,1,1351489024
272165392,916138104,2012-10-29 05:37:04.290000+00:00,0,1351489024
272165392,3929337192,2012-10-29 05:37:04.290000+00:00,0,1351489024
272165392,4192978272,2012-10-29 05:37:04.290000+00:00,0,1351489024
2764881224,1165693561,2012-10-29 05:37:05.151000+00:00,0,1351489025
2764881224,3400311907,2012-10-29 05:37:05.151000+00:00,0,1351489025
2764881224,3221950950,2012-10-29 05:37:05.151000+00:00,1,1351489025
2764881224,2153037761,2012-10-29 05:37:05.151000+00:00,0,1351489025
2764881224,622003251,2012-10-29 05:37:05.151000+00:00,0,1351489025
2351788775,2806565970,2012-10-29 05:37:06.742000+00:00,0,1351489026
2351788775,1448086840,2012-10-29 05:37:06.742000+00:00,1,1351489026
2351788775,217634693,2012-10-29 05:37:06.742000+00:00,0,1351489026
2351788775,88942214,2012-10-29 05:37:06.742000+00:00,0,1351489026
4181468602,711902059,2012-10-29 05:37:06.165000+00:00,1,1351489026
4181468602,760085504,2012-10-29 05:37:06.165000+00:00,0,1351489026
4181468602,13857128,2012-10-29 05:37:06.728000+00:00,1,1351489026
4181468602,675888033,2012-10-29 05:37:06.165000+00:00,0,1351489026
2351788775,3807386691,2012-10-29 05:37:06.742000+00:00,0,1351489026
4181468602,3841472085,2012-10-29 05:37:06.165000+00:00,0,1351489026
4181468602,3501220630,2012-10-29 05:37:06.165000+00:00,0,1351489026
4181468602,2015759069,2012-10-29 05:37:06.165000+00:00,0,1351489026
2351788775,2354857659,2012-10-29 05:37:06.742000+00:00,0,1351489026
3052673147,1533293110,2012-10-29 05:37:11.054000+00:00,0,1351489031
3052673147,3376765194,2012-10-29 05:37:11.054000+00:00,0,1351489031
3052673147,2762265640,2012-10-29 05:37:11.054000+00:00,0,1351489031
3052673147,3485195034,2012-10-29 05:37:11.054000+00:00,0,1351489031
3052673147,2612574414,2012-10-29 05:37:11.054000+00:00,1,1351489031
3052673147,830183321,2012-10-29 05:37:11.054000+00:00,0,1351489031
3052673147,3658087051,2012-10-29 05:37:14.549000+00:00,0,1351489034
4199616576,821614261,2012-10-29 05:37:45.268000+00:00,0,1351489065
4199616576,1487327799,2012-10-29 05:37:45.268000+00:00,0,1351489065
4199616576,3276213471,2012-10-29 05:37:45.268000+00:00,1,1351489065
4199616576,1290210464,2012-10-29 05:37:45.268000+00:00,0,1351489065
4199616576,1908625006,2012-10-29 05:37:45.268000+00:00,0,1351489065
3828329584,3382830293,2012-10-29 05:37:48.313000+00:00,1,1351489068
3828329584,3180156897,2012-10-29 05:37:48.313000+00:00,0,1351489068
3828329584,1583676682,2012-10-29 05:37:48.313000+00:00,0,1351489068
3828329584,3534897991,2012-10-29 05:37:48.363000+00:00,0,1351489068
3828329584,1008380446,2012-10-29 05:37:48.313000+00:00,0,1351489068
3828329584,2838438739,2012-10-29 05:37:48.313000+00:00,0,1351489068
3828329584,2182473577,2012-10-29 05:37:48.313000+00:00,0,1351489068
4058274528,3929337192,2012-10-29 05:37:50.657000+00:00,0,1351489070
4058274528,275986234,2012-10-29 05:37:50.657000+00:00,0,1351489070
4058274528,4103733932,2012-10-29 05:37:50.657000+00:00,1,1351489070
147852768,1842491212,2012-10-29 05:37:50.042000+00:00,0,1351489070
147852768,1336550405,2012-10-29 05:37:50.965000+00:00,1,1351489070
147852768,3289683998,2012-10-29 05:37:50.042000+00:00,0,1351489070
147852768,3773489407,2012-10-29 05:37:50.042000+00:00,0,1351489070
147852768,3199229320,2012-10-29 05:37:50.042000+00:00,0,1351489070
1724694030,1095401609,2012-10-29 05:37:50.644000+00:00,0,1351489070
1724694030,2286155514,2012-10-29 05:37:50.644000+00:00,0,1351489070
147852768,622003251,2012-10-29 05:37:50.042000+00:00,0,1351489070
1724694030,4140154751,2012-10-29 05:37:50.644000+00:00,0,1351489070
147852768,766157199,2012-10-29 05:37:50.931000+00:00,1,1351489070
147852768,1128274822,2012-10-29 05:37:50.042000+00:00,1,1351489070
147852768,1588010656,2012-10-29 05:37:50.746000+00:00,0,1351489070
147852768,2865762984,2012-10-29 05:37:50.625000+00:00,1,1351489070
147852768,747845900,2012-10-29 05:37:50.956000+00:00,1,1351489070
1724694030,3968395368,2012-10-29 05:37:50.644000+00:00,0,1351489070
4058274528,3489853891,2012-10-29 05:37:50.657000+00:00,0,1351489070
4058274528,559618821,2012-10-29 05:37:50.657000+00:00,0,1351489070
4058274528,642644408,2012-10-29 05:37:50.657000+00:00,0,1351489070
1724694030,2803195749,2012-10-29 05:37:50.644000+00:00,1,1351489070
147852768,3643346333,2012-10-29 05:37:50.982000+00:00,1,1351489070
1724694030,1036837546,2012-10-29 05:37:50.644000+00:00,0,1351489070
3180412264,3102156677,2012-10-29 05:37:51.832000+00:00,0,1351489071
3180412264,1967377951,2012-10-29 05:37:51.923000+00:00,0,1351489071
3180412264,1488264230,2012-10-29 05:37:51.927000+00:00,0,1351489071
3180412264,2196376997,2012-10-29 05:37:51.937000+00:00,0,1351489071
3180412264,442356029,2012-10-29 05:37:51.293000+00:00,0,1351489071
3180412264,1208521605,2012-10-29 05:37:51.415000+00:00,0,1351489071
3180412264,2055922065,2012-10-29 05:37:51.210000+00:00,0,1351489071
3180412264,471685759,2012-10-29 05:37:51.442000+00:00,0,1351489071
3180412264,4228454268,2012-10-29 05:37:51.563000+00:00,0,1351489071
3180412264,1892440073,2012-10-29 05:37:51.742000+00:00,0,1351489071
3180412264,1460559038,2012-10-29 05:37:51.694000+00:00,0,1351489071
3180412264,2099054781,2012-10-29 05:37:51.176000+00:00,0,1351489071
3180412264,199964495,2012-10-29 05:37:51.809000+00:00,0,1351489071
3180412264,321356225,2012-10-29 05:37:52.368000+00:00,0,1351489072
3180412264,2695866169,2012-10-29 05:37:52.454000+00:00,0,1351489072
3180412264,1370895168,2012-10-29 05:37:52.063000+00:00,0,1351489072
3180412264,2597005766,2012-10-29 05:37:52.451000+00:00,0,1351489072
3180412264,2393885244,2012-10-29 05:37:52.700000+00:00,0,1351489072
3180412264,3868597644,2012-10-29 05:37:52.577000+00:00,0,1351489072
3180412264,2066141308,2012-10-29 05:37:52.964000+00:00,0,1351489072
3180412264,2798408743,2012-10-29 05:37:52.082000+00:00,0,1351489072
3180412264,832412932,2012-10-29 05:37:52.664000+00:00,0,1351489072
3180412264,3002725183,2012-10-29 05:37:52.436000+00:00,0,1351489072
3180412264,4001798355,2012-10-29 05:37:53.013000+00:00,0,1351489073
2378242378,4035812423,2012-10-29 05:37:53.051000+00:00,0,1351489073
96931058,3084829721,2012-10-29 05:37:53.763000+00:00,0,1351489073
3180412264,3936219338,2012-10-29 05:37:53.013000+00:00,0,1351489073
96931058,1133385189,2012-10-29 05:37:53.763000+00:00,0,1351489073
3180412264,3465260466,2012-10-29 05:37:53.027000+00:00,0,1351489073
2378242378,104311536,2012-10-29 05:37:53.051000+00:00,0,1351489073
3180412264,100961464,2012-10-29 05:37:53.013000+00:00,0,1351489073
3180412264,3459029391,2012-10-29 05:37:53.013000+00:00,1,1351489073
2378242378,1000453597,2012-10-29 05:37:53.051000+00:00,1,1351489073
2378242378,4126254215,2012-10-29 05:37:53.051000+00:00,0,1351489073
3180412264,1400810472,2012-10-29 05:37:53.013000+00:00,0,1351489073
96931058,4167379270,2012-10-29 05:37:53.763000+00:00,0,1351489073
96931058,1068825763,2012-10-29 05:37:53.763000+00:00,0,1351489073
96931058,2045413792,2012-10-29 05:37:53.763000+00:00,1,1351489073
96931058,3349548561,2012-10-29 05:37:53.763000+00:00,0,1351489073
3180412264,3054017056,2012-10-29 05:37:53.013000+00:00,0,1351489073
2378242378,3392045078,2012-10-29 05:37:53.051000+00:00,0,1351489073
2378242378,431193333,2012-10-29 05:37:53.051000+00:00,0,1351489073
35629376,3814766855,2012-10-29 05:37:54.772000+00:00,0,1351489074
35629376,1133385189,2012-10-29 05:37:54.772000+00:00,0,1351489074
2883315236,939765972,2012-10-29 05:37:54.899000+00:00,1,1351489074
2883315236,2324728487,2012-10-29 05:37:54.899000+00:00,0,1351489074
2883315236,1133385189,2012-10-29 05:37:54.899000+00:00,0,1351489074
2883315236,3711878405,2012-10-29 05:37:54.899000+00:00,0,1351489074
3535608264,2806565970,2012-10-29 05:37:54.258000+00:00,0,1351489074
3535608264,3574813612,2012-10-29 05:37:54.528000+00:00,0,1351489074
35629376,2628680570,2012-10-29 05:37:54.772000+00:00,0,1351489074
2774351000,505280997,2012-10-29 05:37:54.991000+00:00,1,1351489074
3535608264,2829598154,2012-10-29 05:37:54.118000+00:00,0,1351489074
2774351000,3183605169,2012-10-29 05:37:54.974000+00:00,0,1351489074
2774351000,1693226702,2012-10-29 05:37:54.974000+00:00,0,1351489074
2774351000,261646692,2012-10-29 05:37:54.974000+00:00,0,1351489074
3535608264,1133385189,2012-10-29 05:37:54.555000+00:00,0,1351489074
3535608264,140337530,2012-10-29 05:37:54.118000+00:00,0,1351489074
35629376,2828969498,2012-10-29 05:37:54.772000+00:00,1,1351489074
2883315236,1020372492,2012-10-29 05:37:54.899000+00:00,0,1351489074
2774351000,97217712,2012-10-29 05:37:54.974000+00:00,1,1351489074
2774351000,2145977549,2012-10-29 05:37:54.974000+00:00,0,1351489074
2774351000,2633697384,2012-10-29 05:37:54.974000+00:00,0,1351489074
3535608264,1494513322,2012-10-29 05:37:54.118000+00:00,1,1351489074
3535608264,1053535074,2012-10-29 05:37:54.506000+00:00,0,1351489074
3535608264,414882286,2012-10-29 05:37:54.266000+00:00,0,1351489074
3535608264,559618821,2012-10-29 05:37:54.118000+00:00,0,1351489074
3535608264,2628680570,2012-10-29 05:37:54.118000+00:00,0,1351489074
3535608264,4152403083,2012-10-29 05:37:54.577000+00:00,0,1351489074
3535608264,1914791953,2012-10-29 05:37:54.351000+00:00,0,1351489074
3535608264,3292387762,2012-10-29 05:37:54.596000+00:00,0,1351489074
3535608264,3708910341,2012-10-29 05:37:54.182000+00:00,0,1351489074
35629376,2429675854,2012-10-29 05:37:54.772000+00:00,0,1351489074
35629376,3403115736,2012-10-29 05:37:54.772000+00:00,0,1351489074
3535608264,3302719635,2012-10-29 05:37:54.330000+00:00,0,1351489074
2883315236,959243663,2012-10-29 05:37:54.899000+00:00,0,1351489074
1783276120,1926323783,2012-10-29 05:37:54.787000+00:00,0,1351489074
3535608264,3731945988,2012-10-29 05:37:54.365000+00:00,0,1351489074
3535608264,741936389,2012-10-29 05:37:54.490000+00:00,0,1351489074
3535608264,915403718,2012-10-29 05:37:54.449000+00:00,0,1351489074
3535608264,1776393554,2012-10-29 05:37:54.118000+00:00,0,1351489074
1783276120,955398943,2012-10-29 05:37:54.787000+00:00,0,1351489074
1783276120,1600413013,2012-10-29 05:37:54.787000+00:00,1,1351489074
1783276120,3276213471,2012-10-29 05:37:54.787000+00:00,0,1351489074
1783276120,726662409,2012-10-29 05:37:54.787000+00:00,0,1351489074
1783276120,61104529,2012-10-29 05:37:54.787000+00:00,0,1351489074
2774351000,2938749256,2012-10-29 05:37:55.003000+00:00,1,1351489075
2774351000,2828969498,2012-10-29 05:37:55.537000+00:00,1,1351489075
2774351000,3835917768,2012-10-29 05:37:56.078000+00:00,1,1351489076
2590409583,1749438372,2012-10-29 05:37:57.342000+00:00,0,1351489077
2590409583,2299988286,2012-10-29 05:37:57.342000+00:00,0,1351489077
2590409583,3563504832,2012-10-29 05:37:57.342000+00:00,0,1351489077
604530209,2529072432,2012-10-29 05:37:57.554000+00:00,1,1351489077
604530209,3612493798,2012-10-29 05:37:57.540000+00:00,0,1351489077
604530209,1361307272,2012-10-29 05:37:57.605000+00:00,1,1351489077
604530209,2286155514,2012-10-29 05:37:57.540000+00:00,0,1351489077
604530209,843570927,2012-10-29 05:37:57.540000+00:00,0,1351489077
2590409583,3527349382,2012-10-29 05:37:57.375000+00:00,1,1351489077
604530209,3276213471,2012-10-29 05:37:57.540000+00:00,0,1351489077
2590409583,4216192606,2012-10-29 05:37:57.342000+00:00,1,1351489077
604530209,955398943,2012-10-29 05:37:57.540000+00:00,1,1351489077
604530209,642644408,2012-10-29 05:37:57.540000+00:00,0,1351489077
604530209,771676713,2012-10-29 05:37:57.586000+00:00,1,1351489077
3828329584,2239025769,2012-10-29 05:37:57.390000+00:00,0,1351489077
2590409583,682567291,2012-10-29 05:37:57.342000+00:00,0,1351489077
2590409583,3980763324,2012-10-29 05:37:57.342000+00:00,0,1351489077
1931485787,1361307272,2012-10-29 05:37:58.744000+00:00,1,1351489078
1931485787,1241270051,2012-10-29 05:37:58.712000+00:00,0,1351489078
1931485787,4109250236,2012-10-29 05:37:58.728000+00:00,1,1351489078
1931485787,3376318184,2012-10-29 05:37:58.712000+00:00,0,1351489078
1931485787,3340900766,2012-10-29 05:37:58.712000+00:00,1,1351489078
1931485787,988131255,2012-10-29 05:37:58.712000+00:00,0,1351489078
1931485787,3183605169,2012-10-29 05:37:58.712000+00:00,0,1351489078
1931485787,633659090,2012-10-29 05:37:58.773000+00:00,1,1351489078
1931485787,1056020272,2012-10-29 05:37:58.712000+00:00,0,1351489078
1369905557,3183605169,2012-10-29 05:37:59.230000+00:00,0,1351489079
4136285322,4203627753,2012-10-29 05:37:59.371000+00:00,0,1351489079
4136285322,823015621,2012-10-29 05:37:59.371000+00:00,0,1351489079
1369905557,955398943,2012-10-29 05:37:59.230000+00:00,0,1351489079
1369905557,97217712,2012-10-29 05:37:59.230000+00:00,0,1351489079
1369905557,3478765131,2012-10-29 05:37:59.230000+00:00,0,1351489079
1369905557,2766425759,2012-10-29 05:37:59.230000+00:00,1,1351489079
1369905557,1212947698,2012-10-29 05:37:59.230000+00:00,0,1351489079
4136285322,2428145712,2012-10-29 05:37:59.371000+00:00,0,1351489079
4136285322,675888033,2012-10-29 05:37:59.371000+00:00,0,1351489079
4136285322,3509100603,2012-10-29 05:37:59.371000+00:00,1,1351489079
4136285322,3984042837,2012-10-29 05:37:59.371000+00:00,0,1351489079
4141359923,986152191,2012-10-29 05:42:46.461000+00:00,0,1351489366
4141359923,3643004825,2012-10-29 05:42:46.461000+00:00,0,1351489366
4141359923,3116040201,2012-10-29 05:42:46.461000+00:00,0,1351489366
4141359923,2803195749,2012-10-29 05:42:46.461000+00:00,0,1351489366
4141359923,3793452317,2012-10-29 05:42:46.461000+00:00,0,1351489366
4141359923,2806565970,2012-10-29 05:42:46.461000+00:00,1,1351489366
2129690960,1522480247,2012-10-29 05:51:55.132000+00:00,0,1351489915
2129690960,1983140495,2012-10-29 05:51:55.132000+00:00,0,1351489915
2129690960,955398943,2012-10-29 05:51:55.132000+00:00,1,1351489915
2129690960,703370904,2012-10-29 05:51:55.132000+00:00,0,1351489915
2129690960,2097501529,2012-10-29 05:51:55.132000+00:00,0,1351489915
2129690960,3354845431,2012-10-29 05:51:55.132000+00:00,0,1351489915
2129690960,3066409179,2012-10-29 05:51:57.676000+00:00,1,1351489917
2129690960,2285963249,2012-10-29 05:52:11.097000+00:00,0,1351489931
2129690960,3929337192,2012-10-29 05:52:43+00:00,1,1351489963
2129690960,892230242,2012-10-29 05:53:23.817000+00:00,1,1351490003
2129690960,2806565970,2012-10-29 05:53:30.903000+00:00,1,1351490010
842198355,1133385189,2012-10-29 05:53:31.920000+00:00,0,1351490011
842198355,2803195749,2012-10-29 05:53:31.920000+00:00,0,1351490011
842198355,559618821,2012-10-29 05:53:31.920000+00:00,1,1351490011
842198355,3968395368,2012-10-29 05:53:31.920000+00:00,0,1351490011
842198355,843570927,2012-10-29 05:53:31.920000+00:00,0,1351490011
842198355,1548928340,2012-10-29 05:53:31.920000+00:00,0,1351490011
2793393083,1212947698,2012-10-29 06:30:37.947000+00:00,1,1351492237
2793393083,547383999,2012-10-29 06:30:37.947000+00:00,0,1351492237
2793393083,264093631,2012-10-29 06:30:37.947000+00:00,0,1351492237
2793393083,3478765131,2012-10-29 06:30:37.947000+00:00,0,1351492237
2793393083,1693226702,2012-10-29 06:30:37.947000+00:00,0,1351492237
2793393083,642644408,2012-10-29 06:30:37.947000+00:00,0,1351492237
2793393083,1620441934,2012-10-29 06:30:38.985000+00:00,1,1351492238
1069507870,3251813967,2012-10-29 06:40:19.444000+00:00,0,1351492819
1069507870,823015621,2012-10-29 06:40:19.444000+00:00,0,1351492819
1069507870,3509100603,2012-10-29 06:40:19.444000+00:00,1,1351492819
1069507870,4232519602,2012-10-29 06:40:19.444000+00:00,0,1351492819
1069507870,4203627753,2012-10-29 06:40:19.444000+00:00,0,1351492819
1069507870,110357109,2012-10-29 06:40:19.444000+00:00,0,1351492819
3987610774,1597380017,2012-10-29 07:00:30.979000+00:00,0,1351494030
3987610774,4232519602,2012-10-29 07:00:30.979000+00:00,1,1351494030
3987610774,3984042837,2012-10-29 07:00:30.979000+00:00,0,1351494030
3987610774,675888033,2012-10-29 07:00:30.979000+00:00,0,1351494030
3987610774,4203627753,2012-10-29 07:01:22.493000+00:00,1,1351494082
3987610774,3509100603,2012-10-29 07:01:28.582000+00:00,1,1351494088
3987610774,2398192028,2012-10-29 07:02:37.801000+00:00,1,1351494157
3987610774,404595428,2012-10-29 07:02:41.399000+00:00,1,1351494161
3080858756,4203627753,2012-10-29 07:30:41.456000+00:00,0,1351495841
3080858756,1718413929,2012-10-29 07:30:41.456000+00:00,0,1351495841
3080858756,2428145712,2012-10-29 07:30:41.456000+00:00,0,1351495841
3080858756,4232519602,2012-10-29 07:30:41.456000+00:00,1,1351495841
3080858756,799782433,2012-10-29 07:30:41.456000+00:00,0,1351495841
3080858756,1597380017,2012-10-29 07:30:41.456000+00:00,0,1351495841
987701123,352811951,2012-10-29 07:59:25.615000+00:00,0,1351497565
987701123,959243663,2012-10-29 07:59:25.615000+00:00,0,1351497565
987701123,1517979198,2012-10-29 07:59:25.615000+00:00,0,1351497565
987701123,1865069375,2012-10-29 07:59:25.615000+00:00,0,1351497565
987701123,4046113062,2012-10-29 07:59:25.615000+00:00,0,1351497565
987701123,2844145532,2012-10-29 07:59:25.615000+00:00,1,1351497565
4026562594,1068825763,2012-10-29 08:18:03.724000+00:00,1,1351498683
4026562594,3793452317,2012-10-29 08:18:03.724000+00:00,0,1351498683
4026562594,3889235854,2012-10-29 08:18:03.724000+00:00,0,1351498683
4026562594,3480624055,2012-10-29 08:18:03.724000+00:00,0,1351498683
4026562594,843570927,2012-10-29 08:18:03.724000+00:00,0,1351498683
4026562594,2086279157,2012-10-29 08:18:03.724000+00:00,0,1351498683
4026562594,1064770050,2012-10-29 08:18:09.266000+00:00,1,1351498689
2438466073,559618821,2012-10-29 08:58:21.729000+00:00,1,1351501101
2438466073,239276659,2012-10-29 08:58:21.729000+00:00,0,1351501101
2438466073,4202270768,2012-10-29 08:58:21.729000+00:00,0,1351501101
2438466073,1448086840,2012-10-29 08:58:21.729000+00:00,0,1351501101
2438466073,1850381877,2012-10-29 08:58:21.729000+00:00,0,1351501101
2438466073,843570927,2012-10-29 08:58:21.729000+00:00,0,1351501101
2193664477,3874825374,2012-10-29 09:19:18.603000+00:00,0,1351502358
2193664477,926605391,2012-10-29 09:19:18.603000+00:00,1,1351502358
2193664477,3975178736,2012-10-29 09:19:18.603000+00:00,0,1351502358
2193664477,2725326747,2012-10-29 09:19:18.603000+00:00,0,1351502358
2193664477,177193417,2012-10-29 09:19:18.603000+00:00,0,1351502358
2193664477,3476804911,2012-10-29 09:19:18.603000+00:00,0,1351502358
1342961341,892230242,2012-10-29 09:25:17.216000+00:00,0,1351502717
1342961341,2291983990,2012-10-29 09:25:17.216000+00:00,0,1351502717
1342961341,1255629030,2012-10-29 09:25:17.216000+00:00,0,1351502717
1342961341,559618821,2012-10-29 09:25:17.216000+00:00,0,1351502717
1342961341,97217712,2012-10-29 09:25:17.216000+00:00,1,1351502717
1342961341,2806565970,2012-10-29 09:25:17.216000+00:00,0,1351502717
2791232352,1766189272,2012-10-29 09:31:35.067000+00:00,0,1351503095
2791232352,2435385686,2012-10-29 09:31:35.067000+00:00,0,1351503095
2791232352,3434452970,2012-10-29 09:31:35.067000+00:00,0,1351503095
2791232352,1133385189,2012-10-29 09:31:35.067000+00:00,0,1351503095
2791232352,3554433899,2012-10-29 09:31:35.067000+00:00,1,1351503095
1748492203,1448086840,2012-10-29 09:32:13.918000+00:00,0,1351503133
1748492203,3760762503,2012-10-29 09:32:13.918000+00:00,0,1351503133
1748492203,3047285147,2012-10-29 09:32:13.918000+00:00,0,1351503133
1748492203,1529554640,2012-10-29 09:32:13.918000+00:00,1,1351503133
1748492203,1133385189,2012-10-29 09:32:13.918000+00:00,0,1351503133
1748492203,532732480,2012-10-29 09:32:13.918000+00:00,0,1351503133
1748492203,3929337192,2012-10-29 09:33:27.153000+00:00,1,1351503207
1748492203,959243663,2012-10-29 09:33:37.426000+00:00,1,1351503217
354026608,4198728308,2012-10-29 10:04:48.648000+00:00,0,1351505088
354026608,88942214,2012-10-29 10:05:24.654000+00:00,0,1351505124
354026608,1850381877,2012-10-29 10:05:24.654000+00:00,0,1351505124
354026608,559618821,2012-10-29 10:05:24.654000+00:00,0,1351505124
354026608,3515877913,2012-10-29 10:05:24.654000+00:00,1,1351505124
354026608,1448086840,2012-10-29 10:05:24.654000+00:00,0,1351505124
354026608,2120779072,2012-10-29 10:05:24.654000+00:00,0,1351505124
969572676,2149464820,2012-10-29 10:12:16.013000+00:00,0,1351505536
969572676,3048578499,2012-10-29 10:12:16.013000+00:00,0,1351505536
969572676,2498491194,2012-10-29 10:12:16.013000+00:00,0,1351505536
969572676,952519340,2012-10-29 10:12:16.013000+00:00,0,1351505536
969572676,2043699274,2012-10-29 10:12:16.013000+00:00,0,1351505536
969572676,910169576,2012-10-29 10:12:16.013000+00:00,1,1351505536
2978622176,3841472085,2012-10-29 10:20:16.016000+00:00,1,1351506016
2978622176,2398192028,2012-10-29 10:20:16.016000+00:00,0,1351506016
2978622176,823015621,2012-10-29 10:20:16.016000+00:00,0,1351506016
2978622176,4232519602,2012-10-29 10:20:16.016000+00:00,0,1351506016
2978622176,3984042837,2012-10-29 10:20:16.016000+00:00,0,1351506016
2978622176,799782433,2012-10-29 10:20:16.016000+00:00,0,1351506016
2978622176,2577118609,2012-10-29 10:20:37.734000+00:00,1,1351506037
383587770,3984042837,2012-10-29 10:46:26.830000+00:00,0,1351507586
383587770,3509100603,2012-10-29 10:46:26.830000+00:00,1,1351507586
383587770,899234866,2012-10-29 10:46:26.830000+00:00,0,1351507586
383587770,4203627753,2012-10-29 10:46:26.830000+00:00,0,1351507586
383587770,2428145712,2012-10-29 10:46:26.830000+00:00,0,1351507586
383587770,823015621,2012-10-29 10:46:26.830000+00:00,0,1351507586
1491636315,1914791953,2012-10-29 10:50:07.676000+00:00,0,1351507807
1491636315,4140154751,2012-10-29 10:50:07.676000+00:00,0,1351507807
1491636315,1036837546,2012-10-29 10:50:07.676000+00:00,1,1351507807
1491636315,3302719635,2012-10-29 10:50:07.676000+00:00,0,1351507807
1491636315,939765972,2012-10-29 10:50:07.676000+00:00,0,1351507807
1491636315,2120779072,2012-10-29 10:50:07.676000+00:00,0,1351507807
528289771,3950589515,2012-10-29 11:00:48.742000+00:00,0,1351508448
528289771,1844176380,2012-10-29 11:00:48.742000+00:00,0,1351508448
528289771,952519340,2012-10-29 11:00:48.742000+00:00,0,1351508448
528289771,2073609284,2012-10-29 11:00:48.742000+00:00,1,1351508448
528289771,4244463632,2012-10-29 11:00:48.742000+00:00,0,1351508448
528289771,3048578499,2012-10-29 11:00:48.742000+00:00,0,1351508448
528289771,968459715,2012-10-29 11:00:51.792000+00:00,1,1351508451
528289771,2442660214,2012-10-29 11:00:52.814000+00:00,1,1351508452
528289771,3670952162,2012-10-29 11:01:05.981000+00:00,1,1351508465
528289771,2713053749,2012-10-29 11:01:07.004000+00:00,1,1351508467
3680318580,3929337192,2012-10-29 11:09:48.848000+00:00,1,1351508988
3680318580,1896396447,2012-10-29 11:09:48.848000+00:00,0,1351508988
3680318580,1776393554,2012-10-29 11:09:48.848000+00:00,0,1351508988
3680318580,450130761,2012-10-29 11:09:48.848000+00:00,0,1351508988
3680318580,130281276,2012-10-29 11:09:48.848000+00:00,0,1351508988
3680318580,1530709861,2012-10-29 11:09:48.848000+00:00,0,1351508988
616227847,3779243813,2012-10-29 11:37:22.792000+00:00,0,1351510642
616227847,1693226702,2012-10-29 11:37:22.792000+00:00,0,1351510642
616227847,3098644886,2012-10-29 11:37:22.792000+00:00,0,1351510642
616227847,4140981574,2012-10-29 11:37:22.792000+00:00,0,1351510642
616227847,3871984634,2012-10-29 11:37:22.792000+00:00,0,1351510642
616227847,4198399270,2012-10-29 11:37:22.792000+00:00,1,1351510642
4197193550,2582345152,2012-10-29 11:56:20.166000+00:00,0,1351511780
4197193550,566288779,2012-10-29 11:56:20.166000+00:00,0,1351511780
4197193550,3180156897,2012-10-29 11:56:20.166000+00:00,0,1351511780
4197193550,1638915826,2012-10-29 11:56:20.166000+00:00,1,1351511780
4197193550,2307691682,2012-10-29 11:56:20.166000+00:00,0,1351511780
4197193550,1628057176,2012-10-29 11:56:20.166000+00:00,0,1351511780
199120737,3807386691,2012-10-29 12:08:54.733000+00:00,0,1351512534
199120737,4166457625,2012-10-29 12:08:54.733000+00:00,0,1351512534
199120737,2828969498,2012-10-29 12:08:54.733000+00:00,0,1351512534
199120737,3096327312,2012-10-29 12:08:54.733000+00:00,0,1351512534
199120737,2989906553,2012-10-29 12:08:54.733000+00:00,1,1351512534
199120737,59086176,2012-10-29 12:08:54.733000+00:00,0,1351512534
199120737,959243663,2012-10-29 12:13:04.035000+00:00,1,1351512784
296126900,3554433899,2012-10-29 12:15:54.751000+00:00,0,1351512954
296126900,1600413013,2012-10-29 12:15:54.751000+00:00,0,1351512954
296126900,2565080891,2012-10-29 12:15:54.751000+00:00,0,1351512954
296126900,955398943,2012-10-29 12:15:54.751000+00:00,1,1351512954
296126900,3183605169,2012-10-29 12:15:54.751000+00:00,0,1351512954
296126900,3276213471,2012-10-29 12:15:54.751000+00:00,0,1351512954
1908507314,152418051,2012-10-29 12:22:19.780000+00:00,0,1351513339
1908507314,966971643,2012-10-29 12:22:19.780000+00:00,1,1351513339
1908507314,3984042837,2012-10-29 12:22:19.780000+00:00,0,1351513339
1908507314,823015621,2012-10-29 12:22:19.780000+00:00,0,1351513339
1908507314,4203627753,2012-10-29 12:22:19.780000+00:00,0,1351513339
1908507314,1597380017,2012-10-29 12:22:19.780000+00:00,0,1351513339
1908507314,404595428,2012-10-29 12:23:26.560000+00:00,1,1351513406
1567057770,4082601014,2012-10-29 12:28:40.705000+00:00,0,1351513720
1567057770,1776393554,2012-10-29 12:28:40.705000+00:00,0,1351513720
1567057770,802067141,2012-10-29 12:28:40.705000+00:00,0,1351513720
1567057770,2307150378,2012-10-29 12:28:40.705000+00:00,0,1351513720
1567057770,3477891691,2012-10-29 12:28:40.705000+00:00,1,1351513720
1567057770,1133385189,2012-10-29 12:28:40.705000+00:00,0,1351513720
1567057770,915403718,2012-10-29 12:30:01.582000+00:00,1,1351513801
1567057770,1448086840,2012-10-29 12:36:32.381000+00:00,1,1351514192
1567057770,843570927,2012-10-29 12:36:57.745000+00:00,1,1351514217
1567057770,2372725650,2012-10-29 12:37:31.606000+00:00,1,1351514251
495379217,4201499448,2012-10-29 12:38:51.938000+00:00,0,1351514331
495379217,2027514460,2012-10-29 12:38:51.938000+00:00,0,1351514331
495379217,3611379821,2012-10-29 12:38:51.938000+00:00,1,1351514331
495379217,1241270051,2012-10-29 12:38:51.938000+00:00,0,1351514331
495379217,2806565970,2012-10-29 12:38:51.938000+00:00,0,1351514331
495379217,1812340404,2012-10-29 12:38:51.938000+00:00,0,1351514331
1567057770,98978060,2012-10-29 12:40:17.573000+00:00,1,1351514417
1233774081,2784263725,2012-10-29 12:48:08.052000+00:00,0,1351514888
1233774081,3612493798,2012-10-29 12:48:08.052000+00:00,0,1351514888
1233774081,955398943,2012-10-29 12:48:08.052000+00:00,1,1351514888
1233774081,843570927,2012-10-29 12:48:08.052000+00:00,0,1351514888
1233774081,1548928340,2012-10-29 12:48:08.052000+00:00,0,1351514888
1233774081,239276659,2012-10-29 12:48:08.052000+00:00,0,1351514888
2264585544,1332759137,2012-10-29 12:48:43.247000+00:00,0,1351514923
2264585544,1133385189,2012-10-29 12:48:43.247000+00:00,0,1351514923
2264585544,929607923,2012-10-29 12:48:43.247000+00:00,0,1351514923
2264585544,1359710437,2012-10-29 12:48:43.247000+00:00,1,1351514923
2264585544,1914791953,2012-10-29 12:48:43.247000+00:00,0,1351514923
2264585544,2379850649,2012-10-29 12:48:43.247000+00:00,0,1351514923
2264585544,1695480317,2012-10-29 12:49:20.458000+00:00,1,1351514960
4232243965,1036961928,2012-10-29 12:55:18.059000+00:00,0,1351515318
4232243965,1330949688,2012-10-29 12:55:18.059000+00:00,0,1351515318
4232243965,2520824112,2012-10-29 12:55:18.059000+00:00,0,1351515318
4232243965,1241270051,2012-10-29 12:55:18.059000+00:00,1,1351515318
4232243965,2803195749,2012-10-29 12:55:18.059000+00:00,0,1351515318
4232243965,532053807,2012-10-29 12:55:18.059000+00:00,0,1351515318
2949876199,3276213471,2012-10-29 12:55:33.169000+00:00,0,1351515333
2949876199,3183605169,2012-10-29 12:55:33.169000+00:00,0,1351515333
2949876199,177193417,2012-10-29 12:55:33.169000+00:00,0,1351515333
2949876199,955398943,2012-10-29 12:55:33.169000+00:00,1,1351515333
2949876199,2145977549,2012-10-29 12:55:33.169000+00:00,0,1351515333
2949876199,1600413013,2012-10-29 12:55:41.233000+00:00,1,1351515341
4232243965,3968395368,2012-10-29 12:55:50.796000+00:00,1,1351515350
4232243965,1036837546,2012-10-29 12:56:18.735000+00:00,1,1351515378
4109397627,2942609119,2012-10-29 13:00:34.704000+00:00,0,1351515634
4109397627,3738103740,2012-10-29 13:00:34.704000+00:00,0,1351515634
4109397627,1255629030,2012-10-29 13:00:34.704000+00:00,0,1351515634
4109397627,3554433899,2012-10-29 13:00:34.704000+00:00,0,1351515634
4109397627,3841242017,2012-10-29 13:00:34.704000+00:00,0,1351515634
4109397627,1065552764,2012-10-29 13:00:34.704000+00:00,1,1351515634
4109397627,2131811948,2012-10-29 13:00:37.749000+00:00,1,1351515637
876103013,1381604324,2012-10-29 13:06:52.011000+00:00,0,1351516012
876103013,4153312619,2012-10-29 13:06:52.011000+00:00,1,1351516012
876103013,2131071291,2012-10-29 13:06:52.011000+00:00,0,1351516012
876103013,2498764027,2012-10-29 13:06:52.011000+00:00,0,1351516012
876103013,526068387,2012-10-29 13:06:52.011000+00:00,0,1351516012
876103013,2600467156,2012-10-29 13:06:52.011000+00:00,0,1351516012
876103013,3619281406,2012-10-29 13:06:59.060000+00:00,1,1351516019
876103013,3166241555,2012-10-29 13:09:19.319000+00:00,1,1351516159
358368837,1280269047,2012-10-29 13:16:08.289000+00:00,0,1351516568
358368837,1769487166,2012-10-29 13:16:08.289000+00:00,1,1351516568
358368837,2859670510,2012-10-29 13:16:08.289000+00:00,0,1351516568
358368837,1693226702,2012-10-29 13:16:08.289000+00:00,0,1351516568
358368837,2571460566,2012-10-29 13:16:08.289000+00:00,0,1351516568
358368837,2379850649,2012-10-29 13:16:08.289000+00:00,0,1351516568
358368837,1114350408,2012-10-29 13:16:13.343000+00:00,1,1351516573
358368837,1110231970,2012-10-29 13:16:13.323000+00:00,1,1351516573
358368837,3835917768,2012-10-29 13:16:21.913000+00:00,1,1351516581
983894136,1570840351,2012-10-29 13:23:17.936000+00:00,0,1351516997
983894136,955398943,2012-10-29 13:23:17.936000+00:00,1,1351516997
983894136,2932009302,2012-10-29 13:23:17.936000+00:00,0,1351516997
983894136,3276213471,2012-10-29 13:23:17.936000+00:00,0,1351516997
983894136,1926323783,2012-10-29 13:23:17.936000+00:00,0,1351516997
983894136,3186605940,2012-10-29 13:23:17.936000+00:00,0,1351516997
983894136,1600413013,2012-10-29 13:23:19.989000+00:00,1,1351516999
983894136,3712976999,2012-10-29 13:23:21.010000+00:00,1,1351517001
983894136,2802832059,2012-10-29 13:23:22.534000+00:00,1,1351517002
2979487597,1448086840,2012-10-29 13:40:58.051000+00:00,0,1351518058
2979487597,741936389,2012-10-29 13:40:58.051000+00:00,0,1351518058
2979487597,3658725634,2012-10-29 13:40:58.051000+00:00,1,1351518058
2979487597,1065552764,2012-10-29 13:40:58.051000+00:00,0,1351518058
2979487597,915403718,2012-10-29 13:40:58.051000+00:00,0,1351518058
2979487597,3480624055,2012-10-29 13:40:58.051000+00:00,0,1351518058
4179324570,1448086840,2012-10-29 13:48:28.942000+00:00,0,1351518508
4179324570,1241270051,2012-10-29 13:48:28.942000+00:00,0,1351518508
4179324570,2059512399,2012-10-29 13:48:28.942000+00:00,0,1351518508
4179324570,1826785122,2012-10-29 13:48:28.942000+00:00,1,1351518508
4179324570,780696608,2012-10-29 13:48:28.942000+00:00,0,1351518508
4179324570,1111438174,2012-10-29 13:48:28.942000+00:00,0,1351518508
3773947618,939765972,2012-10-29 13:48:46.826000+00:00,1,1351518526
3773947618,2628680570,2012-10-29 13:48:46.826000+00:00,0,1351518526
3773947618,2375103731,2012-10-29 13:48:46.826000+00:00,0,1351518526
3773947618,1776393554,2012-10-29 13:48:46.826000+00:00,0,1351518526
3773947618,2479111332,2012-10-29 13:48:46.826000+00:00,0,1351518526
3773947618,2012870396,2012-10-29 13:48:46.826000+00:00,0,1351518526
3191592351,1600413013,2012-10-29 13:55:12.517000+00:00,0,1351518912
3191592351,3183605169,2012-10-29 13:55:12.517000+00:00,0,1351518912
3191592351,155693996,2012-10-29 13:55:12.517000+00:00,1,1351518912
3191592351,4114606414,2012-10-29 13:55:12.517000+00:00,0,1351518912
3191592351,3276213471,2012-10-29 13:55:12.517000+00:00,0,1351518912
3191592351,955398943,2012-10-29 13:55:12.517000+00:00,0,1351518912
3427263623,3480624055,2012-10-29 13:56:59.854000+00:00,0,1351519019
3427263623,3500815554,2012-10-29 13:56:59.854000+00:00,0,1351519019
1169270868,274412592,2012-10-29 14:16:09.682000+00:00,0,1351520169
1169270868,2120779072,2012-10-29 14:16:09.682000+00:00,0,1351520169
1169270868,1956101005,2012-10-29 14:16:09.682000+00:00,0,1351520169
1169270868,1036837546,2012-10-29 14:16:09.682000+00:00,0,1351520169
1169270868,1133385189,2012-10-29 14:16:09.682000+00:00,0,1351520169
1169270868,2585193676,2012-10-29 14:16:09.682000+00:00,1,1351520169
197344023,2353865263,2012-10-29 14:20:18.315000+00:00,0,1351520418
197344023,3480624055,2012-10-29 14:20:18.315000+00:00,0,1351520418
197344023,3276213471,2012-10-29 14:20:18.315000+00:00,1,1351520418
197344023,1641900461,2012-10-29 14:20:18.315000+00:00,0,1351520418
197344023,4043315389,2012-10-29 14:20:18.315000+00:00,0,1351520418
197344023,3085508457,2012-10-29 14:20:18.315000+00:00,0,1351520418
197344023,955398943,2012-10-29 14:20:18.835000+00:00,1,1351520418
197344023,642644408,2012-10-29 14:20:31.004000+00:00,1,1351520431
203456139,498238691,2012-10-29 14:26:42.870000+00:00,0,1351520802
203456139,1462902079,2012-10-29 14:26:42.870000+00:00,0,1351520802
203456139,4242816413,2012-10-29 14:26:42.870000+00:00,0,1351520802
203456139,2746202243,2012-10-29 14:26:42.870000+00:00,1,1351520802
203456139,745914541,2012-10-29 14:26:42.870000+00:00,0,1351520802
203456139,2989846146,2012-10-29 14:26:56.993000+00:00,1,1351520816
2345460195,955398943,2012-10-29 14:40:17.118000+00:00,1,1351521617
2345460195,3183605169,2012-10-29 14:40:17.118000+00:00,0,1351521617
2345460195,3276213471,2012-10-29 14:40:17.118000+00:00,0,1351521617
2345460195,1926323783,2012-10-29 14:40:17.118000+00:00,0,1351521617
2345460195,61104529,2012-10-29 14:40:17.118000+00:00,0,1351521617
2345460195,1530709861,2012-10-29 14:40:17.118000+00:00,0,1351521617
2345460195,1600413013,2012-10-29 14:40:34.226000+00:00,1,1351521634
4106525792,2120779072,2012-10-29 14:43:33.210000+00:00,0,1351521813
4106525792,4000251470,2012-10-29 14:43:33.210000+00:00,0,1351521813
4106525792,3592100929,2012-10-29 14:43:33.210000+00:00,1,1351521813
4106525792,3651525181,2012-10-29 14:43:33.210000+00:00,0,1351521813
4106525792,1473256460,2012-10-29 14:43:33.210000+00:00,0,1351521813
4106525792,3643004825,2012-10-29 14:43:33.210000+00:00,0,1351521813
724978354,3046869585,2012-10-29 14:44:07.895000+00:00,0,1351521847
724978354,1865069375,2012-10-29 14:44:07.895000+00:00,0,1351521847
724978354,2249176184,2012-10-29 14:44:07.895000+00:00,1,1351521847
724978354,1241270051,2012-10-29 14:44:07.895000+00:00,0,1351521847
724978354,3416395266,2012-10-29 14:44:07.895000+00:00,0,1351521847
724978354,3480624055,2012-10-29 14:44:07.895000+00:00,0,1351521847
4151484001,1461387354,2012-10-29 14:44:49.845000+00:00,0,1351521889
4151484001,2513953842,2012-10-29 14:44:49.845000+00:00,0,1351521889
4151484001,210393825,2012-10-29 14:44:49.845000+00:00,0,1351521889
4151484001,4064214056,2012-10-29 14:44:49.845000+00:00,0,1351521889
4151484001,3601943023,2012-10-29 14:44:49.845000+00:00,1,1351521889
4151484001,4147483412,2012-10-29 14:44:49.845000+00:00,0,1351521889
4106525792,2324549960,2012-10-29 14:58:10.256000+00:00,1,1351522690
2835299246,4199610453,2012-10-29 15:27:28.682000+00:00,0,1351524448
2835299246,2052212736,2012-10-29 15:27:28.682000+00:00,0,1351524448
2835299246,1448086840,2012-10-29 15:27:28.682000+00:00,1,1351524448
2835299246,217634693,2012-10-29 15:27:28.682000+00:00,0,1351524448
2835299246,1615563600,2012-10-29 15:27:28.682000+00:00,0,1351524448
2815688436,3554433899,2012-10-29 15:29:51.452000+00:00,0,1351524591
2815688436,2603184455,2012-10-29 15:29:51.452000+00:00,1,1351524591
2815688436,2565080891,2012-10-29 15:29:51.452000+00:00,0,1351524591
2815688436,2316176007,2012-10-29 15:29:51.452000+00:00,0,1351524591
2815688436,926605391,2012-10-29 15:29:51.452000+00:00,0,1351524591
2815688436,695149490,2012-10-29 15:29:51.452000+00:00,0,1351524591
2815688436,1370244570,2012-10-29 15:29:52.975000+00:00,1,1351524592
4120847672,4364520,2012-10-29 15:47:15.573000+00:00,0,1351525635
4120847672,321116395,2012-10-29 15:47:15.573000+00:00,0,1351525635
4120847672,834360181,2012-10-29 15:47:15.573000+00:00,1,1351525635
4120847672,2427264930,2012-10-29 15:47:15.573000+00:00,0,1351525635
4120847672,321681951,2012-10-29 15:47:15.573000+00:00,0,1351525635
4120847672,613582690,2012-10-29 15:47:15.573000+00:00,0,1351525635
3761442030,747087672,2012-10-29 15:48:19.868000+00:00,0,1351525699
3761442030,3929337192,2012-10-29 15:48:19.868000+00:00,0,1351525699
3761442030,3793452317,2012-10-29 15:48:19.868000+00:00,0,1351525699
3761442030,4030786582,2012-10-29 15:48:19.868000+00:00,0,1351525699
3761442030,1548928340,2012-10-29 15:48:19.868000+00:00,1,1351525699
3761442030,2750324864,2012-10-29 15:48:19.868000+00:00,0,1351525699
3761442030,2286155514,2012-10-29 15:48:43.076000+00:00,1,1351525723
2815688436,2266281591,2012-10-29 16:07:57.656000+00:00,1,1351526877
1104038607,588161010,2012-10-29 16:18:57.959000+00:00,0,1351527537
1104038607,1448086840,2012-10-29 16:18:57.959000+00:00,0,1351527537
1104038607,1983140495,2012-10-29 16:18:57.959000+00:00,0,1351527537
1104038607,939765972,2012-10-29 16:18:57.959000+00:00,1,1351527537
1104038607,915403718,2012-10-29 16:18:57.959000+00:00,0,1351527537
1104038607,703370904,2012-10-29 16:18:57.959000+00:00,0,1351527537
1679420385,955398943,2012-10-29 16:20:45.789000+00:00,1,1351527645
1679420385,3862634099,2012-10-29 16:20:45.789000+00:00,0,1351527645
1679420385,3621854275,2012-10-29 16:20:45.789000+00:00,0,1351527645
1679420385,1926323783,2012-10-29 16:20:45.789000+00:00,0,1351527645
1679420385,3276213471,2012-10-29 16:20:49.821000+00:00,1,1351527649
1679420385,1600413013,2012-10-29 16:21:17.063000+00:00,1,1351527677
1679420385,547383999,2012-10-29 16:21:21.599000+00:00,1,1351527681
1679420385,3841242017,2012-10-29 16:21:27.654000+00:00,1,1351527687
3244067756,4181743367,2012-10-29 16:24:56.865000+00:00,0,1351527896
3244067756,1133385189,2012-10-29 16:24:56.865000+00:00,0,1351527896
3244067756,1530709861,2012-10-29 16:24:56.865000+00:00,0,1351527896
3244067756,3478765131,2012-10-29 16:24:56.865000+00:00,0,1351527896
3244067756,1522480247,2012-10-29 16:24:56.865000+00:00,1,1351527896
3244067756,3642199129,2012-10-29 16:24:56.865000+00:00,0,1351527896
331502829,2498491194,2012-10-29 16:36:24.589000+00:00,0,1351528584
331502829,952519340,2012-10-29 16:36:24.589000+00:00,0,1351528584
331502829,3048578499,2012-10-29 16:36:24.589000+00:00,0,1351528584
331502829,3950589515,2012-10-29 16:36:24.589000+00:00,0,1351528584
331502829,2442660214,2012-10-29 16:36:24.589000+00:00,1,1351528584
331502829,2073609284,2012-10-29 16:36:24.589000+00:00,0,1351528584
1637039865,741936389,2012-10-29 16:36:42.721000+00:00,0,1351528602
1637039865,3480624055,2012-10-29 16:36:42.721000+00:00,0,1351528602
1637039865,4064214056,2012-10-29 16:36:42.721000+00:00,1,1351528602
1637039865,2527140264,2012-10-29 16:36:42.721000+00:00,0,1351528602
1637039865,306958166,2012-10-29 16:39:04.724000+00:00,1,1351528744
4030714899,4123800071,2012-10-29 16:57:44.431000+00:00,0,1351529864
4030714899,2915789051,2012-10-29 16:57:44.431000+00:00,0,1351529864
4030714899,3443509362,2012-10-29 16:57:44.431000+00:00,0,1351529864
4030714899,2200516096,2012-10-29 16:57:44.431000+00:00,0,1351529864
4030714899,1121879381,2012-10-29 16:57:44.431000+00:00,1,1351529864
4030714899,371151062,2012-10-29 16:57:44.431000+00:00,0,1351529864
2286248913,2102383624,2012-10-29 17:40:48.908000+00:00,1,1351532448
2286248913,3395117104,2012-10-29 17:40:48.908000+00:00,0,1351532448
2286248913,915403718,2012-10-29 17:40:48.908000+00:00,0,1351532448
2286248913,4176317817,2012-10-29 17:40:48.908000+00:00,0,1351532448
2286248913,1448086840,2012-10-29 17:40:48.908000+00:00,0,1351532448
2286248913,2628680570,2012-10-29 17:40:48.908000+00:00,0,1351532448
2818464367,823015621,2012-10-29 18:08:29.549000+00:00,0,1351534109
2818464367,2428145712,2012-10-29 18:08:29.549000+00:00,0,1351534109
1955766052,1042633676,2012-10-29 18:42:20.282000+00:00,0,1351536140
1955766052,1776393554,2012-10-29 18:42:20.282000+00:00,0,1351536140
1955766052,1896396447,2012-10-29 18:42:20.282000+00:00,1,1351536140
1955766052,3213836603,2012-10-29 18:42:20.282000+00:00,0,1351536140
1955766052,3554433899,2012-10-29 18:42:20.282000+00:00,0,1351536140
1955766052,3903656386,2012-10-29 18:42:20.282000+00:00,0,1351536140
1955766052,3403115736,2012-10-29 18:44:44.342000+00:00,1,1351536284
1955766052,3929337192,2012-10-29 18:45:44.297000+00:00,1,1351536344
1955766052,2120836099,2012-10-29 18:49:45.998000+00:00,1,1351536585
3467219840,110357109,2012-10-29 18:49:55.452000+00:00,0,1351536595
3467219840,739161736,2012-10-29 18:49:55.452000+00:00,0,1351536595
3467219840,675888033,2012-10-29 18:49:55.452000+00:00,1,1351536595
3467219840,2428145712,2012-10-29 18:49:55.452000+00:00,0,1351536595
3467219840,799782433,2012-10-29 18:49:55.452000+00:00,0,1351536595
1955766052,2354857659,2012-10-29 18:51:14.356000+00:00,1,1351536674
1640786388,3797841998,2012-10-29 19:03:56.159000+00:00,0,1351537436
1640786388,87962584,2012-10-29 19:03:56.159000+00:00,0,1351537436
1640786388,3199229320,2012-10-29 19:03:56.159000+00:00,0,1351537436
1640786388,2115491671,2012-10-29 19:03:56.159000+00:00,0,1351537436
1640786388,2153037761,2012-10-29 19:03:56.159000+00:00,1,1351537436
1640786388,130493588,2012-10-29 19:03:56.159000+00:00,0,1351537436
2841225823,406293968,2012-10-29 19:33:32.150000+00:00,1,1351539212
2841225823,1133385189,2012-10-29 19:33:32.150000+00:00,0,1351539212
2841225823,239085097,2012-10-29 19:33:32.150000+00:00,0,1351539212
2841225823,4063842421,2012-10-29 19:33:32.150000+00:00,0,1351539212
2841225823,1212947698,2012-10-29 19:33:32.150000+00:00,0,1351539212
2841225823,2803335863,2012-10-29 19:33:32.150000+00:00,0,1351539212
3711334312,1538451457,2012-10-29 19:45:07.418000+00:00,0,1351539907
3711334312,2196568626,2012-10-29 19:45:07.418000+00:00,0,1351539907
3711334312,1100725936,2012-10-29 19:45:07.418000+00:00,0,1351539907
3711334312,3488564904,2012-10-29 19:45:07.418000+00:00,0,1351539907
3711334312,1775237825,2012-10-29 19:45:07.418000+00:00,1,1351539907
3711334312,2465528861,2012-10-29 19:45:07.418000+00:00,0,1351539907
3643380555,622003251,2012-10-29 20:42:27.099000+00:00,0,1351543347
3643380555,834360181,2012-10-29 20:42:27.099000+00:00,0,1351543347
3643380555,4242816413,2012-10-29 20:42:27.099000+00:00,0,1351543347
3643380555,440098296,2012-10-29 20:42:27.099000+00:00,0,1351543347
3643380555,2153037761,2012-10-29 20:42:27.099000+00:00,1,1351543347
3643380555,2115491671,2012-10-29 20:42:27.099000+00:00,0,1351543347
3601021922,1217126194,2012-10-29 21:10:10.670000+00:00,0,1351545010
3601021922,1718632192,2012-10-29 21:10:10.670000+00:00,1,1351545010
3601021922,658933673,2012-10-29 21:10:10.670000+00:00,0,1351545010
3601021922,892071473,2012-10-29 21:10:10.670000+00:00,0,1351545010
3601021922,17653480,2012-10-29 21:10:10.670000+00:00,0,1351545010
3601021922,571947719,2012-10-29 21:10:10.670000+00:00,0,1351545010
2127416756,1693226702,2012-10-29 21:29:37.432000+00:00,0,1351546177
2127416756,4192978272,2012-10-29 21:29:37.432000+00:00,0,1351546177
2127416756,58444357,2012-10-29 21:29:37.432000+00:00,0,1351546177
2127416756,1619013260,2012-10-29 21:29:37.432000+00:00,0,1351546177
2127416756,642644408,2012-10-29 21:29:37.432000+00:00,1,1351546177
2127416756,3418415418,2012-10-29 21:29:37.432000+00:00,0,1351546177
2127416756,3418302627,2012-10-29 21:29:41.986000+00:00,1,1351546181
2127416756,2503422360,2012-10-29 21:31:36.054000+00:00,0,1351546296
2127416756,4225120855,2012-10-29 21:32:06.351000+00:00,1,1351546326
1075504486,2571050863,2012-10-29 21:35:39.600000+00:00,0,1351546539
1075504486,3494504561,2012-10-29 21:35:39.600000+00:00,0,1351546539
1075504486,1544421101,2012-10-29 21:35:39.600000+00:00,0,1351546539
1075504486,3623190628,2012-10-29 21:35:39.600000+00:00,0,1351546539
1075504486,1346475100,2012-10-29 21:35:39.600000+00:00,0,1351546539
1075504486,82114475,2012-10-29 21:35:39.600000+00:00,1,1351546539
1075504486,2153037761,2012-10-29 21:35:41.129000+00:00,1,1351546541
3325628838,2115491671,2012-10-29 21:49:15.085000+00:00,1,1351547355
3325628838,2824024899,2012-10-29 21:49:15.085000+00:00,0,1351547355
3325628838,3289683998,2012-10-29 21:49:15.085000+00:00,0,1351547355
3325628838,1386404286,2012-10-29 21:49:15.085000+00:00,0,1351547355
3325628838,1306613841,2012-10-29 21:49:15.085000+00:00,0,1351547355
3325628838,3797841998,2012-10-29 21:49:15.085000+00:00,0,1351547355
3325628838,4242816413,2012-10-29 21:49:16.613000+00:00,1,1351547356
2957852218,2742045342,2012-10-29 21:51:29.845000+00:00,0,1351547489
2957852218,1265003645,2012-10-29 21:51:29.845000+00:00,0,1351547489
2957852218,2814929505,2012-10-29 21:51:29.845000+00:00,1,1351547489
2957852218,1903272028,2012-10-29 21:51:29.845000+00:00,0,1351547489
2957852218,3281109970,2012-10-29 21:51:29.845000+00:00,0,1351547489
2957852218,1295729468,2012-10-29 21:51:29.845000+00:00,0,1351547489
2990855864,1179474743,2012-10-29 22:16:02.330000+00:00,0,1351548962
2990855864,4272211954,2012-10-29 22:16:02.330000+00:00,0,1351548962
2990855864,2153037761,2012-10-29 22:16:02.330000+00:00,1,1351548962
2990855864,2983692212,2012-10-29 22:16:02.330000+00:00,0,1351548962
2990855864,1613671569,2012-10-29 22:16:02.330000+00:00,0,1351548962
2990855864,3773489407,2012-10-29 22:16:02.330000+00:00,0,1351548962
3186577794,263253434,2012-10-29 22:24:48.769000+00:00,0,1351549488
3186577794,1926323783,2012-10-29 22:24:48.769000+00:00,0,1351549488
3186577794,3276213471,2012-10-29 22:24:48.769000+00:00,0,1351549488
3186577794,955398943,2012-10-29 22:24:48.769000+00:00,0,1351549488
3186577794,1114350408,2012-10-29 22:24:48.769000+00:00,1,1351549488
3186577794,1693484585,2012-10-29 22:24:48.769000+00:00,0,1351549488
1006838695,3480624055,2012-10-29 22:29:38.443000+00:00,1,1351549778
1006838695,3047285147,2012-10-29 22:29:38.443000+00:00,0,1351549778
1006838695,2914345387,2012-10-29 22:29:38.443000+00:00,0,1351549778
1006838695,724333082,2012-10-29 22:29:38.443000+00:00,0,1351549778
1006838695,87251102,2012-10-29 22:31:49.122000+00:00,0,1351549909
1006838695,1896310801,2012-10-29 22:32:07.775000+00:00,1,1351549927
1006838695,2406574033,2012-10-29 22:32:58.077000+00:00,0,1351549978
1889089758,2446538932,2012-10-29 22:34:49.756000+00:00,0,1351550089
1889089758,615851431,2012-10-29 22:34:49.756000+00:00,0,1351550089
1889089758,307217744,2012-10-29 22:34:49.756000+00:00,0,1351550089
1889089758,3731945988,2012-10-29 22:34:49.756000+00:00,1,1351550089
1889089758,3225608485,2012-10-29 22:34:49.756000+00:00,0,1351550089
1889089758,748520427,2012-10-29 22:34:49.756000+00:00,0,1351550089
677048573,3920286067,2012-10-29 22:40:45.583000+00:00,0,1351550445
677048573,889355158,2012-10-29 22:40:45.583000+00:00,1,1351550445
677048573,2120779072,2012-10-29 22:40:45.583000+00:00,0,1351550445
677048573,939765972,2012-10-29 22:40:45.583000+00:00,0,1351550445
677048573,741936389,2012-10-29 22:40:45.583000+00:00,0,1351550445
677048573,1448086840,2012-10-29 22:40:45.583000+00:00,0,1351550445
677048573,757019021,2012-10-29 22:41:36.087000+00:00,1,1351550496
203456139,4242816413,2012-10-29 22:45:19.783000+00:00,0,1351550719
203456139,745914541,2012-10-29 22:45:19.783000+00:00,0,1351550719
203456139,498238691,2012-10-29 22:45:19.783000+00:00,0,1351550719
203456139,2153037761,2012-10-29 22:45:19.783000+00:00,1,1351550719
203456139,1462902079,2012-10-29 22:45:19.783000+00:00,0,1351550719
2316950688,1693226702,2012-10-29 23:05:23.104000+00:00,0,1351551923
2316950688,1619013260,2012-10-29 23:05:23.104000+00:00,0,1351551923
2316950688,3183605169,2012-10-29 23:05:23.104000+00:00,0,1351551923
2316950688,955398943,2012-10-29 23:05:23.104000+00:00,1,1351551923
2316950688,2145977549,2012-10-29 23:05:23.104000+00:00,0,1351551923
2316950688,3418415418,2012-10-29 23:05:23.104000+00:00,0,1351551923
3208908819,1530709861,2012-10-29 23:28:55.847000+00:00,0,1351553335
3208908819,2621503414,2012-10-29 23:28:55.847000+00:00,1,1351553335
3208908819,1133385189,2012-10-29 23:28:55.847000+00:00,0,1351553335
3208908819,4067439692,2012-10-29 23:28:55.847000+00:00,0,1351553335
3208908819,2167442343,2012-10-29 23:28:55.847000+00:00,0,1351553335
3208908819,491131434,2012-10-29 23:28:55.847000+00:00,0,1351553335
3208908819,2700628625,2012-10-29 23:37:39.572000+00:00,1,1351553859
4198845543,1991938600,2012-10-29 23:39:08.549000+00:00,0,1351553948
4198845543,2115491671,2012-10-29 23:39:08.549000+00:00,1,1351553948
4198845543,2150848115,2012-10-29 23:39:08.549000+00:00,0,1351553948
4198845543,3365249126,2012-10-29 23:39:08.549000+00:00,0,1351553948
3814621161,130493588,2012-10-29 23:39:12.082000+00:00,0,1351553952
3814621161,2150848115,2012-10-29 23:39:12.082000+00:00,0,1351553952
3814621161,2465528861,2012-10-29 23:39:12.082000+00:00,0,1351553952
3814621161,3199229320,2012-10-29 23:39:12.082000+00:00,0,1351553952
3814621161,87962584,2012-10-29 23:39:12.082000+00:00,0,1351553952
3814621161,2115491671,2012-10-29 23:39:12.082000+00:00,1,1351553952
3814621161,2153037761,2012-10-29 23:40:24.134000+00:00,1,1351554024
4198845543,370008848,2012-10-29 23:43:58.992000+00:00,1,1351554238
2890295436,3712819742,2012-10-29 23:50:58.370000+00:00,0,1351554658
2890295436,2829598154,2012-10-29 23:50:58.370000+00:00,0,1351554658
2890295436,2030801280,2012-10-29 23:50:58.370000+00:00,0,1351554658
2890295436,889355158,2012-10-29 23:50:58.370000+00:00,1,1351554658
2890295436,1776393554,2012-10-29 23:50:58.370000+00:00,0,1351554658
2890295436,2923175068,2012-10-29 23:50:58.370000+00:00,0,1351554658
2890295436,1273761447,2012-10-29 23:52:10.106000+00:00,1,1351554730
3122564522,1050013861,2012-10-30 00:08:59.526000+00:00,0,1351555739
3122564522,2879803329,2012-10-30 00:08:59.526000+00:00,0,1351555739
3122564522,1370244570,2012-10-30 00:08:59.526000+00:00,1,1351555739
3122564522,3398901860,2012-10-30 00:08:59.526000+00:00,0,1351555739
3122564522,3572543455,2012-10-30 00:08:59.526000+00:00,0,1351555739
3122564522,1441681484,2012-10-30 00:08:59.526000+00:00,0,1351555739
3122564522,850767885,2012-10-30 00:10:10.631000+00:00,1,1351555810
3221482892,87962584,2012-10-30 00:26:33.009000+00:00,0,1351556793
3221482892,3199229320,2012-10-30 00:26:33.009000+00:00,0,1351556793
3221482892,1287884858,2012-10-30 00:26:33.009000+00:00,0,1351556793
3221482892,130493588,2012-10-30 00:26:33.009000+00:00,0,1351556793
3221482892,179400585,2012-10-30 00:26:33.009000+00:00,0,1351556793
3221482892,3400311907,2012-10-30 00:26:33.009000+00:00,1,1351556793
3867241412,3929337192,2012-10-30 00:27:15.903000+00:00,0,1351556835
3867241412,1255629030,2012-10-30 00:27:15.903000+00:00,0,1351556835
3867241412,1111438174,2012-10-30 00:27:15.903000+00:00,0,1351556835
3867241412,2157199483,2012-10-30 00:27:15.903000+00:00,0,1351556835
3867241412,3480624055,2012-10-30 00:27:15.903000+00:00,1,1351556835
3867241412,2101810388,2012-10-30 00:27:15.903000+00:00,0,1351556835
4168402703,1985153611,2012-10-30 00:44:29.066000+00:00,0,1351557869
4168402703,309860528,2012-10-30 00:44:29.066000+00:00,0,1351557869
4168402703,760705045,2012-10-30 00:44:29.066000+00:00,0,1351557869
4168402703,3601943023,2012-10-30 00:44:29.066000+00:00,1,1351557869
4168402703,1461387354,2012-10-30 00:44:40.638000+00:00,1,1351557880
571210795,2751935691,2012-10-30 00:45:41.535000+00:00,0,1351557941
571210795,2877011901,2012-10-30 00:45:41.535000+00:00,0,1351557941
571210795,3390105219,2012-10-30 00:45:41.535000+00:00,0,1351557941
571210795,4253071998,2012-10-30 00:45:41.535000+00:00,0,1351557941
571210795,4198728308,2012-10-30 00:45:41.535000+00:00,1,1351557941
571210795,1409394408,2012-10-30 00:45:43.604000+00:00,1,1351557943
4168402703,256821264,2012-10-30 00:45:53.163000+00:00,1,1351557953
491263047,915403718,2012-10-30 00:49:27.412000+00:00,0,1351558167
491263047,3395117104,2012-10-30 00:49:27.412000+00:00,1,1351558167
491263047,2429675854,2012-10-30 00:49:27.412000+00:00,0,1351558167
491263047,2628680570,2012-10-30 00:49:27.412000+00:00,0,1351558167
491263047,462519665,2012-10-30 00:49:27.412000+00:00,0,1351558167
491263047,1245942866,2012-10-30 00:49:27.412000+00:00,0,1351558167
4168402703,4147483412,2012-10-30 00:49:41.501000+00:00,1,1351558181
491263047,1000481836,2012-10-30 00:49:49.092000+00:00,1,1351558189
4168402703,210393825,2012-10-30 00:49:50.132000+00:00,1,1351558190
3395257600,1060275544,2012-10-30 01:17:09.306000+00:00,0,1351559829
3395257600,1776393554,2012-10-30 01:17:09.306000+00:00,0,1351559829
3395257600,2923175068,2012-10-30 01:17:09.306000+00:00,1,1351559829
3395257600,1677401781,2012-10-30 01:17:09.306000+00:00,0,1351559829
3395257600,98978060,2012-10-30 01:18:00.612000+00:00,1,1351559880
3395257600,4082601014,2012-10-30 01:18:24.781000+00:00,1,1351559904
3395257600,588161010,2012-10-30 01:18:38.893000+00:00,1,1351559918
1669357187,827868550,2012-10-30 01:33:39.848000+00:00,0,1351560819
1669357187,2914345387,2012-10-30 01:33:39.848000+00:00,0,1351560819
1669357187,767851936,2012-10-30 01:33:39.848000+00:00,1,1351560819
1669357187,3696272381,2012-10-30 01:33:39.848000+00:00,0,1351560819
1669357187,3480624055,2012-10-30 01:33:39.848000+00:00,0,1351560819
1669357187,1526669491,2012-10-30 01:33:39.848000+00:00,0,1351560819
1669357187,3798981472,2012-10-30 01:34:03.053000+00:00,1,1351560843
4236494,110357109,2012-10-30 01:48:25.617000+00:00,0,1351561705
4236494,799782433,2012-10-30 01:48:25.617000+00:00,1,1351561705
4236494,2352676247,2012-10-30 01:48:25.617000+00:00,0,1351561705
4236494,823015621,2012-10-30 01:48:25.617000+00:00,0,1351561705
4236494,2790605371,2012-10-30 01:48:25.617000+00:00,0,1351561705
4236494,152418051,2012-10-30 01:48:28.645000+00:00,1,1351561708
4236494,4203627753,2012-10-30 01:49:14.152000+00:00,1,1351561754
3613178093,335009647,2012-10-30 01:56:45.982000+00:00,1,1351562205
3613178093,2758356392,2012-10-30 01:56:45.982000+00:00,0,1351562205
3613178093,2071994542,2012-10-30 01:56:45.982000+00:00,0,1351562205
3613178093,1641407061,2012-10-30 01:56:45.982000+00:00,0,1351562205
3613178093,179926081,2012-10-30 01:57:21.036000+00:00,1,1351562241
3613178093,3463808524,2012-10-30 01:57:25.128000+00:00,1,1351562245
3613178093,2307150378,2012-10-30 01:57:30.729000+00:00,1,1351562250
1418885681,1530709861,2012-10-30 02:05:34.891000+00:00,0,1351562734
1418885681,534708903,2012-10-30 02:05:34.891000+00:00,0,1351562734
1418885681,1455527953,2012-10-30 02:05:34.891000+00:00,0,1351562734
1418885681,3351667733,2012-10-30 02:05:34.891000+00:00,0,1351562734
1418885681,1868735086,2012-10-30 02:05:34.891000+00:00,1,1351562734
1418885681,2455869070,2012-10-30 02:05:46.023000+00:00,1,1351562746
3909997753,152418051,2012-10-30 02:25:44.218000+00:00,0,1351563944
3909997753,4203627753,2012-10-30 02:28:28.411000+00:00,0,1351564108
3909997753,1597380017,2012-10-30 02:28:49.670000+00:00,0,1351564129
3909997753,2428145712,2012-10-30 02:28:49.670000+00:00,0,1351564129
3909997753,3509100603,2012-10-30 02:28:49.670000+00:00,1,1351564129
3909997753,823015621,2012-10-30 02:28:49.670000+00:00,0,1351564129
3909997753,799782433,2012-10-30 02:28:49.670000+00:00,0,1351564129
3909997753,3984042837,2012-10-30 02:28:49.670000+00:00,0,1351564129
1144485498,1776393554,2012-10-30 02:32:46.911000+00:00,0,1351564366
1144485498,1448086840,2012-10-30 02:32:46.911000+00:00,1,1351564366
1144485498,4140154751,2012-10-30 02:32:46.911000+00:00,0,1351564366
1144485498,1699561506,2012-10-30 02:32:46.911000+00:00,0,1351564366
1144485498,4202496185,2012-10-30 02:32:46.911000+00:00,0,1351564366
1144485498,3855347794,2012-10-30 02:32:46.911000+00:00,0,1351564366
403467810,2418142030,2012-10-30 02:38:45.144000+00:00,0,1351564725
403467810,3849306291,2012-10-30 02:38:45.144000+00:00,0,1351564725
403467810,2007279414,2012-10-30 02:38:45.144000+00:00,0,1351564725
403467810,2073609284,2012-10-30 02:38:45.144000+00:00,0,1351564725
403467810,268233790,2012-10-30 02:38:45.144000+00:00,0,1351564725
403467810,2498491194,2012-10-30 02:38:45.144000+00:00,1,1351564725
403467810,910169576,2012-10-30 02:38:59.039000+00:00,1,1351564739
3815063730,1262914219,2012-10-30 03:21:17.642000+00:00,0,1351567277
3815063730,78836202,2012-10-30 03:21:17.642000+00:00,0,1351567277
3815063730,1820863098,2012-10-30 03:21:17.642000+00:00,0,1351567277
3815063730,1815158976,2012-10-30 03:21:17.642000+00:00,0,1351567277
3815063730,2568940360,2012-10-30 03:21:17.642000+00:00,0,1351567277
3815063730,2456081670,2012-10-30 03:21:17.642000+00:00,1,1351567277
3815063730,1764873344,2012-10-30 03:21:23.687000+00:00,1,1351567283
3815063730,1667438718,2012-10-30 03:21:30.728000+00:00,1,1351567290
3505511916,952519340,2012-10-30 03:23:29.559000+00:00,0,1351567409
3505511916,268233790,2012-10-30 03:23:29.559000+00:00,0,1351567409
3505511916,2007279414,2012-10-30 03:23:29.559000+00:00,0,1351567409
3505511916,3048578499,2012-10-30 03:23:29.559000+00:00,0,1351567409
3505511916,1451401793,2012-10-30 03:23:29.559000+00:00,1,1351567409
3505511916,2149464820,2012-10-30 03:23:29.559000+00:00,0,1351567409
3505511916,2498491194,2012-10-30 03:23:31.584000+00:00,1,1351567411
3513858183,952519340,2012-10-30 03:27:15.173000+00:00,0,1351567635
3513858183,1816813281,2012-10-30 03:27:15.173000+00:00,1,1351567635
3513858183,2149464820,2012-10-30 03:27:15.173000+00:00,0,1351567635
3513858183,2007279414,2012-10-30 03:27:15.173000+00:00,0,1351567635
3513858183,1203717384,2012-10-30 03:27:15.173000+00:00,0,1351567635
3513858183,2073609284,2012-10-30 03:27:15.173000+00:00,0,1351567635
3815063730,2163214170,2012-10-30 03:33:22.802000+00:00,1,1351568002
3279061945,646715160,2012-10-30 03:36:03.392000+00:00,0,1351568163
3279061945,3083345340,2012-10-30 03:36:03.392000+00:00,1,1351568163
3279061945,153348140,2012-10-30 03:36:03.392000+00:00,0,1351568163
3279061945,2633697384,2012-10-30 03:36:03.392000+00:00,0,1351568163
1701323236,462519665,2012-10-30 03:45:23.405000+00:00,1,1351568723
1701323236,859536802,2012-10-30 03:45:23.405000+00:00,0,1351568723
1701323236,1699561506,2012-10-30 03:45:23.405000+00:00,0,1351568723
1701323236,780696608,2012-10-30 03:45:23.405000+00:00,0,1351568723
1701323236,4048136503,2012-10-30 03:45:23.405000+00:00,0,1351568723
1701323236,4253071998,2012-10-30 03:45:23.405000+00:00,0,1351568723
2408246939,3709849423,2012-10-30 03:50:57.189000+00:00,0,1351569057
2408246939,2968725372,2012-10-30 03:50:57.189000+00:00,0,1351569057
2408246939,1949859321,2012-10-30 03:50:57.189000+00:00,1,1351569057
2408246939,1776393554,2012-10-30 03:50:57.189000+00:00,0,1351569057
2408246939,4106338184,2012-10-30 03:50:57.189000+00:00,0,1351569057
2408246939,1685190005,2012-10-30 03:50:57.189000+00:00,0,1351569057
2408246939,1829799030,2012-10-30 03:51:11.802000+00:00,1,1351569071
1879459765,3192816058,2012-10-30 03:53:36.046000+00:00,0,1351569216
1879459765,2007279414,2012-10-30 03:53:36.046000+00:00,0,1351569216
1879459765,258093774,2012-10-30 03:53:36.046000+00:00,0,1351569216
1879459765,2367415614,2012-10-30 03:53:36.046000+00:00,1,1351569216
1879459765,3287340168,2012-10-30 03:54:21.162000+00:00,1,1351569261
1879459765,2704074844,2012-10-30 03:54:31.279000+00:00,1,1351569271
2408246939,588161010,2012-10-30 03:55:43.315000+00:00,1,1351569343
2408246939,2628680570,2012-10-30 03:56:00.432000+00:00,1,1351569360
1865714809,3192664309,2012-10-30 04:16:57.600000+00:00,0,1351570617
1865714809,2750324864,2012-10-30 04:16:57.600000+00:00,0,1351570617
1865714809,1699561506,2012-10-30 04:16:57.600000+00:00,0,1351570617
1865714809,1448086840,2012-10-30 04:16:57.600000+00:00,1,1351570617
1421630185,910169576,2012-10-30 04:17:26.173000+00:00,1,1351570646
1421630185,2007279414,2012-10-30 04:17:26.173000+00:00,0,1351570646
1421630185,952519340,2012-10-30 04:17:26.173000+00:00,0,1351570646
1421630185,3048578499,2012-10-30 04:17:26.173000+00:00,0,1351570646
1421630185,2498491194,2012-10-30 04:17:26.173000+00:00,0,1351570646
1421630185,4080944038,2012-10-30 04:17:26.173000+00:00,0,1351570646
2723513568,2120779072,2012-10-30 04:20:51.174000+00:00,0,1351570851
2723513568,588161010,2012-10-30 04:20:51.174000+00:00,1,1351570851
2723513568,2628680570,2012-10-30 04:20:51.174000+00:00,0,1351570851
2723513568,2288419571,2012-10-30 04:20:51.174000+00:00,0,1351570851
2723513568,3709849423,2012-10-30 04:20:51.174000+00:00,0,1351570851
2723513568,2145727940,2012-10-30 04:20:51.174000+00:00,0,1351570851
1301544506,1133385189,2012-10-30 05:00:54.309000+00:00,0,1351573254
1301544506,137663137,2012-10-30 05:00:54.309000+00:00,0,1351573254
1301544506,1926323783,2012-10-30 05:00:54.309000+00:00,0,1351573254
1301544506,955398943,2012-10-30 05:00:54.309000+00:00,1,1351573254
1301544506,3276213471,2012-10-30 05:00:54.309000+00:00,0,1351573254
1301544506,3466523662,2012-10-30 05:00:54.309000+00:00,0,1351573254
1301544506,1600413013,2012-10-30 05:01:09.049000+00:00,0,1351573269
3076967009,3702049129,2012-10-30 05:09:30.082000+00:00,0,1351573770
3076967009,1699561506,2012-10-30 05:09:30.082000+00:00,0,1351573770
3076967009,88942214,2012-10-30 05:09:30.082000+00:00,0,1351573770
3076967009,1860569646,2012-10-30 05:09:30.082000+00:00,0,1351573770
3076967009,1798301244,2012-10-30 05:09:30.082000+00:00,0,1351573770
3076967009,1448086840,2012-10-30 05:09:30.082000+00:00,1,1351573770
3771702031,1162342688,2012-10-30 05:17:34.323000+00:00,0,1351574254
3771702031,627338344,2012-10-30 05:17:34.323000+00:00,0,1351574254
3771702031,1052881626,2012-10-30 05:17:34.323000+00:00,0,1351574254
3771702031,1776393554,2012-10-30 05:17:34.323000+00:00,0,1351574254
3771702031,3481452244,2012-10-30 05:17:34.323000+00:00,0,1351574254
3771702031,4265893001,2012-10-30 05:17:34.323000+00:00,1,1351574254
4012638060,3929337192,2012-10-30 05:20:34.234000+00:00,1,1351574434
4012638060,3967878081,2012-10-30 05:20:34.234000+00:00,0,1351574434
4012638060,2291983990,2012-10-30 05:20:34.234000+00:00,0,1351574434
4012638060,2081500137,2012-10-30 05:20:34.234000+00:00,0,1351574434
4012638060,2397776798,2012-10-30 05:20:34.234000+00:00,0,1351574434
3947821070,2149464820,2012-10-30 05:22:48.038000+00:00,0,1351574568
3947821070,1920873214,2012-10-30 05:22:48.038000+00:00,0,1351574568
3947821070,2498491194,2012-10-30 05:22:48.038000+00:00,1,1351574568
3947821070,3309338938,2012-10-30 05:22:48.038000+00:00,0,1351574568
3947821070,1203717384,2012-10-30 05:22:48.038000+00:00,0,1351574568
3947821070,2007279414,2012-10-30 05:22:48.038000+00:00,0,1351574568
3947821070,910169576,2012-10-30 05:22:54.578000+00:00,1,1351574574
3947821070,952519340,2012-10-30 05:23:03.167000+00:00,1,1351574583
1155485546,1816813281,2012-10-30 05:28:08.398000+00:00,1,1351574888
1155485546,2518909170,2012-10-30 05:28:08.398000+00:00,0,1351574888
1155485546,1071582440,2012-10-30 05:28:08.398000+00:00,0,1351574888
1155485546,2073609284,2012-10-30 05:28:08.398000+00:00,0,1351574888
1155485546,1530709861,2012-10-30 05:28:08.398000+00:00,0,1351574888
1155485546,2498491194,2012-10-30 05:28:14.658000+00:00,1,1351574894
840865386,1973916091,2012-10-30 05:35:55.026000+00:00,1,1351575355
840865386,623791878,2012-10-30 05:35:55.026000+00:00,0,1351575355
840865386,3531332626,2012-10-30 05:35:55.026000+00:00,0,1351575355
840865386,3408530820,2012-10-30 05:35:55.026000+00:00,0,1351575355
840865386,1297375856,2012-10-30 05:35:55.026000+00:00,0,1351575355
840865386,3259486668,2012-10-30 05:35:55.026000+00:00,0,1351575355
840865386,378308819,2012-10-30 05:35:56.573000+00:00,1,1351575356
840865386,616825218,2012-10-30 05:35:57.594000+00:00,1,1351575357
840865386,546889678,2012-10-30 05:36:19.894000+00:00,1,1351575379
840865386,3126631984,2012-10-30 05:36:39.053000+00:00,1,1351575399
840865386,2998372996,2012-10-30 05:36:57.187000+00:00,1,1351575417
659725808,3256009463,2012-10-30 05:56:03.721000+00:00,0,1351576563
659725808,3047285147,2012-10-30 05:56:03.721000+00:00,0,1351576563
659725808,955398943,2012-10-30 05:56:03.721000+00:00,1,1351576563
659725808,3276213471,2012-10-30 05:56:03.721000+00:00,0,1351576563
659725808,101008559,2012-10-30 05:56:03.721000+00:00,0,1351576563
659725808,3183605169,2012-10-30 05:56:03.721000+00:00,0,1351576563
659725808,2822187055,2012-10-30 05:56:18.390000+00:00,1,1351576578
1072368701,3339219031,2012-10-30 05:58:15.633000+00:00,0,1351576695
1072368701,3509100603,2012-10-30 05:58:15.633000+00:00,0,1351576695
1072368701,4203627753,2012-10-30 05:58:15.633000+00:00,0,1351576695
1072368701,3984042837,2012-10-30 05:58:15.633000+00:00,0,1351576695
1072368701,675888033,2012-10-30 05:58:15.633000+00:00,0,1351576695
1072368701,110357109,2012-10-30 05:58:15.633000+00:00,1,1351576695
2673355078,741936389,2012-10-30 06:06:11.892000+00:00,0,1351577171
2673355078,3012567312,2012-10-30 06:06:11.892000+00:00,0,1351577171
2673355078,196335814,2012-10-30 06:06:11.892000+00:00,0,1351577171
2673355078,2168006553,2012-10-30 06:06:11.892000+00:00,0,1351577171
2673355078,3331186835,2012-10-30 06:06:11.892000+00:00,1,1351577171
2673355078,2120779072,2012-10-30 06:06:11.892000+00:00,0,1351577171
2673355078,3480624055,2012-10-30 06:06:18.371000+00:00,1,1351577178
3625917937,402856544,2012-10-30 06:16:06.499000+00:00,0,1351577766
3625917937,695149490,2012-10-30 06:16:06.499000+00:00,0,1351577766
3625917937,959243663,2012-10-30 06:16:06.499000+00:00,0,1351577766
3625917937,1133385189,2012-10-30 06:16:06.499000+00:00,1,1351577766
3625917937,1865069375,2012-10-30 06:16:06.499000+00:00,0,1351577766
3625917937,1517979198,2012-10-30 06:16:06.499000+00:00,0,1351577766
2722906127,952519340,2012-10-30 06:22:53.153000+00:00,1,1351578173
2722906127,2007279414,2012-10-30 06:22:53.153000+00:00,0,1351578173
2722906127,2073609284,2012-10-30 06:22:53.153000+00:00,0,1351578173
2722906127,2149464820,2012-10-30 06:22:53.153000+00:00,0,1351578173
1923507186,3185692431,2012-10-30 06:30:19.403000+00:00,0,1351578619
1923507186,152418051,2012-10-30 06:30:19.403000+00:00,0,1351578619
1923507186,4203627753,2012-10-30 06:30:19.403000+00:00,1,1351578619
1923507186,3984042837,2012-10-30 06:30:19.403000+00:00,0,1351578619
1923507186,823015621,2012-10-30 06:30:19.403000+00:00,0,1351578619
3594879390,3029364681,2012-10-30 06:38:41.893000+00:00,0,1351579121
3594879390,1699561506,2012-10-30 06:38:41.893000+00:00,0,1351579121
3594879390,2527756366,2012-10-30 06:38:41.893000+00:00,0,1351579121
3594879390,2628680570,2012-10-30 06:38:41.893000+00:00,0,1351579121
3594879390,995077958,2012-10-30 06:38:41.893000+00:00,0,1351579121
3594879390,1170338316,2012-10-30 06:38:41.893000+00:00,1,1351579121
3554343310,2153037761,2012-10-30 06:40:57.258000+00:00,1,1351579257
3554343310,2115491671,2012-10-30 06:40:57.258000+00:00,0,1351579257
3554343310,834360181,2012-10-30 06:40:57.258000+00:00,0,1351579257
3554343310,1485887263,2012-10-30 06:40:57.258000+00:00,0,1351579257
3554343310,4231641706,2012-10-30 06:40:57.258000+00:00,0,1351579257
3554343310,666088517,2012-10-30 06:40:57.258000+00:00,0,1351579257
2614389627,2790605371,2012-10-30 06:58:13.413000+00:00,1,1351580293
2614389627,1597380017,2012-10-30 06:58:13.413000+00:00,0,1351580293
2614389627,2352676247,2012-10-30 06:58:13.413000+00:00,0,1351580293
2614389627,1859823732,2012-10-30 06:58:13.413000+00:00,0,1351580293
2614389627,823015621,2012-10-30 06:58:13.413000+00:00,0,1351580293
2614389627,2428145712,2012-10-30 06:58:13.413000+00:00,0,1351580293
2383553413,1159701801,2012-10-30 06:59:46.051000+00:00,0,1351580386
2383553413,4121208467,2012-10-30 06:59:46.051000+00:00,1,1351580386
2383553413,322709533,2012-10-30 06:59:46.051000+00:00,0,1351580386
2383553413,534708903,2012-10-30 06:59:46.051000+00:00,0,1351580386
2383553413,2286155514,2012-10-30 07:00:11.298000+00:00,1,1351580411
2383553413,2168006553,2012-10-30 07:00:29.143000+00:00,1,1351580429
3861090052,2784263725,2012-10-30 07:00:33.896000+00:00,0,1351580433
3861090052,1600413013,2012-10-30 07:00:33.896000+00:00,0,1351580433
3861090052,955398943,2012-10-30 07:00:33.896000+00:00,1,1351580433
3861090052,3276213471,2012-10-30 07:00:33.896000+00:00,0,1351580433
3861090052,3856652715,2012-10-30 07:00:33.896000+00:00,0,1351580433
3861090052,1926323783,2012-10-30 07:00:33.896000+00:00,0,1351580433
2383553413,1548928340,2012-10-30 07:00:47.658000+00:00,1,1351580447
1634011224,955398943,2012-10-30 07:06:42.025000+00:00,0,1351580802
1634011224,1600413013,2012-10-30 07:06:42.025000+00:00,1,1351580802
1634011224,3276213471,2012-10-30 07:06:42.025000+00:00,0,1351580802
1634011224,3183605169,2012-10-30 07:06:42.025000+00:00,0,1351580802
1634011224,239276659,2012-10-30 07:06:42.025000+00:00,0,1351580802
1634011224,1926323783,2012-10-30 07:06:42.025000+00:00,0,1351580802
398134674,1407801833,2012-10-30 07:07:00.329000+00:00,0,1351580820
398134674,1816813281,2012-10-30 07:07:00.329000+00:00,0,1351580820
398134674,2007279414,2012-10-30 07:07:00.329000+00:00,0,1351580820
398134674,2073609284,2012-10-30 07:07:00.329000+00:00,0,1351580820
398134674,910169576,2012-10-30 07:07:00.329000+00:00,1,1351580820
398134674,3048578499,2012-10-30 07:07:00.329000+00:00,0,1351580820
1482478167,1151525474,2012-10-30 07:07:46.618000+00:00,0,1351580866
1482478167,2007279414,2012-10-30 07:07:46.618000+00:00,0,1351580866
1482478167,1203717384,2012-10-30 07:07:46.618000+00:00,0,1351580866
1482478167,2149464820,2012-10-30 07:07:46.618000+00:00,0,1351580866
1482478167,1902753965,2012-10-30 07:07:46.618000+00:00,0,1351580866
1482478167,2498491194,2012-10-30 07:07:46.618000+00:00,1,1351580866
1482478167,2442660214,2012-10-30 07:07:52.682000+00:00,1,1351580872
160071273,1597380017,2012-10-30 07:10:54.838000+00:00,0,1351581054
160071273,199746426,2012-10-30 07:10:54.838000+00:00,0,1351581054
160071273,3509100603,2012-10-30 07:10:54.838000+00:00,1,1351581054
160071273,152418051,2012-10-30 07:10:54.838000+00:00,0,1351581054
160071273,4203627753,2012-10-30 07:10:54.838000+00:00,0,1351581054
160071273,2428145712,2012-10-30 07:10:54.838000+00:00,0,1351581054
167200370,915403718,2012-10-30 07:15:49.063000+00:00,0,1351581349
167200370,2379850649,2012-10-30 07:15:49.063000+00:00,1,1351581349
167200370,1699561506,2012-10-30 07:15:49.063000+00:00,0,1351581349
167200370,1750407174,2012-10-30 07:15:49.063000+00:00,0,1351581349
167200370,2748209109,2012-10-30 07:15:49.063000+00:00,0,1351581349
3527940337,3276213471,2012-10-30 07:18:37.041000+00:00,0,1351581517
3527940337,4192982636,2012-10-30 07:18:37.041000+00:00,1,1351581517
3527940337,3183605169,2012-10-30 07:18:37.041000+00:00,0,1351581517
3527940337,3358064160,2012-10-30 07:18:37.041000+00:00,0,1351581517
3527940337,585240880,2012-10-30 07:18:37.041000+00:00,0,1351581517
3527940337,598832150,2012-10-30 07:18:37.041000+00:00,0,1351581517
3527940337,955398943,2012-10-30 07:18:46.180000+00:00,1,1351581526
3527940337,1600413013,2012-10-30 07:19:05.805000+00:00,1,1351581545
304983697,1718512557,2012-10-30 07:20:43.455000+00:00,0,1351581643
304983697,1530709861,2012-10-30 07:20:43.455000+00:00,0,1351581643
304983697,1427376534,2012-10-30 07:20:43.455000+00:00,0,1351581643
304983697,1964407998,2012-10-30 07:20:43.455000+00:00,0,1351581643
304983697,666750527,2012-10-30 07:20:43.455000+00:00,0,1351581643
304983697,1133385189,2012-10-30 07:20:43.455000+00:00,1,1351581643
304983697,1241270051,2012-10-30 07:20:45.480000+00:00,1,1351581645
304983697,3158637961,2012-10-30 07:20:47.565000+00:00,1,1351581647
304983697,2828912555,2012-10-30 07:21:50.500000+00:00,1,1351581710
1749528606,152418051,2012-10-30 07:27:46.072000+00:00,1,1351582066
1749528606,2428145712,2012-10-30 07:27:46.072000+00:00,0,1351582066
1749528606,823015621,2012-10-30 07:27:46.072000+00:00,0,1351582066
1749528606,3984042837,2012-10-30 07:27:46.072000+00:00,0,1351582066
1749528606,3185692431,2012-10-30 07:27:46.072000+00:00,0,1351582066
1749528606,3251813967,2012-10-30 07:27:46.072000+00:00,0,1351582066
486884397,3462111166,2012-10-30 07:29:22.981000+00:00,0,1351582162
486884397,695149490,2012-10-30 07:29:22.981000+00:00,0,1351582162
486884397,1065552764,2012-10-30 07:29:22.981000+00:00,1,1351582162
486884397,2628680570,2012-10-30 07:29:22.981000+00:00,0,1351582162
486884397,2748209109,2012-10-30 07:29:25.034000+00:00,1,1351582165
486884397,915403718,2012-10-30 07:29:36.309000+00:00,1,1351582176
2068379568,3048578499,2012-10-30 07:32:58.242000+00:00,0,1351582378
2068379568,2007279414,2012-10-30 07:32:58.242000+00:00,0,1351582378
2068379568,1269035551,2012-10-30 07:32:58.242000+00:00,0,1351582378
2068379568,268233790,2012-10-30 07:32:58.242000+00:00,0,1351582378
2068379568,2073609284,2012-10-30 07:32:58.242000+00:00,0,1351582378
2068379568,2442660214,2012-10-30 07:32:58.242000+00:00,1,1351582378
1567970024,2465528861,2012-10-30 07:33:24.453000+00:00,0,1351582404
1567970024,130493588,2012-10-30 07:33:24.453000+00:00,0,1351582404
1567970024,1630022509,2012-10-30 07:33:24.453000+00:00,0,1351582404
1567970024,1728146251,2012-10-30 07:33:24.453000+00:00,0,1351582404
1567970024,2153037761,2012-10-30 07:33:24.453000+00:00,1,1351582404
1567970024,3199229320,2012-10-30 07:33:24.453000+00:00,0,1351582404
2813753172,1766189272,2012-10-30 07:37:35.661000+00:00,0,1351582655
2813753172,1073720066,2012-10-30 07:37:35.661000+00:00,0,1351582655
2813753172,3351643799,2012-10-30 07:37:35.661000+00:00,0,1351582655
2813753172,2713568375,2012-10-30 07:37:35.661000+00:00,1,1351582655
2813753172,2081500137,2012-10-30 07:37:35.661000+00:00,0,1351582655
2813753172,4177226936,2012-10-30 07:37:35.661000+00:00,0,1351582655
4119250454,501560870,2012-10-30 07:48:45.694000+00:00,0,1351583325
4119250454,1133385189,2012-10-30 07:48:45.694000+00:00,0,1351583325
4119250454,553840202,2012-10-30 07:48:45.694000+00:00,0,1351583325
4119250454,196335814,2012-10-30 07:48:45.694000+00:00,0,1351583325
4119250454,3814766855,2012-10-30 07:48:45.694000+00:00,0,1351583325
4119250454,2572673665,2012-10-30 07:48:45.694000+00:00,1,1351583325
3502990892,1269035551,2012-10-30 07:51:15.958000+00:00,0,1351583475
3502990892,1816813281,2012-10-30 07:51:15.958000+00:00,1,1351583475
3502990892,2007279414,2012-10-30 07:51:15.958000+00:00,0,1351583475
3502990892,1076364848,2012-10-30 07:51:15.958000+00:00,0,1351583475
3502990892,268233790,2012-10-30 07:51:15.958000+00:00,0,1351583475
3502990892,3950589515,2012-10-30 07:51:15.958000+00:00,0,1351583475
3502990892,3103100779,2012-10-30 07:51:32.300000+00:00,1,1351583492
3502990892,952519340,2012-10-30 07:51:34.851000+00:00,1,1351583494
2451466347,1036961928,2012-10-30 07:56:52.633000+00:00,0,1351583812
2451466347,2879361619,2012-10-30 07:56:52.633000+00:00,0,1351583812
2451466347,1105078460,2012-10-30 07:56:52.633000+00:00,0,1351583812
2451466347,49312682,2012-10-30 07:56:52.633000+00:00,1,1351583812
2451466347,4140154751,2012-10-30 07:56:52.633000+00:00,0,1351583812
2451466347,1914791953,2012-10-30 07:56:52.633000+00:00,0,1351583812
358368837,1401905636,2012-10-30 08:00:50.940000+00:00,0,1351584050
358368837,3418415418,2012-10-30 08:00:50.940000+00:00,1,1351584050
358368837,3475854859,2012-10-30 08:00:50.940000+00:00,0,1351584050
358368837,1280269047,2012-10-30 08:00:50.940000+00:00,0,1351584050
358368837,3053102253,2012-10-30 08:00:50.940000+00:00,0,1351584050
358368837,2379850649,2012-10-30 08:00:50.940000+00:00,0,1351584050
358368837,1699663431,2012-10-30 08:00:53.986000+00:00,1,1351584053
900679620,2007279414,2012-10-30 08:07:02.300000+00:00,0,1351584422
900679620,1203717384,2012-10-30 08:07:02.300000+00:00,0,1351584422
900679620,1816813281,2012-10-30 08:07:02.300000+00:00,1,1351584422
900679620,2149464820,2012-10-30 08:07:02.300000+00:00,0,1351584422
900679620,3048578499,2012-10-30 08:07:02.300000+00:00,0,1351584422
900679620,3849306291,2012-10-30 08:07:02.300000+00:00,0,1351584422
2411451936,3077019139,2012-10-30 08:10:54.504000+00:00,0,1351584654
2411451936,2748209109,2012-10-30 08:10:54.504000+00:00,0,1351584654
2411451936,915403718,2012-10-30 08:10:54.504000+00:00,1,1351584654
2411451936,2120779072,2012-10-30 08:10:54.504000+00:00,0,1351584654
2411451936,2354857659,2012-10-30 08:10:54.504000+00:00,0,1351584654
2411451936,1964407998,2012-10-30 08:10:54.504000+00:00,0,1351584654
2685090431,2428305873,2012-10-30 08:12:00.894000+00:00,0,1351584720
2685090431,1330949688,2012-10-30 08:12:00.894000+00:00,1,1351584720
2685090431,3256009463,2012-10-30 08:12:00.894000+00:00,0,1351584720
2685090431,3592132626,2012-10-30 08:12:00.894000+00:00,0,1351584720
2685090431,2025853498,2012-10-30 08:12:00.894000+00:00,0,1351584720
2685090431,1255629030,2012-10-30 08:12:00.894000+00:00,0,1351584720
2874765790,952519340,2012-10-30 08:18:41.103000+00:00,0,1351585121
2874765790,2007279414,2012-10-30 08:18:41.103000+00:00,0,1351585121
2874765790,2498491194,2012-10-30 08:18:41.103000+00:00,0,1351585121
2874765790,2073609284,2012-10-30 08:18:41.103000+00:00,0,1351585121
2874765790,1816813281,2012-10-30 08:18:41.103000+00:00,1,1351585121
2874765790,268233790,2012-10-30 08:18:41.103000+00:00,0,1351585121
248805577,2498491194,2012-10-30 08:53:40.849000+00:00,1,1351587220
248805577,3950589515,2012-10-30 08:53:40.849000+00:00,0,1351587220
248805577,1203717384,2012-10-30 08:53:40.849000+00:00,0,1351587220
248805577,3425809914,2012-10-30 08:53:40.849000+00:00,0,1351587220
248805577,2007279414,2012-10-30 08:53:40.849000+00:00,0,1351587220
248805577,2149464820,2012-10-30 08:53:40.849000+00:00,0,1351587220
1989811285,130281276,2012-10-30 08:55:29.632000+00:00,1,1351587329
1989811285,1978124272,2012-10-30 08:55:29.632000+00:00,0,1351587329
1989811285,1699561506,2012-10-30 08:55:29.632000+00:00,0,1351587329
1989811285,1468446505,2012-10-30 08:55:29.632000+00:00,0,1351587329
1989811285,1672363370,2012-10-30 08:55:29.632000+00:00,0,1351587329
1989811285,2298040175,2012-10-30 08:55:29.632000+00:00,0,1351587329
1989811285,588161010,2012-10-30 08:55:54.879000+00:00,1,1351587354
848363602,98978060,2012-10-30 09:05:41.520000+00:00,0,1351587941
848363602,1371415647,2012-10-30 09:05:41.520000+00:00,0,1351587941
848363602,462519665,2012-10-30 09:05:41.520000+00:00,0,1351587941
848363602,3395117104,2012-10-30 09:05:41.520000+00:00,1,1351587941
848363602,3477891691,2012-10-30 09:05:41.520000+00:00,0,1351587941
848363602,3462111166,2012-10-30 09:05:41.520000+00:00,0,1351587941
848363602,588161010,2012-10-30 09:05:44.599000+00:00,1,1351587944
848363602,2030801280,2012-10-30 09:06:23.459000+00:00,1,1351587983
2539871585,2149464820,2012-10-30 09:10:49.301000+00:00,0,1351588249
2539871585,2007279414,2012-10-30 09:10:49.301000+00:00,0,1351588249
2539871585,2498491194,2012-10-30 09:10:49.301000+00:00,0,1351588249
2539871585,1203717384,2012-10-30 09:10:49.301000+00:00,0,1351588249
2539871585,1151525474,2012-10-30 09:10:49.301000+00:00,0,1351588249
2539871585,3103100779,2012-10-30 09:10:49.301000+00:00,1,1351588249
299446963,268233790,2012-10-30 09:12:46.813000+00:00,0,1351588366
299446963,1902753965,2012-10-30 09:12:46.813000+00:00,0,1351588366
299446963,3048578499,2012-10-30 09:12:46.813000+00:00,0,1351588366
299446963,2007279414,2012-10-30 09:12:46.813000+00:00,0,1351588366
299446963,952519340,2012-10-30 09:12:46.813000+00:00,1,1351588366
299446963,673098017,2012-10-30 09:12:46.813000+00:00,0,1351588366
1879459765,258093774,2012-10-30 09:15:11.384000+00:00,0,1351588511
1879459765,3741347786,2012-10-30 09:15:11.384000+00:00,1,1351588511
1879459765,3192816058,2012-10-30 09:15:11.384000+00:00,0,1351588511
1879459765,2027514460,2012-10-30 09:15:11.384000+00:00,0,1351588511
1879459765,2007279414,2012-10-30 09:15:11.384000+00:00,0,1351588511
2807567247,263253434,2012-10-30 09:17:03.578000+00:00,0,1351588623
2807567247,3276213471,2012-10-30 09:17:03.578000+00:00,0,1351588623
2807567247,2822187055,2012-10-30 09:17:03.578000+00:00,0,1351588623
2807567247,3621854275,2012-10-30 09:17:03.578000+00:00,1,1351588623
2807567247,3731940597,2012-10-30 09:17:03.578000+00:00,0,1351588623
2807567247,1926323783,2012-10-30 09:17:03.578000+00:00,0,1351588623
2807567247,2802832059,2012-10-30 09:17:22.068000+00:00,0,1351588642
352769719,1926323783,2012-10-30 09:18:04.712000+00:00,0,1351588684
352769719,2633697384,2012-10-30 09:18:04.712000+00:00,0,1351588684
352769719,4259189014,2012-10-30 09:18:04.712000+00:00,1,1351588684
352769719,2883057132,2012-10-30 09:18:04.712000+00:00,0,1351588684
352769719,1963354961,2012-10-30 09:18:04.712000+00:00,0,1351588684
352769719,2237079226,2012-10-30 09:18:25.024000+00:00,1,1351588705
352769719,3276213471,2012-10-30 09:18:34.273000+00:00,1,1351588714
352769719,950733415,2012-10-30 09:18:45.035000+00:00,1,1351588725
352769719,547383999,2012-10-30 09:18:45.108000+00:00,0,1351588725
352769719,955398943,2012-10-30 09:19:03.392000+00:00,1,1351588743
24978365,1233165674,2012-10-30 09:25:19.208000+00:00,0,1351589119
24978365,1850381877,2012-10-30 09:25:19.208000+00:00,0,1351589119
24978365,2781682830,2012-10-30 09:25:19.208000+00:00,0,1351589119
24978365,2624370380,2012-10-30 09:25:19.208000+00:00,1,1351589119
24978365,1325647788,2012-10-30 09:25:19.208000+00:00,0,1351589119
24978365,1241270051,2012-10-30 09:25:19.208000+00:00,0,1351589119
2340199364,2683439036,2012-10-30 09:32:05.472000+00:00,0,1351589525
2340199364,3000883012,2012-10-30 09:32:05.472000+00:00,0,1351589525
2340199364,4080944038,2012-10-30 09:32:05.472000+00:00,0,1351589525
2340199364,516796945,2012-10-30 09:32:05.472000+00:00,0,1351589525
2340199364,2007279414,2012-10-30 09:32:05.472000+00:00,0,1351589525
2340199364,2518909170,2012-10-30 09:32:05.472000+00:00,1,1351589525
2340199364,1451401793,2012-10-30 09:32:13.079000+00:00,1,1351589533
4024053152,1203717384,2012-10-30 09:32:15.622000+00:00,0,1351589535
4024053152,2007279414,2012-10-30 09:32:15.622000+00:00,0,1351589535
4024053152,516796945,2012-10-30 09:32:15.622000+00:00,0,1351589535
4024053152,268233790,2012-10-30 09:32:15.622000+00:00,0,1351589535
4024053152,910169576,2012-10-30 09:32:15.622000+00:00,1,1351589535
4024053152,2149464820,2012-10-30 09:32:15.622000+00:00,0,1351589535
2340199364,910169576,2012-10-30 09:32:18.650000+00:00,1,1351589538
2340199364,2498491194,2012-10-30 09:32:27.298000+00:00,1,1351589547
2340199364,1234887619,2012-10-30 09:32:32.322000+00:00,1,1351589552
419456233,3365728297,2012-10-30 09:40:09.904000+00:00,0,1351590009
419456233,2298558334,2012-10-30 09:40:09.904000+00:00,0,1351590009
419456233,3376874101,2012-10-30 09:40:09.904000+00:00,0,1351590009
419456233,4025975316,2012-10-30 09:40:09.904000+00:00,0,1351590009
419456233,3807386691,2012-10-30 09:40:09.904000+00:00,0,1351590009
419456233,3096327312,2012-10-30 09:40:09.904000+00:00,1,1351590009
419456233,3809972731,2012-10-30 09:41:01.482000+00:00,1,1351590061
419456233,2488820817,2012-10-30 09:41:07.653000+00:00,1,1351590067
419456233,4198728308,2012-10-30 09:41:28.530000+00:00,1,1351590088
419456233,741936389,2012-10-30 09:41:43.330000+00:00,1,1351590103
2488018670,2120779072,2012-10-30 10:00:43.418000+00:00,0,1351591243
2488018670,1255629030,2012-10-30 10:00:43.418000+00:00,0,1351591243
2488018670,3462111166,2012-10-30 10:00:43.418000+00:00,0,1351591243
2488018670,1966347593,2012-10-30 10:00:43.418000+00:00,0,1351591243
2488018670,2166119628,2012-10-30 10:00:43.418000+00:00,0,1351591243
2488018670,1448086840,2012-10-30 10:00:43.418000+00:00,1,1351591243
964607716,4232519602,2012-10-30 10:16:04.017000+00:00,0,1351592164
964607716,1597380017,2012-10-30 10:16:04.017000+00:00,0,1351592164
964607716,2790605371,2012-10-30 10:16:04.017000+00:00,0,1351592164
964607716,2398192028,2012-10-30 10:16:04.017000+00:00,1,1351592164
964607716,4203627753,2012-10-30 10:16:04.017000+00:00,0,1351592164
964607716,3841472085,2012-10-30 10:16:04.017000+00:00,0,1351592164
964607716,152418051,2012-10-30 10:16:18.338000+00:00,1,1351592178
3554343061,1776393554,2012-10-30 10:17:23.740000+00:00,1,1351592243
3554343061,258916451,2012-10-30 10:17:23.740000+00:00,0,1351592243
3554343061,1319517545,2012-10-30 10:17:23.740000+00:00,0,1351592243
3554343061,3251132843,2012-10-30 10:17:23.740000+00:00,0,1351592243
4048868881,2149464820,2012-10-30 10:20:14.924000+00:00,0,1351592414
4048868881,268233790,2012-10-30 10:20:14.924000+00:00,0,1351592414
4048868881,2007279414,2012-10-30 10:20:14.924000+00:00,0,1351592414
4048868881,614885637,2012-10-30 10:20:14.414000+00:00,0,1351592414
4048868881,952519340,2012-10-30 10:20:14.924000+00:00,0,1351592414
4048868881,1844176380,2012-10-30 10:20:14.924000+00:00,0,1351592414
4048868881,2498491194,2012-10-30 10:20:14.924000+00:00,1,1351592414
411205694,2149464820,2012-10-30 10:20:34.076000+00:00,0,1351592434
411205694,2007279414,2012-10-30 10:20:34.076000+00:00,0,1351592434
411205694,2498491194,2012-10-30 10:20:34.076000+00:00,1,1351592434
411205694,3309338938,2012-10-30 10:20:34.076000+00:00,0,1351592434
411205694,910169576,2012-10-30 10:20:34.076000+00:00,0,1351592434
411205694,1451401793,2012-10-30 10:20:34.076000+00:00,0,1351592434
1323529412,929607923,2012-10-30 10:23:23.040000+00:00,0,1351592603
2196432988,196335814,2012-10-30 10:23:37.711000+00:00,0,1351592617
2196432988,1776393554,2012-10-30 10:23:37.711000+00:00,0,1351592617
2196432988,414842182,2012-10-30 10:23:37.711000+00:00,0,1351592617
2196432988,939765972,2012-10-30 10:23:37.711000+00:00,0,1351592617
2196432988,3395117104,2012-10-30 10:23:37.711000+00:00,0,1351592617
2196432988,1930461491,2012-10-30 10:23:37.711000+00:00,1,1351592617
1323529412,894829625,2012-10-30 10:23:45.801000+00:00,0,1351592625
1323529412,1983140495,2012-10-30 10:23:45.801000+00:00,0,1351592625
1323529412,703370904,2012-10-30 10:23:45.801000+00:00,0,1351592625
1323529412,3287030905,2012-10-30 10:23:45.801000+00:00,0,1351592625
1323529412,4064214056,2012-10-30 10:23:45.801000+00:00,1,1351592625
1323529412,1036837546,2012-10-30 10:23:45.801000+00:00,0,1351592625
1323529412,1399570161,2012-10-30 10:23:46.323000+00:00,0,1351592626
1323529412,2329517093,2012-10-30 10:24:07.605000+00:00,0,1351592647
1323529412,2456190311,2012-10-30 10:24:23.900000+00:00,0,1351592663
1323529412,3968395368,2012-10-30 10:24:32.289000+00:00,0,1351592672
1323529412,428549163,2012-10-30 10:25:41.725000+00:00,0,1351592741
2199467633,2007279414,2012-10-30 10:29:09.619000+00:00,0,1351592949
2199467633,268233790,2012-10-30 10:29:09.619000+00:00,0,1351592949
2199467633,1203717384,2012-10-30 10:29:09.619000+00:00,0,1351592949
2199467633,952519340,2012-10-30 10:29:09.619000+00:00,1,1351592949
2199467633,2149464820,2012-10-30 10:29:09.619000+00:00,0,1351592949
2199467633,1902753965,2012-10-30 10:29:09.619000+00:00,0,1351592949
2199467633,2498491194,2012-10-30 10:29:43.272000+00:00,1,1351592983
3626676306,1451401793,2012-10-30 10:30:59.072000+00:00,1,1351593059
3626676306,2149464820,2012-10-30 10:30:59.072000+00:00,0,1351593059
3626676306,1203717384,2012-10-30 10:30:59.072000+00:00,0,1351593059
3626676306,268233790,2012-10-30 10:30:59.072000+00:00,0,1351593059
3626676306,2007279414,2012-10-30 10:30:59.072000+00:00,0,1351593059
3626676306,3048578499,2012-10-30 10:30:59.072000+00:00,0,1351593059
3626676306,2498491194,2012-10-30 10:31:08.835000+00:00,1,1351593068
3626676306,952519340,2012-10-30 10:31:18.330000+00:00,1,1351593078
1875891307,4203627753,2012-10-30 10:32:13.911000+00:00,0,1351593133
1875891307,152418051,2012-10-30 10:32:13.911000+00:00,0,1351593133
1875891307,2428145712,2012-10-30 10:32:13.911000+00:00,0,1351593133
1875891307,739161736,2012-10-30 10:32:13.911000+00:00,0,1351593133
1875891307,2352676247,2012-10-30 10:32:13.911000+00:00,0,1351593133
1875891307,3509100603,2012-10-30 10:32:13.911000+00:00,1,1351593133
1221271987,3340530619,2012-10-30 10:37:45.510000+00:00,0,1351593465
1221271987,1881331411,2012-10-30 10:42:16.261000+00:00,0,1351593736
1221271987,3402209713,2012-10-30 10:42:16.261000+00:00,0,1351593736
1221271987,296364136,2012-10-30 10:42:16.261000+00:00,0,1351593736
1221271987,3480624055,2012-10-30 10:42:16.261000+00:00,0,1351593736
1221271987,2914345387,2012-10-30 10:42:16.261000+00:00,1,1351593736
3803199563,3509100603,2012-10-30 10:45:36.513000+00:00,0,1351593936
3803199563,152418051,2012-10-30 10:45:36.513000+00:00,0,1351593936
3803199563,4203627753,2012-10-30 10:45:36.513000+00:00,0,1351593936
3803199563,3251813967,2012-10-30 10:45:36.513000+00:00,1,1351593936
3803199563,2118381839,2012-10-30 10:45:36.513000+00:00,0,1351593936
3803199563,383607907,2012-10-30 10:45:36.513000+00:00,0,1351593936
66260844,4259189014,2012-10-30 10:52:10.989000+00:00,0,1351594330
66260844,3276213471,2012-10-30 10:52:10.989000+00:00,0,1351594330
66260844,1963354961,2012-10-30 10:52:10.989000+00:00,0,1351594330
66260844,1926323783,2012-10-30 10:52:10.989000+00:00,0,1351594330
66260844,846069276,2012-10-30 10:52:10.989000+00:00,0,1351594330
66260844,2237079226,2012-10-30 10:52:10.989000+00:00,1,1351594330
2921156307,572112673,2012-10-30 10:59:07.284000+00:00,0,1351594747
2921156307,3377452001,2012-10-30 10:59:07.284000+00:00,0,1351594747
2921156307,3527773293,2012-10-30 10:59:07.284000+00:00,0,1351594747
2921156307,2051799233,2012-10-30 10:59:07.284000+00:00,0,1351594747
2921156307,1377112530,2012-10-30 10:59:07.284000+00:00,1,1351594747
2921156307,797378040,2012-10-30 10:59:07.284000+00:00,0,1351594747
2921156307,2030801280,2012-10-30 10:59:10.489000+00:00,1,1351594750
2921156307,1781691537,2012-10-30 10:59:19.567000+00:00,1,1351594759
2921156307,633397465,2012-10-30 10:59:22.106000+00:00,1,1351594762
2921156307,1167497006,2012-10-30 10:59:39.411000+00:00,1,1351594779
2921156307,3508322706,2012-10-30 10:59:52.085000+00:00,1,1351594792
3823320698,1203717384,2012-10-30 11:03:13.954000+00:00,0,1351594993
3823320698,2007279414,2012-10-30 11:03:13.954000+00:00,0,1351594993
3823320698,952519340,2012-10-30 11:03:13.954000+00:00,0,1351594993
3823320698,2149464820,2012-10-30 11:03:13.954000+00:00,0,1351594993
3823320698,1469291456,2012-10-30 11:03:13.954000+00:00,0,1351594993
3823320698,782683695,2012-10-30 11:03:13.954000+00:00,1,1351594993
1528359455,1926323783,2012-10-30 11:03:43.483000+00:00,0,1351595023
1528359455,955398943,2012-10-30 11:03:43.483000+00:00,1,1351595023
1528359455,3358064160,2012-10-30 11:03:43.483000+00:00,0,1351595023
1528359455,3183605169,2012-10-30 11:03:43.483000+00:00,0,1351595023
1528359455,3276213471,2012-10-30 11:03:43.483000+00:00,0,1351595023
1528359455,1394487790,2012-10-30 11:03:43.483000+00:00,0,1351595023
1528359455,1600413013,2012-10-30 11:03:51.580000+00:00,0,1351595031
1528359455,26815716,2012-10-30 11:03:52.701000+00:00,0,1351595032
4103253513,3984042837,2012-10-30 11:12:18.809000+00:00,0,1351595538
4103253513,152418051,2012-10-30 11:12:18.809000+00:00,0,1351595538
4103253513,2428145712,2012-10-30 11:12:18.809000+00:00,0,1351595538
4103253513,1597380017,2012-10-30 11:12:18.809000+00:00,0,1351595538
4103253513,966971643,2012-10-30 11:12:18.809000+00:00,1,1351595538
4103253513,3251813967,2012-10-30 11:12:18.809000+00:00,0,1351595538
3415507920,2175450462,2012-10-30 11:18:50.208000+00:00,0,1351595930
3415507920,2379850649,2012-10-30 11:18:50.208000+00:00,0,1351595930
3415507920,2628680570,2012-10-30 11:18:50.208000+00:00,0,1351595930
3415507920,177193417,2012-10-30 11:18:50.208000+00:00,1,1351595930
3415507920,1196882187,2012-10-30 11:18:50.208000+00:00,0,1351595930
1595465532,955398943,2012-10-30 11:21:34.019000+00:00,0,1351596094
1595465532,3358064160,2012-10-30 11:21:34.019000+00:00,0,1351596094
1595465532,1926323783,2012-10-30 11:21:34.019000+00:00,0,1351596094
1595465532,1600413013,2012-10-30 11:21:34.019000+00:00,0,1351596094
1595465532,3276213471,2012-10-30 11:21:34.019000+00:00,0,1351596094
1595465532,4053956936,2012-10-30 11:21:34.019000+00:00,1,1351596094
1595465532,106978589,2012-10-30 11:21:46.206000+00:00,1,1351596106
2768250886,3248170141,2012-10-30 11:31:17.659000+00:00,0,1351596677
2768250886,591601593,2012-10-30 11:31:17.659000+00:00,1,1351596677
2768250886,2850150148,2012-10-30 11:31:17.659000+00:00,0,1351596677
2768250886,439006030,2012-10-30 11:31:17.659000+00:00,0,1351596677
2768250886,234206875,2012-10-30 11:31:20.734000+00:00,1,1351596680
383523902,966971643,2012-10-30 11:37:02.237000+00:00,0,1351597022
383523902,2428145712,2012-10-30 11:40:06.255000+00:00,0,1351597206
383523902,1323913377,2012-10-30 11:40:06.255000+00:00,0,1351597206
383523902,3281130769,2012-10-30 11:40:06.255000+00:00,0,1351597206
383523902,1597380017,2012-10-30 11:40:06.255000+00:00,0,1351597206
383523902,151502491,2012-10-30 11:40:06.255000+00:00,0,1351597206
383523902,1528500344,2012-10-30 11:40:06.255000+00:00,1,1351597206
3813354209,3462111166,2012-10-30 11:58:31.956000+00:00,0,1351598311
3813354209,1448086840,2012-10-30 11:58:31.956000+00:00,0,1351598311
3813354209,4064214056,2012-10-30 11:58:31.956000+00:00,1,1351598311
3813354209,4251372836,2012-10-30 11:58:31.956000+00:00,0,1351598311
3813354209,3843631351,2012-10-30 11:58:37.130000+00:00,1,1351598317
3813354209,4171800062,2012-10-30 11:58:56.166000+00:00,1,1351598336
1386311924,2559164171,2012-10-30 12:00:10.129000+00:00,0,1351598410
1386311924,3586650977,2012-10-30 12:00:10.129000+00:00,0,1351598410
1386311924,3725816644,2012-10-30 12:00:10.129000+00:00,1,1351598410
1386311924,3894686399,2012-10-30 12:00:10.129000+00:00,0,1351598410
1386311924,1461387354,2012-10-30 12:00:10.129000+00:00,0,1351598410
1386311924,3097390405,2012-10-30 12:00:10.129000+00:00,0,1351598410
1386311924,96230245,2012-10-30 12:00:24.032000+00:00,1,1351598424
1386311924,3179047450,2012-10-30 12:00:30.048000+00:00,1,1351598430
2610662061,1590677255,2012-10-30 12:03:05.140000+00:00,0,1351598585
2610662061,3731945988,2012-10-30 12:03:05.140000+00:00,0,1351598585
2610662061,2166119628,2012-10-30 12:03:05.140000+00:00,0,1351598585
2610662061,744056231,2012-10-30 12:03:05.140000+00:00,0,1351598585
2610662061,2354857659,2012-10-30 12:03:05.140000+00:00,1,1351598585
2610662061,2056684630,2012-10-30 12:03:05.140000+00:00,0,1351598585
500857618,3908675397,2012-10-30 12:03:26.727000+00:00,0,1351598606
500857618,3779243813,2012-10-30 12:03:26.727000+00:00,0,1351598606
500857618,3930077968,2012-10-30 12:03:26.727000+00:00,0,1351598606
500857618,1776393554,2012-10-30 12:03:26.727000+00:00,0,1351598606
500857618,889355158,2012-10-30 12:03:26.727000+00:00,1,1351598606
1541564886,268233790,2012-10-30 12:22:09.744000+00:00,0,1351599729
1541564886,3849306291,2012-10-30 12:22:09.744000+00:00,0,1351599729
1541564886,2498491194,2012-10-30 12:22:09.744000+00:00,0,1351599729
1541564886,2007279414,2012-10-30 12:22:09.744000+00:00,0,1351599729
1541564886,2073609284,2012-10-30 12:22:09.744000+00:00,0,1351599729
1541564886,1076364848,2012-10-30 12:22:09.744000+00:00,1,1351599729
2105508317,4203627753,2012-10-30 12:24:44.839000+00:00,1,1351599884
2105508317,3984042837,2012-10-30 12:24:44.839000+00:00,0,1351599884
2105508317,3185692431,2012-10-30 12:24:44.839000+00:00,0,1351599884
2105508317,1597380017,2012-10-30 12:24:44.839000+00:00,0,1351599884
2105508317,899234866,2012-10-30 12:24:44.839000+00:00,0,1351599884
2105508317,61186519,2012-10-30 12:24:44.839000+00:00,0,1351599884
2105508317,152418051,2012-10-30 12:24:48.867000+00:00,1,1351599888
3593927263,2982493746,2012-10-30 12:47:26.466000+00:00,1,1351601246
3593927263,1767325091,2012-10-30 12:47:26.466000+00:00,0,1351601246
3593927263,948594349,2012-10-30 12:47:26.466000+00:00,0,1351601246
3593927263,3451292933,2012-10-30 12:47:26.466000+00:00,0,1351601246
3593927263,834360181,2012-10-30 12:47:26.466000+00:00,0,1351601246
3593927263,3129691238,2012-10-30 12:47:26.466000+00:00,0,1351601246
3315282129,1816813281,2012-10-30 13:00:20.898000+00:00,1,1351602020
3315282129,3309338938,2012-10-30 13:00:20.898000+00:00,0,1351602020
3315282129,2007279414,2012-10-30 13:00:20.898000+00:00,0,1351602020
3315282129,1203717384,2012-10-30 13:00:20.898000+00:00,0,1351602020
3315282129,2149464820,2012-10-30 13:00:20.898000+00:00,0,1351602020
3315282129,952519340,2012-10-30 13:00:20.898000+00:00,0,1351602020
3315282129,4244463632,2012-10-30 13:00:40.318000+00:00,1,1351602040
3315282129,3103100779,2012-10-30 13:00:48.652000+00:00,1,1351602048
2156846040,3950589515,2012-10-30 13:01:10.039000+00:00,0,1351602070
2156846040,952519340,2012-10-30 13:01:10.039000+00:00,1,1351602070
2156846040,3048578499,2012-10-30 13:01:10.039000+00:00,0,1351602070
2156846040,2007279414,2012-10-30 13:01:10.039000+00:00,0,1351602070
2156846040,673098017,2012-10-30 13:01:10.039000+00:00,0,1351602070
2156846040,268233790,2012-10-30 13:01:10.039000+00:00,0,1351602070
2156846040,2498491194,2012-10-30 13:01:11.551000+00:00,1,1351602071
1946827878,2073609284,2012-10-30 13:03:51.792000+00:00,0,1351602231
1946827878,1272961219,2012-10-30 13:03:51.792000+00:00,0,1351602231
1946827878,1844176380,2012-10-30 13:03:51.792000+00:00,0,1351602231
1946827878,4244463632,2012-10-30 13:03:51.792000+00:00,0,1351602231
1946827878,2007279414,2012-10-30 13:03:51.792000+00:00,0,1351602231
1946827878,952519340,2012-10-30 13:03:51.792000+00:00,1,1351602231
848730816,1228296357,2012-10-30 13:14:58.579000+00:00,1,1351602898
848730816,4203627753,2012-10-30 13:14:58.579000+00:00,0,1351602898
848730816,1597380017,2012-10-30 13:14:58.579000+00:00,0,1351602898
848730816,799782433,2012-10-30 13:14:58.579000+00:00,0,1351602898
848730816,3984042837,2012-10-30 13:14:58.579000+00:00,0,1351602898
848730816,823015621,2012-10-30 13:14:58.579000+00:00,0,1351602898
3685921102,3281130769,2012-10-30 13:22:07.209000+00:00,0,1351603327
3685921102,1323913377,2012-10-30 13:22:07.209000+00:00,0,1351603327
3685921102,1528500344,2012-10-30 13:22:07.209000+00:00,0,1351603327
3685921102,3144013743,2012-10-30 13:22:07.209000+00:00,0,1351603327
3685921102,966971643,2012-10-30 13:22:07.209000+00:00,1,1351603327
3685921102,4232519602,2012-10-30 13:22:07.209000+00:00,0,1351603327
486871070,3480624055,2012-10-30 13:28:11.395000+00:00,1,1351603691
486871070,642644408,2012-10-30 13:28:11.395000+00:00,0,1351603691
486871070,4136385770,2012-10-30 13:28:11.395000+00:00,0,1351603691
486871070,1776393554,2012-10-30 13:28:11.395000+00:00,0,1351603691
486871070,3481452244,2012-10-30 13:28:11.395000+00:00,0,1351603691
1228133573,952519340,2012-10-30 13:31:22.849000+00:00,1,1351603882
1228133573,2073609284,2012-10-30 13:31:22.849000+00:00,0,1351603882
1228133573,2007279414,2012-10-30 13:31:22.849000+00:00,0,1351603882
1228133573,2996923495,2012-10-30 13:31:22.849000+00:00,0,1351603882
1228133573,268233790,2012-10-30 13:31:22.849000+00:00,0,1351603882
1228133573,3849306291,2012-10-30 13:31:22.849000+00:00,0,1351603882
466698547,766484059,2012-10-30 13:39:38.625000+00:00,0,1351604378
466698547,1630022509,2012-10-30 13:39:38.625000+00:00,0,1351604378
466698547,3289683998,2012-10-30 13:39:38.625000+00:00,0,1351604378
466698547,2762356638,2012-10-30 13:39:38.625000+00:00,1,1351604378
466698547,3790866767,2012-10-30 13:39:38.625000+00:00,0,1351604378
466698547,2153037761,2012-10-30 13:39:38.625000+00:00,0,1351604378
466698547,3118576636,2012-10-30 13:39:47.206000+00:00,1,1351604387
3310268237,3309338938,2012-10-30 13:40:17.430000+00:00,0,1351604417
3310268237,516796945,2012-10-30 13:40:17.430000+00:00,0,1351604417
3310268237,1816813281,2012-10-30 13:40:17.430000+00:00,0,1351604417
3310268237,2007279414,2012-10-30 13:40:17.430000+00:00,0,1351604417
3310268237,2073609284,2012-10-30 13:40:17.430000+00:00,0,1351604417
3310268237,2498491194,2012-10-30 13:40:17.430000+00:00,1,1351604417
3310268237,30179042,2012-10-30 13:41:05.739000+00:00,1,1351604465
3004312073,2285963249,2012-10-30 13:41:50.545000+00:00,0,1351604510
3004312073,1776393554,2012-10-30 13:41:50.545000+00:00,0,1351604510
3004312073,4201630080,2012-10-30 13:41:50.545000+00:00,0,1351604510
3004312073,1801869689,2012-10-30 13:41:50.545000+00:00,0,1351604510
3004312073,3340530619,2012-10-30 13:41:50.545000+00:00,1,1351604510
3004312073,1448086840,2012-10-30 13:41:50.545000+00:00,0,1351604510
3004312073,2488253729,2012-10-30 13:43:00.788000+00:00,1,1351604580
3521411736,1151525474,2012-10-30 13:49:08.117000+00:00,1,1351604948
3521411736,952519340,2012-10-30 13:49:08.117000+00:00,0,1351604948
3521411736,2007279414,2012-10-30 13:49:08.117000+00:00,0,1351604948
3521411736,2149464820,2012-10-30 13:49:08.117000+00:00,0,1351604948
3521411736,1203717384,2012-10-30 13:49:08.117000+00:00,0,1351604948
3521411736,1902753965,2012-10-30 13:49:08.117000+00:00,0,1351604948
2187693519,3811447746,2012-10-30 14:00:42.762000+00:00,0,1351605642
2187693519,1776393554,2012-10-30 14:00:42.762000+00:00,0,1351605642
2187693519,1063154747,2012-10-30 14:00:42.762000+00:00,0,1351605642
2187693519,4208530995,2012-10-30 14:00:42.762000+00:00,0,1351605642
2187693519,1827283730,2012-10-30 14:00:42.762000+00:00,0,1351605642
2187693519,1065552764,2012-10-30 14:00:42.762000+00:00,1,1351605642
2187693519,741936389,2012-10-30 14:00:45.798000+00:00,1,1351605645
2187693519,2286155514,2012-10-30 14:00:52.850000+00:00,0,1351605652
2187693519,2979828712,2012-10-30 14:01:53.405000+00:00,1,1351605713
2033574675,2073609284,2012-10-30 14:02:19.873000+00:00,0,1351605739
2033574675,268233790,2012-10-30 14:02:19.873000+00:00,0,1351605739
2033574675,1203717384,2012-10-30 14:02:19.873000+00:00,0,1351605739
2033574675,2007279414,2012-10-30 14:02:19.873000+00:00,0,1351605739
2033574675,952519340,2012-10-30 14:02:19.873000+00:00,1,1351605739
2033574675,2149464820,2012-10-30 14:02:19.873000+00:00,0,1351605739
1356079140,2700042611,2012-10-30 14:13:35.735000+00:00,0,1351606415
1356079140,1554701042,2012-10-30 14:13:35.735000+00:00,1,1351606415
1356079140,1323913377,2012-10-30 14:13:35.735000+00:00,0,1351606415
1356079140,1597380017,2012-10-30 14:13:35.735000+00:00,0,1351606415
1356079140,151502491,2012-10-30 14:13:35.735000+00:00,0,1351606415
1356079140,152418051,2012-10-30 14:14:03.595000+00:00,1,1351606443
1356079140,4232519602,2012-10-30 14:14:08.737000+00:00,1,1351606448
156603823,4244463632,2012-10-30 14:15:19.411000+00:00,1,1351606519
156603823,1203717384,2012-10-30 14:15:19.411000+00:00,0,1351606519
156603823,2149464820,2012-10-30 14:15:19.411000+00:00,0,1351606519
156603823,3849306291,2012-10-30 14:15:19.411000+00:00,0,1351606519
156603823,2007279414,2012-10-30 14:15:19.411000+00:00,0,1351606519
156603823,2073609284,2012-10-30 14:15:19.411000+00:00,0,1351606519
533051511,2149464820,2012-10-30 14:25:13.639000+00:00,0,1351607113
533051511,952519340,2012-10-30 14:25:13.639000+00:00,1,1351607113
533051511,2007279414,2012-10-30 14:25:13.639000+00:00,0,1351607113
533051511,2073609284,2012-10-30 14:25:13.639000+00:00,0,1351607113
533051511,1203717384,2012-10-30 14:25:13.639000+00:00,0,1351607113
533051511,268233790,2012-10-30 14:25:13.639000+00:00,0,1351607113
3981819420,4264661415,2012-10-30 14:30:28.401000+00:00,0,1351607428
3981819420,1419057761,2012-10-30 14:30:28.401000+00:00,1,1351607428
3981819420,894829625,2012-10-30 14:30:28.401000+00:00,0,1351607428
3981819420,721698640,2012-10-30 14:30:28.401000+00:00,0,1351607428
3981819420,848152460,2012-10-30 14:30:28.401000+00:00,0,1351607428
3981819420,1401905636,2012-10-30 14:30:28.401000+00:00,0,1351607428
2744115938,1902753965,2012-10-30 14:32:58.354000+00:00,0,1351607578
2744115938,2149464820,2012-10-30 14:32:58.354000+00:00,0,1351607578
2744115938,1816813281,2012-10-30 14:32:58.354000+00:00,1,1351607578
2744115938,1203717384,2012-10-30 14:32:58.354000+00:00,0,1351607578
2744115938,2007279414,2012-10-30 14:32:58.354000+00:00,0,1351607578
2744115938,1469291456,2012-10-30 14:32:58.354000+00:00,0,1351607578
2744115938,782683695,2012-10-30 14:33:10.528000+00:00,1,1351607590
1190190812,4244463632,2012-10-30 14:35:34.670000+00:00,1,1351607734
1190190812,2007279414,2012-10-30 14:35:34.670000+00:00,0,1351607734
1190190812,3849306291,2012-10-30 14:35:34.670000+00:00,0,1351607734
1190190812,1151525474,2012-10-30 14:35:34.670000+00:00,0,1351607734
1190190812,2498491194,2012-10-30 14:35:34.670000+00:00,0,1351607734
1190190812,2073609284,2012-10-30 14:35:34.670000+00:00,0,1351607734
1126868438,3204356909,2012-10-30 14:41:34.875000+00:00,0,1351608094
1126868438,135744766,2012-10-30 14:41:34.875000+00:00,0,1351608094
1126868438,2628680570,2012-10-30 14:41:34.875000+00:00,0,1351608094
1126868438,3187433814,2012-10-30 14:41:34.875000+00:00,0,1351608094
1126868438,1000481836,2012-10-30 14:41:34.875000+00:00,0,1351608094
1126868438,915403718,2012-10-30 14:41:34.875000+00:00,1,1351608094
2744115938,2498491194,2012-10-30 14:41:44.979000+00:00,0,1351608104
1560565543,1203717384,2012-10-30 14:41:55.061000+00:00,0,1351608115
1560565543,2073609284,2012-10-30 14:41:55.061000+00:00,1,1351608115
1560565543,673098017,2012-10-30 14:41:55.061000+00:00,0,1351608115
1560565543,3309338938,2012-10-30 14:41:55.061000+00:00,0,1351608115
1560565543,2149464820,2012-10-30 14:41:55.061000+00:00,0,1351608115
1560565543,2007279414,2012-10-30 14:41:55.061000+00:00,0,1351608115
1126868438,1829799030,2012-10-30 14:42:31.554000+00:00,1,1351608151
1126868438,1170338316,2012-10-30 14:42:38.710000+00:00,1,1351608158
793834125,4259189014,2012-10-30 14:44:36.832000+00:00,0,1351608276
793834125,2237079226,2012-10-30 14:44:36.832000+00:00,0,1351608276
793834125,1963354961,2012-10-30 14:44:36.832000+00:00,0,1351608276
793834125,955398943,2012-10-30 14:44:36.832000+00:00,1,1351608276
793834125,1926323783,2012-10-30 14:44:36.832000+00:00,0,1351608276
793834125,3276213471,2012-10-30 14:44:36.832000+00:00,0,1351608276
1160148526,3309338938,2012-10-30 14:45:11.733000+00:00,0,1351608311
1160148526,2073609284,2012-10-30 14:45:11.733000+00:00,0,1351608311
1160148526,2149464820,2012-10-30 14:45:11.733000+00:00,0,1351608311
1160148526,2007279414,2012-10-30 14:45:11.733000+00:00,0,1351608311
1160148526,2518909170,2012-10-30 14:45:11.733000+00:00,1,1351608311
1160148526,1203717384,2012-10-30 14:45:11.733000+00:00,0,1351608311
3883721026,666088517,2012-10-30 14:46:09.072000+00:00,0,1351608369
3883721026,3289683998,2012-10-30 14:46:09.072000+00:00,0,1351608369
3883721026,519767743,2012-10-30 14:46:09.072000+00:00,0,1351608369
3883721026,834360181,2012-10-30 14:46:09.072000+00:00,1,1351608369
3883721026,1217440720,2012-10-30 14:46:09.072000+00:00,0,1351608369
3883721026,1485887263,2012-10-30 14:46:09.072000+00:00,0,1351608369
2944246732,2007279414,2012-10-30 14:46:31.751000+00:00,0,1351608391
2944246732,1451401793,2012-10-30 14:46:31.751000+00:00,0,1351608391
2944246732,1902753965,2012-10-30 14:46:31.751000+00:00,0,1351608391
2944246732,268233790,2012-10-30 14:46:31.751000+00:00,0,1351608391
2944246732,304500382,2012-10-30 14:46:31.751000+00:00,0,1351608391
2944246732,1816813281,2012-10-30 14:46:31.751000+00:00,1,1351608391
1160148526,3488082754,2012-10-30 14:49:35.257000+00:00,1,1351608575
282914818,1816813281,2012-10-30 14:53:31.734000+00:00,1,1351608811
282914818,1203717384,2012-10-30 14:53:31.734000+00:00,0,1351608811
282914818,2007279414,2012-10-30 14:53:31.734000+00:00,0,1351608811
282914818,1469291456,2012-10-30 14:53:31.734000+00:00,0,1351608811
282914818,782683695,2012-10-30 14:53:31.734000+00:00,0,1351608811
282914818,2149464820,2012-10-30 14:53:31.734000+00:00,0,1351608811
2260760754,2149464820,2012-10-30 15:04:10.346000+00:00,0,1351609450
2260760754,2498491194,2012-10-30 15:04:10.346000+00:00,1,1351609450
2260760754,2007279414,2012-10-30 15:04:10.346000+00:00,0,1351609450
2260760754,1203717384,2012-10-30 15:04:10.346000+00:00,0,1351609450
2260760754,3048578499,2012-10-30 15:04:10.346000+00:00,0,1351609450
2260760754,268233790,2012-10-30 15:04:10.346000+00:00,0,1351609450
793842953,3528426861,2012-10-30 15:07:45.634000+00:00,1,1351609665
793842953,741936389,2012-10-30 15:07:45.634000+00:00,0,1351609665
722675569,939765972,2012-10-30 15:07:45.114000+00:00,0,1351609665
722675569,2498439688,2012-10-30 15:07:45.114000+00:00,0,1351609665
722675569,703370904,2012-10-30 15:07:45.114000+00:00,0,1351609665
722675569,3594729381,2012-10-30 15:07:45.114000+00:00,0,1351609665
722675569,4208530995,2012-10-30 15:07:45.114000+00:00,1,1351609665
722675569,3728752947,2012-10-30 15:07:45.114000+00:00,0,1351609665
793842953,1196882187,2012-10-30 15:07:45.634000+00:00,0,1351609665
793842953,1850381877,2012-10-30 15:07:45.634000+00:00,0,1351609665
793842953,3584202062,2012-10-30 15:07:45.634000+00:00,0,1351609665
793842953,2380928091,2012-10-30 15:07:56.719000+00:00,1,1351609676
793842953,3914547760,2012-10-30 15:07:57.235000+00:00,1,1351609677
2404499203,1133385189,2012-10-30 15:11:40.349000+00:00,0,1351609900
2404499203,2379850649,2012-10-30 15:11:40.349000+00:00,0,1351609900
2404499203,1255629030,2012-10-30 15:11:40.349000+00:00,0,1351609900
2404499203,3374955799,2012-10-30 15:11:40.349000+00:00,0,1351609900
2404499203,62489876,2012-10-30 15:11:40.349000+00:00,1,1351609900
2404499203,2576646497,2012-10-30 15:11:40.349000+00:00,0,1351609900
2404499203,1238211380,2012-10-30 15:11:51+00:00,1,1351609911
3427056824,3347318178,2012-10-30 15:15:45.666000+00:00,0,1351610145
3427056824,1448086840,2012-10-30 15:15:45.666000+00:00,1,1351610145
3427056824,1699561506,2012-10-30 15:15:45.666000+00:00,0,1351610145
3427056824,915403718,2012-10-30 15:15:45.666000+00:00,0,1351610145
3427056824,2670862154,2012-10-30 15:15:45.666000+00:00,0,1351610145
528218683,1203717384,2012-10-30 15:17:06.691000+00:00,0,1351610226
528218683,2498491194,2012-10-30 15:17:06.691000+00:00,1,1351610226
528218683,2007279414,2012-10-30 15:17:06.691000+00:00,0,1351610226
528218683,1151525474,2012-10-30 15:17:06.691000+00:00,0,1351610226
528218683,2996923495,2012-10-30 15:17:06.691000+00:00,0,1351610226
528218683,2149464820,2012-10-30 15:17:06.691000+00:00,0,1351610226
1669178531,2418142030,2012-10-30 15:29:06.268000+00:00,0,1351610946
1669178531,2007279414,2012-10-30 15:29:06.268000+00:00,0,1351610946
1669178531,2073609284,2012-10-30 15:29:06.268000+00:00,0,1351610946
1669178531,1407801833,2012-10-30 15:29:06.268000+00:00,1,1351610946
1669178531,952519340,2012-10-30 15:29:10.374000+00:00,1,1351610950
1669178531,1151525474,2012-10-30 15:29:14.513000+00:00,1,1351610954
1669178531,3950589515,2012-10-30 15:29:16.630000+00:00,1,1351610956
1669178531,3849306291,2012-10-30 15:29:19.691000+00:00,1,1351610959
1747471686,3538896788,2012-10-30 15:32:04.020000+00:00,0,1351611124
1747471686,1850381877,2012-10-30 15:32:04.020000+00:00,0,1351611124
1747471686,2205823082,2012-10-30 15:32:04.020000+00:00,1,1351611124
1747471686,450130761,2012-10-30 15:32:04.020000+00:00,0,1351611124
1747471686,3930077968,2012-10-30 15:32:04.020000+00:00,0,1351611124
1747471686,1387920247,2012-10-30 15:32:04.020000+00:00,0,1351611124
1747471686,933991919,2012-10-30 15:32:05.058000+00:00,1,1351611125
1747471686,3763877798,2012-10-30 15:32:41.716000+00:00,1,1351611161
1747471686,2212943097,2012-10-30 15:32:53.833000+00:00,1,1351611173
1747471686,1750407174,2012-10-30 15:33:01.385000+00:00,1,1351611181
1808101898,1196882187,2012-10-30 15:33:05.908000+00:00,0,1351611185
1808101898,2599698872,2012-10-30 15:33:05.908000+00:00,1,1351611185
1808101898,1693226702,2012-10-30 15:33:05.908000+00:00,0,1351611185
1808101898,1019900859,2012-10-30 15:33:05.908000+00:00,0,1351611185
1808101898,1241270051,2012-10-30 15:33:05.908000+00:00,0,1351611185
1808101898,390341495,2012-10-30 15:33:05.908000+00:00,0,1351611185
1808101898,1331721799,2012-10-30 15:33:07.946000+00:00,1,1351611187
1235578437,643306292,2012-10-30 15:36:22.554000+00:00,0,1351611382
1235578437,2746848613,2012-10-30 15:36:22.554000+00:00,1,1351611382
1235578437,1793308366,2012-10-30 15:36:22.554000+00:00,0,1351611382
1235578437,3127613702,2012-10-30 15:36:22.554000+00:00,0,1351611382
1235578437,2020517121,2012-10-30 15:36:22.554000+00:00,0,1351611382
1235578437,4186669466,2012-10-30 15:36:22.554000+00:00,0,1351611382
4087630383,3045233736,2012-10-30 15:42:41.074000+00:00,0,1351611761
4087630383,4097011060,2012-10-30 15:42:41.074000+00:00,1,1351611761
4087630383,2140038223,2012-10-30 15:42:41.074000+00:00,0,1351611761
4087630383,3790866767,2012-10-30 15:42:41.074000+00:00,0,1351611761
4087630383,2899756668,2012-10-30 15:42:41.074000+00:00,0,1351611761
4087630383,2433217376,2012-10-30 15:42:41.074000+00:00,0,1351611761
4219701031,862271714,2012-10-30 15:46:10.909000+00:00,1,1351611970
4219701031,3245840256,2012-10-30 15:46:10.909000+00:00,0,1351611970
4219701031,3480624055,2012-10-30 15:46:10.909000+00:00,0,1351611970
4219701031,2750965517,2012-10-30 15:46:10.909000+00:00,0,1351611970
3514195773,4211398584,2012-10-30 15:48:55.636000+00:00,0,1351612135
3514195773,589300788,2012-10-30 15:48:55.636000+00:00,0,1351612135
3514195773,100417525,2012-10-30 15:48:55.636000+00:00,1,1351612135
3514195773,640184889,2012-10-30 15:48:55.636000+00:00,0,1351612135
3514195773,3729155908,2012-10-30 15:48:55.636000+00:00,0,1351612135
3514195773,2300402663,2012-10-30 15:48:55.636000+00:00,0,1351612135
3514195773,3795093910,2012-10-30 15:49:49.774000+00:00,0,1351612189
3514195773,2418172778,2012-10-30 15:49:53.866000+00:00,0,1351612193
3514195773,1351006732,2012-10-30 15:50:00.464000+00:00,0,1351612200
3514195773,1374730378,2012-10-30 15:50:08.716000+00:00,0,1351612208
3514195773,2366070549,2012-10-30 15:50:12.263000+00:00,0,1351612212
3514195773,1448614598,2012-10-30 15:50:15.441000+00:00,0,1351612215
3514195773,1057272870,2012-10-30 15:50:23.696000+00:00,0,1351612223
2461816241,2149464820,2012-10-30 15:52:06.535000+00:00,0,1351612326
2461816241,2518909170,2012-10-30 15:52:06.535000+00:00,1,1351612326
2461816241,3309338938,2012-10-30 15:52:06.535000+00:00,0,1351612326
2461816241,2007279414,2012-10-30 15:52:06.535000+00:00,0,1351612326
2461816241,1203717384,2012-10-30 15:52:06.535000+00:00,0,1351612326
2461816241,2498491194,2012-10-30 15:52:06.535000+00:00,0,1351612326
915098649,2073609284,2012-10-30 15:54:30.636000+00:00,0,1351612470
915098649,2498491194,2012-10-30 15:54:30.636000+00:00,1,1351612470
915098649,1203717384,2012-10-30 15:54:30.636000+00:00,0,1351612470
915098649,2007279414,2012-10-30 15:54:30.636000+00:00,0,1351612470
915098649,2149464820,2012-10-30 15:54:30.636000+00:00,0,1351612470
915098649,952519340,2012-10-30 15:54:30.636000+00:00,0,1351612470
3514195773,1588485860,2012-10-30 15:58:46.559000+00:00,0,1351612726
3514195773,1279926604,2012-10-30 15:58:49.083000+00:00,0,1351612729
3514195773,1649886205,2012-10-30 15:58:54.634000+00:00,0,1351612734
3514195773,3102969984,2012-10-30 16:00:09.750000+00:00,0,1351612809
3514195773,2851269787,2012-10-30 16:00:12.275000+00:00,0,1351612812
3514195773,1163893685,2012-10-30 16:00:15.360000+00:00,0,1351612815
3514195773,97672504,2012-10-30 16:00:43.044000+00:00,0,1351612843
3514195773,3700378878,2012-10-30 16:00:48.099000+00:00,0,1351612848
3514195773,813240354,2012-10-30 16:01:12.033000+00:00,0,1351612872
3514195773,3902750267,2012-10-30 16:01:14.094000+00:00,0,1351612874
3514195773,1670529571,2012-10-30 16:01:16.172000+00:00,0,1351612876
3514195773,2758697837,2012-10-30 16:01:17.745000+00:00,0,1351612877
3514195773,1236371399,2012-10-30 16:01:19.260000+00:00,0,1351612879
3514195773,2771955937,2012-10-30 16:01:29.069000+00:00,0,1351612889
3514195773,1451271657,2012-10-30 16:01:36.707000+00:00,0,1351612896
3514195773,2075877285,2012-10-30 16:01:53.352000+00:00,0,1351612913
3514195773,2648192028,2012-10-30 16:02:11.560000+00:00,0,1351612931
3514195773,2184947879,2012-10-30 16:02:12.578000+00:00,0,1351612932
3514195773,3707695875,2012-10-30 16:02:17.130000+00:00,0,1351612937
3514195773,1356028089,2012-10-30 16:02:37.910000+00:00,0,1351612957
3514195773,43133208,2012-10-30 16:02:51.297000+00:00,0,1351612971
3514195773,647263111,2012-10-30 16:02:54.881000+00:00,0,1351612974
3514195773,1815798739,2012-10-30 16:02:56.405000+00:00,0,1351612976
3514195773,4178800987,2012-10-30 16:03:07.600000+00:00,0,1351612987
3514195773,2072036921,2012-10-30 16:03:09.628000+00:00,0,1351612989
3514195773,2402065294,2012-10-30 16:03:31.984000+00:00,0,1351613011
3514195773,391871409,2012-10-30 16:03:33.515000+00:00,0,1351613013
3514195773,1512723504,2012-10-30 16:03:37.563000+00:00,0,1351613017
3514195773,1379777527,2012-10-30 16:03:39.584000+00:00,0,1351613019
3514195773,3438993032,2012-10-30 16:03:49.179000+00:00,0,1351613029
3514195773,4254455580,2012-10-30 16:03:51.697000+00:00,0,1351613031
3514195773,2183533159,2012-10-30 16:04:00.311000+00:00,0,1351613040
3514195773,1471308455,2012-10-30 16:04:02.338000+00:00,0,1351613042
3514195773,2855995587,2012-10-30 16:04:41.816000+00:00,0,1351613081
3514195773,367679822,2012-10-30 16:04:57.553000+00:00,0,1351613097
3514195773,3602746704,2012-10-30 16:04:59.583000+00:00,0,1351613099
3514195773,1155431373,2012-10-30 16:05:06.018000+00:00,0,1351613106
3514195773,2449473301,2012-10-30 16:05:08.062000+00:00,0,1351613108
3514195773,3681758363,2012-10-30 16:05:14.377000+00:00,0,1351613114
3514195773,1907857280,2012-10-30 16:05:25.996000+00:00,0,1351613125
3514195773,670542615,2012-10-30 16:05:30.552000+00:00,0,1351613130
3514195773,2625216435,2012-10-30 16:05:45.156000+00:00,0,1351613145
605378672,2309311781,2012-10-30 16:06:52.980000+00:00,0,1351613212
605378672,867618575,2012-10-30 16:06:52.980000+00:00,0,1351613212
605378672,1750407174,2012-10-30 16:06:52.980000+00:00,0,1351613212
605378672,2923175068,2012-10-30 16:06:52.980000+00:00,0,1351613212
605378672,2704232594,2012-10-30 16:06:52.980000+00:00,0,1351613212
605378672,2168006553,2012-10-30 16:06:52.980000+00:00,1,1351613212
422002690,1991264807,2012-10-30 16:16:07.304000+00:00,0,1351613767
422002690,4251608898,2012-10-30 16:16:07.304000+00:00,0,1351613767
422002690,2588804869,2012-10-30 16:16:07.304000+00:00,1,1351613767
422002690,3374746454,2012-10-30 16:16:07.304000+00:00,0,1351613767
422002690,905503405,2012-10-30 16:16:07.304000+00:00,0,1351613767
422002690,2407789818,2012-10-30 16:16:07.304000+00:00,0,1351613767
1330656870,268233790,2012-10-30 16:16:13.855000+00:00,0,1351613773
1330656870,1203717384,2012-10-30 16:16:13.855000+00:00,0,1351613773
1330656870,2007279414,2012-10-30 16:16:13.855000+00:00,0,1351613773
1330656870,3425809914,2012-10-30 16:16:13.855000+00:00,0,1351613773
1330656870,2149464820,2012-10-30 16:16:13.855000+00:00,0,1351613773
1330656870,952519340,2012-10-30 16:16:13.855000+00:00,1,1351613773
2810188071,2498491194,2012-10-30 16:16:14.877000+00:00,1,1351613774
2810188071,2149464820,2012-10-30 16:16:14.877000+00:00,0,1351613774
2810188071,1203717384,2012-10-30 16:16:14.877000+00:00,0,1351613774
2810188071,3309338938,2012-10-30 16:16:14.877000+00:00,0,1351613774
2810188071,1071582440,2012-10-30 16:16:14.877000+00:00,0,1351613774
2810188071,1902753965,2012-10-30 16:16:14.877000+00:00,0,1351613774
422002690,1486100078,2012-10-30 16:17:03.371000+00:00,0,1351613823
422002690,1850381877,2012-10-30 16:17:13.167000+00:00,1,1351613833
422002690,3119357029,2012-10-30 16:17:18.329000+00:00,1,1351613838
1301945337,673098017,2012-10-30 16:18:42.618000+00:00,0,1351613922
1301945337,268233790,2012-10-30 16:18:42.618000+00:00,0,1351613922
1301945337,2073609284,2012-10-30 16:18:42.618000+00:00,1,1351613922
1301945337,2007279414,2012-10-30 16:18:42.618000+00:00,0,1351613922
1301945337,1816813281,2012-10-30 16:18:42.618000+00:00,0,1351613922
1301945337,2498491194,2012-10-30 16:19:53.085000+00:00,1,1351613993
1301945337,3950589515,2012-10-30 16:19:55.119000+00:00,1,1351613995
1301945337,1451401793,2012-10-30 16:19:57.164000+00:00,1,1351613997
2512917389,2247398820,2012-10-30 16:23:06.658000+00:00,0,1351614186
2512917389,2013712241,2012-10-30 16:23:06.658000+00:00,1,1351614186
2512917389,1902921043,2012-10-30 16:23:06.658000+00:00,0,1351614186
2512917389,2872056840,2012-10-30 16:23:06.658000+00:00,0,1351614186
2512917389,1487823750,2012-10-30 16:23:06.658000+00:00,0,1351614186
2512917389,3333704905,2012-10-30 16:23:06.658000+00:00,0,1351614186
2512917389,2731002498,2012-10-30 16:24:10.459000+00:00,1,1351614250
2512917389,2989906553,2012-10-30 16:24:41.119000+00:00,1,1351614281
2512917389,4218736701,2012-10-30 16:24:50.735000+00:00,1,1351614290
2701755218,50227527,2012-10-30 16:40:22.465000+00:00,1,1351615222
2701755218,1114350408,2012-10-30 16:40:22.465000+00:00,0,1351615222
2701755218,2207563720,2012-10-30 16:40:22.465000+00:00,0,1351615222
2701755218,3149791577,2012-10-30 16:40:22.465000+00:00,0,1351615222
2863143805,823015621,2012-10-30 16:43:32.030000+00:00,0,1351615412
2863143805,1597380017,2012-10-30 16:43:32.030000+00:00,0,1351615412
2863143805,2352676247,2012-10-30 16:43:32.030000+00:00,0,1351615412
2863143805,899234866,2012-10-30 16:43:32.030000+00:00,0,1351615412
2863143805,3509100603,2012-10-30 16:43:32.030000+00:00,0,1351615412
2863143805,4232519602,2012-10-30 16:43:32.030000+00:00,1,1351615412
3851487388,1914791953,2012-10-30 17:08:01.040000+00:00,0,1351616881
3851487388,4140154751,2012-10-30 17:08:01.040000+00:00,0,1351616881
3851487388,2803195749,2012-10-30 17:08:01.040000+00:00,0,1351616881
3851487388,3547711454,2012-10-30 17:08:01.040000+00:00,0,1351616881
3851487388,627338344,2012-10-30 17:08:01.040000+00:00,0,1351616881
3851487388,2059769837,2012-10-30 17:08:01.040000+00:00,1,1351616881
2394083016,1589462668,2012-10-30 17:11:42.359000+00:00,1,1351617102
2394083016,2885357877,2012-10-30 17:11:42.341000+00:00,0,1351617102
2394083016,452939638,2012-10-30 17:11:42.341000+00:00,0,1351617102
2394083016,3627321434,2012-10-30 17:11:42.341000+00:00,0,1351617102
2394083016,201564442,2012-10-30 17:11:42.341000+00:00,1,1351617102
2394083016,3824079858,2012-10-30 17:11:42.341000+00:00,0,1351617102
2394083016,20272307,2012-10-30 17:11:42.341000+00:00,0,1351617102
3182595870,408147094,2012-10-30 17:26:29.639000+00:00,0,1351617989
3182595870,274918146,2012-10-30 17:26:29.639000+00:00,0,1351617989
3182595870,2354857659,2012-10-30 17:26:29.639000+00:00,0,1351617989
3182595870,479759317,2012-10-30 17:26:29.639000+00:00,1,1351617989
3182595870,3123645626,2012-10-30 17:26:29.639000+00:00,0,1351617989
3182595870,894829625,2012-10-30 17:26:29.639000+00:00,0,1351617989
2054648409,642644408,2012-10-30 17:30:28.386000+00:00,1,1351618228
2054648409,1401905636,2012-10-30 17:30:28.386000+00:00,0,1351618228
2054648409,2237045476,2012-10-30 17:30:28.386000+00:00,0,1351618228
2054648409,264093631,2012-10-30 17:30:28.386000+00:00,0,1351618228
2054648409,2438434714,2012-10-30 17:30:29.923000+00:00,1,1351618229
2054648409,955398943,2012-10-30 17:30:33.975000+00:00,1,1351618233
2054648409,3276213471,2012-10-30 17:30:39.596000+00:00,1,1351618239
2054648409,3190231827,2012-10-30 17:30:49.829000+00:00,1,1351618249
2054648409,4177339177,2012-10-30 17:30:54.911000+00:00,1,1351618254
2054648409,896485186,2012-10-30 17:30:56.439000+00:00,1,1351618256
2523562208,152418051,2012-10-30 17:31:00.047000+00:00,0,1351618260
2523562208,2790605371,2012-10-30 17:31:00.047000+00:00,1,1351618260
2523562208,1597380017,2012-10-30 17:31:00.047000+00:00,0,1351618260
2523562208,4232519602,2012-10-30 17:31:00.047000+00:00,0,1351618260
2054648409,422024082,2012-10-30 17:31:00.033000+00:00,1,1351618260
2523562208,3689283674,2012-10-30 17:31:00.047000+00:00,0,1351618260
2523562208,3841472085,2012-10-30 17:31:03.177000+00:00,1,1351618263
2054648409,1078399009,2012-10-30 17:31:05.683000+00:00,1,1351618265
2054648409,4103800848,2012-10-30 17:31:09.790000+00:00,1,1351618269
1805025807,1776393554,2012-10-30 17:41:52.201000+00:00,0,1351618912
1805025807,2628680570,2012-10-30 17:41:52.201000+00:00,0,1351618912
1805025807,1829799030,2012-10-30 17:41:52.201000+00:00,1,1351618912
1805025807,534708903,2012-10-30 17:41:52.201000+00:00,0,1351618912
1805025807,1699561506,2012-10-30 17:41:52.201000+00:00,0,1351618912
1805025807,2212943097,2012-10-30 17:41:52.201000+00:00,0,1351618912
4157365314,4267083677,2012-10-30 17:48:05.365000+00:00,0,1351619285
4157365314,3418415418,2012-10-30 17:48:05.365000+00:00,0,1351619285
4157365314,1693226702,2012-10-30 17:48:05.365000+00:00,0,1351619285
4157365314,3183605169,2012-10-30 17:48:05.365000+00:00,0,1351619285
4157365314,1255629030,2012-10-30 17:48:05.365000+00:00,0,1351619285
4157365314,2145977549,2012-10-30 17:48:05.365000+00:00,1,1351619285
4157365314,2270126516,2012-10-30 17:48:08.956000+00:00,1,1351619288
4157365314,4159897186,2012-10-30 17:48:35.051000+00:00,1,1351619315
4157365314,85610883,2012-10-30 17:49:26.425000+00:00,1,1351619366
917421982,2286155514,2012-10-30 17:57:20.805000+00:00,0,1351619840
917421982,98978060,2012-10-30 17:57:20.805000+00:00,0,1351619840
917421982,3462111166,2012-10-30 17:57:20.805000+00:00,0,1351619840
917421982,207321472,2012-10-30 17:57:20.805000+00:00,0,1351619840
917421982,1448086840,2012-10-30 17:57:20.805000+00:00,0,1351619840
917421982,1776393554,2012-10-30 17:57:20.805000+00:00,1,1351619840
3913824397,3679487177,2012-10-30 18:16:10.562000+00:00,1,1351620970
3913824397,3157357872,2012-10-30 18:16:10.562000+00:00,0,1351620970
3913824397,3289683998,2012-10-30 18:16:10.562000+00:00,0,1351620970
3913824397,3213727494,2012-10-30 18:16:10.562000+00:00,0,1351620970
3913824397,3642792280,2012-10-30 18:16:15.621000+00:00,1,1351620975
3913824397,425058775,2012-10-30 18:16:51.901000+00:00,1,1351621011
3913824397,2467445335,2012-10-30 18:17:09.382000+00:00,1,1351621029
197704997,834360181,2012-10-30 18:31:44.330000+00:00,0,1351621904
197704997,3542075399,2012-10-30 18:31:44.330000+00:00,0,1351621904
197704997,1306613841,2012-10-30 18:31:44.330000+00:00,0,1351621904
197704997,2140038223,2012-10-30 18:31:44.330000+00:00,0,1351621904
197704997,2427264930,2012-10-30 18:31:44.330000+00:00,1,1351621904
197704997,2424001534,2012-10-30 18:31:44.330000+00:00,0,1351621904
1666085128,2790605371,2012-10-30 18:47:27.937000+00:00,0,1351622847
1666085128,3509100603,2012-10-30 18:47:27.937000+00:00,0,1351622847
1666085128,152418051,2012-10-30 18:47:27.937000+00:00,0,1351622847
1666085128,899234866,2012-10-30 18:47:27.937000+00:00,0,1351622847
1666085128,2352676247,2012-10-30 18:47:27.937000+00:00,0,1351622847
1666085128,4203627753,2012-10-30 18:47:27.937000+00:00,1,1351622847
1115249498,1819075340,2012-10-30 19:13:27.818000+00:00,0,1351624407
1115249498,739705932,2012-10-30 19:13:27.818000+00:00,1,1351624407
1115249498,298871218,2012-10-30 19:13:27.818000+00:00,0,1351624407
1115249498,616947433,2012-10-30 19:13:27.818000+00:00,0,1351624407
1115249498,3913698961,2012-10-30 19:13:27.818000+00:00,0,1351624407
1115249498,3068417283,2012-10-30 19:13:27.818000+00:00,0,1351624407
1115249498,332209679,2012-10-30 19:13:29.342000+00:00,1,1351624409
1115249498,401976348,2012-10-30 19:13:29.864000+00:00,1,1351624409
1115249498,2571012976,2012-10-30 19:13:41.465000+00:00,1,1351624421
2638473114,491161414,2012-10-30 19:14:56.837000+00:00,0,1351624496
2638473114,1078399009,2012-10-30 19:14:56.837000+00:00,0,1351624496
2638473114,1986891478,2012-10-30 19:14:56.837000+00:00,0,1351624496
2638473114,801248966,2012-10-30 19:14:56.837000+00:00,0,1351624496
2638473114,998267429,2012-10-30 19:14:56.837000+00:00,1,1351624496
2638473114,1137010796,2012-10-30 19:14:57.859000+00:00,1,1351624497
2638473114,2259216780,2012-10-30 19:15:05+00:00,1,1351624505
2638473114,760705045,2012-10-30 19:15:11.508000+00:00,1,1351624511
2638473114,3398247231,2012-10-30 19:15:23.098000+00:00,1,1351624523
1115249498,939064991,2012-10-30 19:16:29.573000+00:00,1,1351624589
3504006486,1530709861,2012-10-30 19:18:00.788000+00:00,0,1351624680
3504006486,2429675854,2012-10-30 19:18:00.788000+00:00,0,1351624680
3504006486,4285356922,2012-10-30 19:18:00.788000+00:00,1,1351624680
3504006486,1964407998,2012-10-30 19:18:00.788000+00:00,0,1351624680
3504006486,1699561506,2012-10-30 19:18:00.788000+00:00,0,1351624680
3504006486,3930077968,2012-10-30 19:18:00.788000+00:00,0,1351624680
508282809,1699561506,2012-10-30 19:42:34.615000+00:00,0,1351626154
508282809,98978060,2012-10-30 19:42:34.615000+00:00,1,1351626154
508282809,780696608,2012-10-30 19:42:34.615000+00:00,0,1351626154
508282809,198166767,2012-10-30 19:42:34.615000+00:00,0,1351626154
508282809,919381911,2012-10-30 19:42:51.285000+00:00,1,1351626171
1048933817,1203717384,2012-10-30 19:48:16.010000+00:00,0,1351626496
1048933817,2498491194,2012-10-30 19:48:16.010000+00:00,0,1351626496
1048933817,2007279414,2012-10-30 19:48:16.010000+00:00,0,1351626496
1048933817,1902753965,2012-10-30 19:48:16.010000+00:00,0,1351626496
1048933817,910169576,2012-10-30 19:48:16.010000+00:00,1,1351626496
1048933817,2073609284,2012-10-30 19:48:16.010000+00:00,0,1351626496
3131909049,2419911791,2012-10-30 20:13:03.824000+00:00,0,1351627983
3131909049,1447011169,2012-10-30 20:13:03.824000+00:00,0,1351627983
3131909049,2465528861,2012-10-30 20:13:03.824000+00:00,0,1351627983
3131909049,2153037761,2012-10-30 20:13:03.824000+00:00,0,1351627983
3131909049,1852872937,2012-10-30 20:13:03.824000+00:00,1,1351627983
3131909049,2115491671,2012-10-30 20:13:03.824000+00:00,0,1351627983
3131909049,3118576636,2012-10-30 20:13:46.201000+00:00,1,1351628026
3131909049,2798291665,2012-10-30 20:14:15.264000+00:00,1,1351628055
1649320589,1162342688,2012-10-30 20:39:58.140000+00:00,0,1351629598
1649320589,3481452244,2012-10-30 20:39:58.140000+00:00,0,1351629598
1649320589,2379850649,2012-10-30 20:39:58.140000+00:00,1,1351629598
1649320589,3643004825,2012-10-30 20:39:58.140000+00:00,0,1351629598
1649320589,1776393554,2012-10-30 20:39:58.140000+00:00,0,1351629598
1649320589,1052881626,2012-10-30 20:39:58.140000+00:00,0,1351629598
1977271538,1530709861,2012-10-30 20:49:56.410000+00:00,0,1351630196
1977271538,2261390272,2012-10-30 20:49:56.410000+00:00,0,1351630196
1977271538,2572673665,2012-10-30 20:49:56.410000+00:00,0,1351630196
1977271538,3930077968,2012-10-30 20:49:56.410000+00:00,0,1351630196
1977271538,2803195749,2012-10-30 20:49:56.410000+00:00,1,1351630196
1977271538,2422310706,2012-10-30 20:49:56.410000+00:00,0,1351630196
1977271538,3354350063,2012-10-30 20:51:06.005000+00:00,1,1351630266
2817061625,3643004825,2012-10-30 20:52:18.679000+00:00,0,1351630338
2817061625,98978060,2012-10-30 20:52:18.679000+00:00,1,1351630338
2817061625,695149490,2012-10-30 20:52:18.679000+00:00,0,1351630338
2817061625,1133385189,2012-10-30 20:52:18.679000+00:00,0,1351630338
2817061625,1970404290,2012-10-30 20:52:18.679000+00:00,0,1351630338
2817061625,3104895742,2012-10-30 20:52:18.679000+00:00,0,1351630338
2817061625,1448086840,2012-10-30 20:52:38.977000+00:00,1,1351630358
2817061625,780696608,2012-10-30 20:52:40.502000+00:00,1,1351630360
1625530935,1436270591,2012-10-30 21:00:32.504000+00:00,0,1351630832
1625530935,1813763902,2012-10-30 21:00:32.504000+00:00,1,1351630832
1625530935,1462575543,2012-10-30 21:00:32.504000+00:00,0,1351630832
1625530935,3400509864,2012-10-30 21:00:32.504000+00:00,0,1351630832
1625530935,1049718981,2012-10-30 21:00:32.504000+00:00,0,1351630832
1625530935,3432819058,2012-10-30 21:00:32.504000+00:00,0,1351630832
1269478831,3864376594,2012-10-30 21:06:54.990000+00:00,0,1351631214
1269478831,3199229320,2012-10-30 21:06:54.990000+00:00,0,1351631214
1269478831,130493588,2012-10-30 21:06:54.990000+00:00,0,1351631214
1269478831,1842491212,2012-10-30 21:06:54.990000+00:00,0,1351631214
1269478831,2153037761,2012-10-30 21:06:54.990000+00:00,1,1351631214
1269478831,87962584,2012-10-30 21:06:54.990000+00:00,0,1351631214
1269478831,4231641706,2012-10-30 21:07:13.879000+00:00,1,1351631233
2623537385,3370152469,2012-10-30 21:15:49.130000+00:00,1,1351631749
2623537385,1294481466,2012-10-30 21:15:49.130000+00:00,0,1351631749
2623537385,4085890975,2012-10-30 21:15:49.130000+00:00,0,1351631749
2623537385,2883057132,2012-10-30 21:15:49.130000+00:00,0,1351631749
2623537385,2006563795,2012-10-30 21:15:49.130000+00:00,0,1351631749
2623537385,3358183178,2012-10-30 21:15:49.130000+00:00,0,1351631749
1821206755,2465528861,2012-10-30 21:25:36.857000+00:00,0,1351632336
1821206755,3289683998,2012-10-30 21:25:36.857000+00:00,0,1351632336
1821206755,834360181,2012-10-30 21:25:36.857000+00:00,0,1351632336
1821206755,2153037761,2012-10-30 21:25:36.857000+00:00,0,1351632336
1821206755,2115491671,2012-10-30 21:25:36.857000+00:00,1,1351632336
1821206755,1767325091,2012-10-30 21:25:36.857000+00:00,0,1351632336
1296007357,3289683998,2012-10-30 21:26:31.414000+00:00,0,1351632391
1296007357,1266823051,2012-10-30 21:26:31.414000+00:00,0,1351632391
1296007357,1775237825,2012-10-30 21:26:31.414000+00:00,0,1351632391
1296007357,2465528861,2012-10-30 21:26:31.414000+00:00,0,1351632391
1296007357,2153037761,2012-10-30 21:26:31.414000+00:00,1,1351632391
1296007357,1485887263,2012-10-30 21:26:31.414000+00:00,0,1351632391
248375618,1256540913,2012-10-30 21:27:00.205000+00:00,0,1351632420
248375618,2362894171,2012-10-30 21:27:00.205000+00:00,0,1351632420
248375618,2824024899,2012-10-30 21:27:00.205000+00:00,1,1351632420
248375618,2922727848,2012-10-30 21:27:00.205000+00:00,0,1351632420
248375618,519767743,2012-10-30 21:27:00.205000+00:00,0,1351632420
248375618,3790866767,2012-10-30 21:27:00.205000+00:00,0,1351632420
1422103142,2073609284,2012-10-30 21:45:58.721000+00:00,1,1351633558
1422103142,1816813281,2012-10-30 21:45:58.721000+00:00,0,1351633558
1422103142,3103100779,2012-10-30 21:45:58.721000+00:00,0,1351633558
1422103142,2007279414,2012-10-30 21:45:58.721000+00:00,0,1351633558
1422103142,268233790,2012-10-30 21:45:58.721000+00:00,0,1351633558
1422103142,952519340,2012-10-30 21:45:58.721000+00:00,0,1351633558
1422103142,3950589515,2012-10-30 21:46:15.862000+00:00,1,1351633575
3122183291,130493588,2012-10-30 21:47:01.564000+00:00,0,1351633621
3122183291,1544421101,2012-10-30 21:47:01.564000+00:00,0,1351633621
3122183291,3790866767,2012-10-30 21:47:01.564000+00:00,0,1351633621
3122183291,3828653648,2012-10-30 21:47:01.564000+00:00,0,1351633621
3122183291,2115491671,2012-10-30 21:47:01.564000+00:00,1,1351633621
3122183291,306070571,2012-10-30 21:47:01.564000+00:00,0,1351633621
1312400822,4013357208,2012-10-30 21:57:54.766000+00:00,1,1351634274
1312400822,3643257179,2012-10-30 21:57:54.766000+00:00,0,1351634274
1312400822,2768392299,2012-10-30 21:57:54.766000+00:00,0,1351634274
1312400822,1432813792,2012-10-30 21:57:54.766000+00:00,0,1351634274
1312400822,1876364254,2012-10-30 21:57:54.766000+00:00,0,1351634274
1312400822,1721071411,2012-10-30 21:57:54.766000+00:00,0,1351634274
2791418962,130493588,2012-10-30 22:05:16.156000+00:00,0,1351634716
2791418962,2153037761,2012-10-30 22:05:16.156000+00:00,1,1351634716
2791418962,87962584,2012-10-30 22:05:16.156000+00:00,0,1351634716
2791418962,3773489407,2012-10-30 22:05:16.156000+00:00,0,1351634716
2791418962,3199229320,2012-10-30 22:05:16.156000+00:00,0,1351634716
2791418962,622003251,2012-10-30 22:05:16.156000+00:00,0,1351634716
2624413719,1133385189,2012-10-30 22:05:25.705000+00:00,0,1351634725
2624413719,3643004825,2012-10-30 22:05:25.705000+00:00,0,1351634725
2624413719,4129023810,2012-10-30 22:05:25.705000+00:00,0,1351634725
2624413719,1856036186,2012-10-30 22:05:25.705000+00:00,0,1351634725
2624413719,3814766855,2012-10-30 22:05:25.705000+00:00,1,1351634725
2624413719,1404500601,2012-10-30 22:05:25.705000+00:00,0,1351634725
2791418962,3797841998,2012-10-30 22:05:27.243000+00:00,1,1351634727
2791418962,3327844721,2012-10-30 22:05:29.770000+00:00,1,1351634729
2791418962,3378482079,2012-10-30 22:05:44.578000+00:00,1,1351634744
2791418962,125067550,2012-10-30 22:05:45.654000+00:00,1,1351634745
2791418962,325043475,2012-10-30 22:05:48.353000+00:00,1,1351634748
2791418962,3961489941,2012-10-30 22:05:49.938000+00:00,1,1351634749
2791418962,4223848259,2012-10-30 22:06:28.899000+00:00,1,1351634788
2791418962,907836813,2012-10-30 22:06:50.533000+00:00,1,1351634810
2791418962,1811629670,2012-10-30 22:07:14.368000+00:00,1,1351634834
1280283349,19658160,2012-10-30 22:30:05.062000+00:00,1,1351636205
1280283349,130493588,2012-10-30 22:30:05.062000+00:00,0,1351636205
1280283349,1842491212,2012-10-30 22:30:05.062000+00:00,0,1351636205
1280283349,3769851269,2012-10-30 22:30:05.062000+00:00,0,1351636205
1280283349,3199229320,2012-10-30 22:30:05.062000+00:00,0,1351636205
1280283349,834360181,2012-10-30 22:30:05.062000+00:00,0,1351636205
2501280523,3849306291,2012-10-30 22:40:11.787000+00:00,0,1351636811
2501280523,1151525474,2012-10-30 22:40:11.787000+00:00,0,1351636811
2501280523,2498491194,2012-10-30 22:40:11.787000+00:00,1,1351636811
2501280523,3950589515,2012-10-30 22:40:11.787000+00:00,0,1351636811
2501280523,2007279414,2012-10-30 22:40:11.787000+00:00,0,1351636811
2501280523,2073609284,2012-10-30 22:40:11.787000+00:00,0,1351636811
2695530712,3047285147,2012-10-30 22:49:32.310000+00:00,0,1351637372
2695530712,2803416473,2012-10-30 22:49:32.310000+00:00,1,1351637372
2695530712,803416244,2012-10-30 22:49:32.310000+00:00,0,1351637372
2695530712,3643004825,2012-10-30 22:49:32.310000+00:00,0,1351637372
836628838,666088517,2012-10-30 22:49:53.061000+00:00,0,1351637393
836628838,2051603944,2012-10-30 22:49:53.061000+00:00,0,1351637393
836628838,2465528861,2012-10-30 22:49:53.061000+00:00,0,1351637393
836628838,834360181,2012-10-30 22:49:53.061000+00:00,1,1351637393
836628838,1485887263,2012-10-30 22:49:53.061000+00:00,0,1351637393
836628838,3289683998,2012-10-30 22:49:53.061000+00:00,0,1351637393
836628838,2153037761,2012-10-30 22:49:56.597000+00:00,1,1351637396
373631588,290357106,2012-10-30 23:04:44.695000+00:00,0,1351638284
373631588,641950279,2012-10-30 23:04:44.695000+00:00,1,1351638284
373631588,1485887263,2012-10-30 23:04:44.695000+00:00,0,1351638284
373631588,834360181,2012-10-30 23:04:44.695000+00:00,0,1351638284
373631588,666088517,2012-10-30 23:04:44.695000+00:00,0,1351638284
3676872343,2153037761,2012-10-30 23:04:56.596000+00:00,0,1351638296
3676872343,622003251,2012-10-30 23:04:56.596000+00:00,1,1351638296
3676872343,1544421101,2012-10-30 23:04:56.596000+00:00,0,1351638296
3676872343,3199229320,2012-10-30 23:04:56.596000+00:00,0,1351638296
3676872343,305204245,2012-10-30 23:04:56.596000+00:00,0,1351638296
3676872343,130493588,2012-10-30 23:04:56.596000+00:00,0,1351638296
3695179498,188220928,2012-10-30 23:05:25.444000+00:00,0,1351638325
3695179498,3738374100,2012-10-30 23:05:25.444000+00:00,0,1351638325
3695179498,775225827,2012-10-30 23:05:25.444000+00:00,1,1351638325
3695179498,392626003,2012-10-30 23:05:25.444000+00:00,0,1351638325
3695179498,1768535020,2012-10-30 23:05:25.444000+00:00,0,1351638325
3695179498,1374196106,2012-10-30 23:05:25.444000+00:00,0,1351638325
1368412107,3103100779,2012-10-30 23:09:41.983000+00:00,0,1351638581
1368412107,2007279414,2012-10-30 23:09:41.983000+00:00,0,1351638581
1368412107,2073609284,2012-10-30 23:09:41.983000+00:00,1,1351638581
1368412107,2149464820,2012-10-30 23:09:41.983000+00:00,0,1351638581
1368412107,1203717384,2012-10-30 23:09:41.983000+00:00,0,1351638581
3657335672,2073609284,2012-10-30 23:13:46.418000+00:00,0,1351638826
3657335672,268233790,2012-10-30 23:13:46.418000+00:00,0,1351638826
3657335672,3048578499,2012-10-30 23:13:46.418000+00:00,0,1351638826
3657335672,1902753965,2012-10-30 23:13:46.418000+00:00,0,1351638826
3657335672,2007279414,2012-10-30 23:13:46.418000+00:00,0,1351638826
3657335672,3425809914,2012-10-30 23:13:46.418000+00:00,1,1351638826
1184737011,1544421101,2012-10-30 23:23:55.204000+00:00,0,1351639435
1184737011,130493588,2012-10-30 23:23:55.204000+00:00,0,1351639435
1184737011,2465528861,2012-10-30 23:23:55.204000+00:00,0,1351639435
1184737011,1613671569,2012-10-30 23:23:55.204000+00:00,0,1351639435
1184737011,3199229320,2012-10-30 23:23:55.204000+00:00,0,1351639435
1184737011,3920531792,2012-10-30 23:23:55.204000+00:00,1,1351639435
1184737011,1852872937,2012-10-30 23:24:37.795000+00:00,1,1351639477
2328965162,952519340,2012-10-30 23:31:48.144000+00:00,1,1351639908
2328965162,3048578499,2012-10-30 23:31:48.144000+00:00,0,1351639908
2328965162,268233790,2012-10-30 23:31:48.144000+00:00,0,1351639908
2328965162,3849306291,2012-10-30 23:31:48.144000+00:00,0,1351639908
2328965162,673098017,2012-10-30 23:31:48.144000+00:00,0,1351639908
2328965162,2007279414,2012-10-30 23:31:48.144000+00:00,0,1351639908
1055981550,1076364848,2012-10-30 23:31:54.297000+00:00,1,1351639914
1055981550,3309338938,2012-10-30 23:31:54.297000+00:00,0,1351639914
1055981550,2007279414,2012-10-30 23:31:54.297000+00:00,0,1351639914
1055981550,3849306291,2012-10-30 23:31:54.297000+00:00,0,1351639914
1055981550,2149464820,2012-10-30 23:31:54.297000+00:00,0,1351639914
1055981550,1203717384,2012-10-30 23:31:54.297000+00:00,0,1351639914
2496837007,3358064160,2012-10-30 23:35:08.987000+00:00,1,1351640108
2496837007,2145977549,2012-10-30 23:35:08.987000+00:00,0,1351640108
2496837007,642644408,2012-10-30 23:35:08.987000+00:00,0,1351640108
2496837007,1693226702,2012-10-30 23:35:08.987000+00:00,0,1351640108
2496837007,137663137,2012-10-30 23:35:08.987000+00:00,0,1351640108
2496837007,4218736701,2012-10-30 23:35:08.987000+00:00,0,1351640108
2496837007,3418415418,2012-10-30 23:35:47.190000+00:00,1,1351640147
2328965162,2498491194,2012-10-30 23:38:02.698000+00:00,1,1351640282
1217122759,2007279414,2012-10-30 23:38:58.257000+00:00,0,1351640338
1217122759,910169576,2012-10-30 23:38:58.257000+00:00,1,1351640338
1217122759,268233790,2012-10-30 23:38:58.257000+00:00,0,1351640338
1217122759,4080944038,2012-10-30 23:38:58.257000+00:00,0,1351640338
1217122759,1203717384,2012-10-30 23:38:58.257000+00:00,0,1351640338
1217122759,2149464820,2012-10-30 23:38:58.257000+00:00,0,1351640338
3326031604,2149464820,2012-10-30 23:41:06.780000+00:00,0,1351640466
3326031604,268233790,2012-10-30 23:41:06.780000+00:00,0,1351640466
3326031604,2007279414,2012-10-30 23:41:06.780000+00:00,0,1351640466
3326031604,3849306291,2012-10-30 23:41:06.780000+00:00,0,1351640466
3326031604,516796945,2012-10-30 23:41:06.780000+00:00,0,1351640466
3326031604,4244463632,2012-10-30 23:41:06.780000+00:00,1,1351640466
50457238,1816813281,2012-10-30 23:42:43.157000+00:00,1,1351640563
50457238,1902753965,2012-10-30 23:42:43.157000+00:00,0,1351640563
50457238,1203717384,2012-10-30 23:42:43.157000+00:00,0,1351640563
50457238,2007279414,2012-10-30 23:42:43.157000+00:00,0,1351640563
50457238,3309338938,2012-10-30 23:42:43.157000+00:00,0,1351640563
50457238,2149464820,2012-10-30 23:42:43.157000+00:00,0,1351640563
50457238,910169576,2012-10-30 23:44:25.269000+00:00,1,1351640665
2328965162,1076364848,2012-10-30 23:45:15.865000+00:00,1,1351640715
1594431230,1269035551,2012-10-31 00:17:02.181000+00:00,0,1351642622
1594431230,3849306291,2012-10-31 00:17:02.181000+00:00,0,1351642622
1594431230,268233790,2012-10-31 00:17:02.181000+00:00,0,1351642622
1594431230,3048578499,2012-10-31 00:17:02.181000+00:00,0,1351642622
1594431230,2007279414,2012-10-31 00:17:02.181000+00:00,0,1351642622
1594431230,1076364848,2012-10-31 00:17:02.181000+00:00,1,1351642622
1594431230,1816813281,2012-10-31 00:17:07.062000+00:00,1,1351642627
1594431230,952519340,2012-10-31 00:17:07.214000+00:00,1,1351642627
673356819,2059769837,2012-10-31 00:25:13.553000+00:00,0,1351643113
673356819,4140154751,2012-10-31 00:25:13.553000+00:00,1,1351643113
673356819,1856036186,2012-10-31 00:25:13.553000+00:00,0,1351643113
673356819,1241270051,2012-10-31 00:25:13.553000+00:00,0,1351643113
673356819,2610561518,2012-10-31 00:25:13.553000+00:00,0,1351643113
673356819,2803195749,2012-10-31 00:25:13.553000+00:00,0,1351643113
673356819,1914791953,2012-10-31 00:25:23.832000+00:00,1,1351643123
2683024755,1548928340,2012-10-31 00:26:38.583000+00:00,1,1351643198
2683024755,2059769837,2012-10-31 00:26:38.583000+00:00,0,1351643198
2683024755,3951031049,2012-10-31 00:26:38.583000+00:00,0,1351643198
2683024755,862271714,2012-10-31 00:26:38.583000+00:00,0,1351643198
2683024755,2176989286,2012-10-31 00:26:38.583000+00:00,0,1351643198
2683024755,2803195749,2012-10-31 00:26:38.583000+00:00,0,1351643198
1985852583,3048578499,2012-10-31 00:28:24.959000+00:00,0,1351643304
1985852583,1269035551,2012-10-31 00:28:24.959000+00:00,0,1351643304
1985852583,2007279414,2012-10-31 00:28:24.959000+00:00,0,1351643304
1985852583,1816813281,2012-10-31 00:28:24.959000+00:00,1,1351643304
1985852583,2149464820,2012-10-31 00:28:24.959000+00:00,0,1351643304
1985852583,3309338938,2012-10-31 00:28:24.959000+00:00,0,1351643304
2238460219,1269035551,2012-10-31 00:30:40.660000+00:00,0,1351643440
2238460219,2007279414,2012-10-31 00:30:40.660000+00:00,0,1351643440
2238460219,3048578499,2012-10-31 00:30:40.660000+00:00,0,1351643440
2238460219,268233790,2012-10-31 00:30:40.660000+00:00,0,1351643440
2238460219,1076364848,2012-10-31 00:30:40.660000+00:00,1,1351643440
2238460219,3776957253,2012-10-31 00:30:40.660000+00:00,0,1351643440
776020237,3309338938,2012-10-31 00:33:23.617000+00:00,0,1351643603
776020237,3849306291,2012-10-31 00:33:23.617000+00:00,0,1351643603
776020237,952519340,2012-10-31 00:33:23.617000+00:00,1,1351643603
776020237,2498491194,2012-10-31 00:33:23.617000+00:00,0,1351643603
776020237,1269035551,2012-10-31 00:33:23.617000+00:00,0,1351643603
776020237,2007279414,2012-10-31 00:33:23.617000+00:00,0,1351643603
2081059890,2149464820,2012-10-31 00:54:42.082000+00:00,0,1351644882
2081059890,1844176380,2012-10-31 00:54:42.082000+00:00,0,1351644882
2081059890,2007279414,2012-10-31 00:54:42.082000+00:00,0,1351644882
2081059890,1076364848,2012-10-31 00:54:42.082000+00:00,1,1351644882
2081059890,1816813281,2012-10-31 00:54:42.082000+00:00,0,1351644882
2081059890,1269035551,2012-10-31 00:54:42.082000+00:00,0,1351644882
2375503792,1076364848,2012-10-31 01:13:12.499000+00:00,0,1351645992
2375503792,3103100779,2012-10-31 01:13:12.499000+00:00,1,1351645992
2375503792,1269035551,2012-10-31 01:13:12.499000+00:00,0,1351645992
2375503792,2007279414,2012-10-31 01:13:12.499000+00:00,0,1351645992
2375503792,3309338938,2012-10-31 01:13:12.499000+00:00,0,1351645992
2375503792,2098941988,2012-10-31 01:13:12.499000+00:00,0,1351645992
2203000569,915403718,2012-10-31 01:33:14.061000+00:00,0,1351647194
2203000569,2633697384,2012-10-31 01:33:14.061000+00:00,0,1351647194
2203000569,4173740423,2012-10-31 01:33:14.061000+00:00,0,1351647194
2203000569,1448086840,2012-10-31 01:33:14.061000+00:00,1,1351647194
2203000569,52958617,2012-10-31 01:33:14.061000+00:00,0,1351647194
2203000569,2219144892,2012-10-31 01:33:14.061000+00:00,0,1351647194
3865016311,1757155179,2012-10-31 01:34:42.297000+00:00,0,1351647282
3865016311,1695318607,2012-10-31 01:34:42.297000+00:00,0,1351647282
3865016311,412401632,2012-10-31 01:34:42.297000+00:00,0,1351647282
3865016311,159812477,2012-10-31 01:34:42.297000+00:00,1,1351647282
3865016311,2103025461,2012-10-31 01:34:42.297000+00:00,0,1351647282
3865016311,2456139530,2012-10-31 01:34:42.297000+00:00,0,1351647282
3147653776,1269035551,2012-10-31 01:36:03.219000+00:00,0,1351647363
3147653776,2498491194,2012-10-31 01:36:03.219000+00:00,1,1351647363
3147653776,2007279414,2012-10-31 01:36:03.219000+00:00,0,1351647363
3147653776,2345395514,2012-10-31 01:36:03.219000+00:00,0,1351647363
3147653776,4080944038,2012-10-31 01:36:03.219000+00:00,0,1351647363
3147653776,2149464820,2012-10-31 01:36:03.219000+00:00,0,1351647363
3147653776,1076364848,2012-10-31 01:36:04.742000+00:00,1,1351647364
2491957982,3791794513,2012-10-31 01:39:55.314000+00:00,0,1351647595
2491957982,3493332901,2012-10-31 01:39:55.314000+00:00,1,1351647595
2491957982,737003409,2012-10-31 01:39:55.314000+00:00,0,1351647595
2491957982,1133385189,2012-10-31 01:39:55.314000+00:00,0,1351647595
2491957982,2311572043,2012-10-31 01:39:55.314000+00:00,0,1351647595
2491957982,1776393554,2012-10-31 01:39:55.314000+00:00,0,1351647595
307071731,1203717384,2012-10-31 01:45:21.922000+00:00,0,1351647921
307071731,2007279414,2012-10-31 01:45:21.922000+00:00,0,1351647921
307071731,1076364848,2012-10-31 01:45:21.922000+00:00,1,1351647921
307071731,2073609284,2012-10-31 01:45:21.922000+00:00,0,1351647921
307071731,1269035551,2012-10-31 01:45:21.922000+00:00,0,1351647921
307071731,2149464820,2012-10-31 01:45:21.922000+00:00,0,1351647921
3256961152,2498491194,2012-10-31 01:48:14.998000+00:00,1,1351648094
3256961152,268233790,2012-10-31 01:48:14.998000+00:00,0,1351648094
3256961152,3048578499,2012-10-31 01:48:14.998000+00:00,0,1351648094
3256961152,1269035551,2012-10-31 01:48:14.998000+00:00,0,1351648094
3256961152,673098017,2012-10-31 01:48:14.998000+00:00,0,1351648094
3256961152,2007279414,2012-10-31 01:48:14.998000+00:00,0,1351648094
4000106370,3496460337,2012-10-31 02:10:07.432000+00:00,1,1351649407
4000106370,2144500590,2012-10-31 02:10:07.980000+00:00,1,1351649407
4000106370,3289683998,2012-10-31 02:10:07.432000+00:00,0,1351649407
4000106370,2732461028,2012-10-31 02:10:07.432000+00:00,0,1351649407
4000106370,2150848115,2012-10-31 02:10:07.432000+00:00,0,1351649407
4000106370,2865762984,2012-10-31 02:10:07.432000+00:00,0,1351649407
4000106370,4170108374,2012-10-31 02:10:07.432000+00:00,0,1351649407
4000106370,1075421435,2012-10-31 02:10:07.444000+00:00,1,1351649407
1408344828,1058195960,2012-10-31 02:10:39.341000+00:00,0,1351649439
1408344828,3712819742,2012-10-31 02:10:39.341000+00:00,0,1351649439
1408344828,3222518399,2012-10-31 02:10:39.341000+00:00,0,1351649439
1408344828,1255629030,2012-10-31 02:10:39.341000+00:00,1,1351649439
1408344828,2883057132,2012-10-31 02:10:39.341000+00:00,0,1351649439
1408344828,588161010,2012-10-31 02:10:39.341000+00:00,0,1351649439
3391264132,268233790,2012-10-31 02:23:55.446000+00:00,0,1351650235
3391264132,952519340,2012-10-31 02:23:55.446000+00:00,0,1351650235
3391264132,1076364848,2012-10-31 02:23:55.446000+00:00,1,1351650235
3391264132,1269035551,2012-10-31 02:23:55.446000+00:00,0,1351650235
3391264132,1451401793,2012-10-31 02:23:55.446000+00:00,0,1351650235
3391264132,2007279414,2012-10-31 02:23:55.446000+00:00,0,1351650235
3117046697,3048578499,2012-10-31 02:26:17.639000+00:00,0,1351650377
3117046697,2073609284,2012-10-31 02:26:17.639000+00:00,1,1351650377
3117046697,2007279414,2012-10-31 02:26:17.639000+00:00,0,1351650377
3117046697,1269035551,2012-10-31 02:26:17.639000+00:00,0,1351650377
3117046697,1902753965,2012-10-31 02:26:17.639000+00:00,0,1351650377
3117046697,268233790,2012-10-31 02:26:17.639000+00:00,0,1351650377
2787637778,1269035551,2012-10-31 02:27:05.920000+00:00,0,1351650425
2787637778,2149464820,2012-10-31 02:27:05.920000+00:00,0,1351650425
2787637778,2007279414,2012-10-31 02:27:05.920000+00:00,0,1351650425
2787637778,4080944038,2012-10-31 02:27:05.920000+00:00,0,1351650425
2787637778,952519340,2012-10-31 02:27:05.920000+00:00,1,1351650425
2787637778,3103100779,2012-10-31 02:27:05.936000+00:00,1,1351650425
2787637778,1203717384,2012-10-31 02:27:05.920000+00:00,0,1351650425
2787637778,4244463632,2012-10-31 02:27:07.459000+00:00,1,1351650427
2787637778,1076364848,2012-10-31 02:31:52.912000+00:00,1,1351650712
2787637778,1451401793,2012-10-31 02:34:21.705000+00:00,1,1351650861
2787637778,910169576,2012-10-31 02:34:29.792000+00:00,1,1351650869
4164388326,3450438709,2012-10-31 03:16:29.686000+00:00,1,1351653389
4164388326,2694358997,2012-10-31 03:16:29.686000+00:00,0,1351653389
4164388326,3971391468,2012-10-31 03:16:29.686000+00:00,0,1351653389
4164388326,741936389,2012-10-31 03:16:29.686000+00:00,0,1351653389
4164388326,2437756221,2012-10-31 03:16:29.686000+00:00,0,1351653389
4164388326,116707400,2012-10-31 03:16:29.686000+00:00,0,1351653389
4164388326,3175320123,2012-10-31 03:16:52.452000+00:00,1,1351653412
4123476974,2073609284,2012-10-31 03:21:23.807000+00:00,1,1351653683
4123476974,2149464820,2012-10-31 03:21:23.807000+00:00,0,1351653683
4123476974,1203717384,2012-10-31 03:21:23.807000+00:00,0,1351653683
4123476974,1269035551,2012-10-31 03:21:23.807000+00:00,0,1351653683
4123476974,673098017,2012-10-31 03:21:23.807000+00:00,0,1351653683
4123476974,2007279414,2012-10-31 03:21:23.807000+00:00,0,1351653683
3826739942,1076364848,2012-10-31 03:29:53.543000+00:00,1,1351654193
3826739942,1902753965,2012-10-31 03:29:53.543000+00:00,0,1351654193
3826739942,1269035551,2012-10-31 03:29:53.543000+00:00,0,1351654193
3826739942,2007279414,2012-10-31 03:29:53.543000+00:00,0,1351654193
3826739942,1203717384,2012-10-31 03:29:53.543000+00:00,0,1351654193
3826739942,2149464820,2012-10-31 03:29:53.543000+00:00,0,1351654193
2202271093,268233790,2012-10-31 04:15:18.938000+00:00,0,1351656918
2202271093,952519340,2012-10-31 04:15:18.938000+00:00,1,1351656918
2827067982,3395117104,2012-10-31 04:15:18.679000+00:00,0,1351656918
2827067982,4198728308,2012-10-31 04:15:18.679000+00:00,1,1351656918
2827067982,1699561506,2012-10-31 04:15:18.679000+00:00,0,1351656918
2827067982,1448086840,2012-10-31 04:15:18.679000+00:00,0,1351656918
2202271093,2007279414,2012-10-31 04:15:18.938000+00:00,0,1351656918
2202271093,2073609284,2012-10-31 04:15:18.938000+00:00,0,1351656918
3670434254,268233790,2012-10-31 04:15:18.923000+00:00,0,1351656918
2202271093,3849306291,2012-10-31 04:15:18.938000+00:00,0,1351656918
2202271093,1269035551,2012-10-31 04:15:18.938000+00:00,0,1351656918
2827067982,915403718,2012-10-31 04:15:18.679000+00:00,0,1351656918
2827067982,3462111166,2012-10-31 04:15:18.679000+00:00,0,1351656918
3670434254,1183719416,2012-10-31 04:15:18.923000+00:00,1,1351656918
3670434254,1269035551,2012-10-31 04:15:18.923000+00:00,0,1351656918
3670434254,3776957253,2012-10-31 04:15:18.923000+00:00,0,1351656918
3670434254,1076364848,2012-10-31 04:15:18.923000+00:00,0,1351656918
3670434254,2007279414,2012-10-31 04:15:18.923000+00:00,0,1351656918
3365642090,3289683998,2012-10-31 04:15:19.582000+00:00,0,1351656919
3365642090,2150848115,2012-10-31 04:15:19.582000+00:00,0,1351656919
3291092348,952519340,2012-10-31 04:15:19.403000+00:00,1,1351656919
3365642090,666088517,2012-10-31 04:15:19.582000+00:00,0,1351656919
3365642090,2153037761,2012-10-31 04:15:19.582000+00:00,1,1351656919
3365642090,2115491671,2012-10-31 04:15:19.586000+00:00,1,1351656919
3365642090,1485887263,2012-10-31 04:15:19.582000+00:00,0,1351656919
3365642090,2465528861,2012-10-31 04:15:19.582000+00:00,0,1351656919
1676582816,2857665129,2012-10-31 04:15:19.529000+00:00,0,1351656919
1676582816,1269035551,2012-10-31 04:15:19.529000+00:00,0,1351656919
1676582816,3849306291,2012-10-31 04:15:19.529000+00:00,1,1351656919
3291092348,3950589515,2012-10-31 04:15:19.403000+00:00,0,1351656919
3291092348,1269035551,2012-10-31 04:15:19.403000+00:00,0,1351656919
3291092348,516796945,2012-10-31 04:15:19.403000+00:00,0,1351656919
3291092348,2007279414,2012-10-31 04:15:19.403000+00:00,0,1351656919
3291092348,2149464820,2012-10-31 04:15:19.403000+00:00,0,1351656919
1676582816,2073609284,2012-10-31 04:15:19.529000+00:00,0,1351656919
1676582816,1076364848,2012-10-31 04:15:19.529000+00:00,0,1351656919
1676582816,2007279414,2012-10-31 04:15:19.529000+00:00,0,1351656919
2202271093,910169576,2012-10-31 04:15:20.258000+00:00,1,1351656920
2634481972,673098017,2012-10-31 04:21:44.958000+00:00,0,1351657304
2634481972,2007279414,2012-10-31 04:21:44.958000+00:00,0,1351657304
2634481972,2498491194,2012-10-31 04:21:44.958000+00:00,1,1351657304
2634481972,3309338938,2012-10-31 04:21:44.958000+00:00,0,1351657304
2634481972,1269035551,2012-10-31 04:21:44.958000+00:00,0,1351657304
2634481972,3425809914,2012-10-31 04:21:44.958000+00:00,0,1351657304
2634481972,2587616435,2012-10-31 04:21:51.005000+00:00,1,1351657311
184140061,1786302939,2012-10-31 04:24:10.033000+00:00,0,1351657450
184140061,3601196821,2012-10-31 04:24:10.033000+00:00,0,1351657450
184140061,3643004825,2012-10-31 04:24:10.033000+00:00,1,1351657450
184140061,600715346,2012-10-31 04:24:10.033000+00:00,0,1351657450
184140061,2784495571,2012-10-31 04:24:10.033000+00:00,0,1351657450
184140061,1220666503,2012-10-31 04:24:10.033000+00:00,0,1351657450
184140061,3339141512,2012-10-31 04:24:14.715000+00:00,1,1351657454
184140061,3793452317,2012-10-31 04:24:33.493000+00:00,1,1351657473
2252845148,1076364848,2012-10-31 04:32:12.970000+00:00,0,1351657932
2252845148,1269035551,2012-10-31 04:32:12.970000+00:00,0,1351657932
2252845148,2073609284,2012-10-31 04:32:12.970000+00:00,1,1351657932
2252845148,3849306291,2012-10-31 04:32:12.970000+00:00,0,1351657932
2252845148,2007279414,2012-10-31 04:32:12.970000+00:00,0,1351657932
2252845148,3950589515,2012-10-31 04:32:12.970000+00:00,0,1351657932
3617843828,1269035551,2012-10-31 04:48:28.229000+00:00,0,1351658908
3617843828,2007279414,2012-10-31 04:48:28.229000+00:00,0,1351658908
3617843828,1076364848,2012-10-31 04:48:28.229000+00:00,1,1351658908
3617843828,3048578499,2012-10-31 04:48:28.229000+00:00,0,1351658908
3617843828,1203717384,2012-10-31 04:48:28.229000+00:00,0,1351658908
3617843828,3309338938,2012-10-31 04:48:28.229000+00:00,0,1351658908
3151272434,955398943,2012-10-31 04:48:32.311000+00:00,1,1351658912
3151272434,3760250934,2012-10-31 04:48:32.311000+00:00,0,1351658912
3151272434,1988616680,2012-10-31 04:48:32.311000+00:00,0,1351658912
3151272434,3710909677,2012-10-31 04:48:32.311000+00:00,0,1351658912
3151272434,3358064160,2012-10-31 04:48:32.311000+00:00,0,1351658912
3151272434,3395117104,2012-10-31 04:48:32.311000+00:00,0,1351658912
3617843828,952519340,2012-10-31 04:48:37.040000+00:00,1,1351658917
3617843828,2815362044,2012-10-31 04:49:08.794000+00:00,1,1351658948
3617843828,3849306291,2012-10-31 04:49:56.089000+00:00,1,1351658996
267902048,2007279414,2012-10-31 04:54:42.722000+00:00,0,1351659282
267902048,910169576,2012-10-31 04:54:42.722000+00:00,1,1351659282
267902048,2073609284,2012-10-31 04:54:42.722000+00:00,0,1351659282
267902048,1076364848,2012-10-31 04:54:42.722000+00:00,0,1351659282
267902048,516796945,2012-10-31 04:54:42.722000+00:00,0,1351659282
267902048,1269035551,2012-10-31 04:54:42.722000+00:00,0,1351659282
1873687001,1269035551,2012-10-31 05:12:34.922000+00:00,0,1351660354
1873687001,2007279414,2012-10-31 05:12:34.922000+00:00,0,1351660354
1873687001,268233790,2012-10-31 05:12:34.922000+00:00,0,1351660354
1873687001,3849306291,2012-10-31 05:12:34.922000+00:00,0,1351660354
1873687001,2498491194,2012-10-31 05:12:34.922000+00:00,1,1351660354
1873687001,673098017,2012-10-31 05:12:34.922000+00:00,0,1351660354
581584739,2007279414,2012-10-31 05:13:23+00:00,0,1351660403
581584739,2149464820,2012-10-31 05:13:23+00:00,0,1351660403
581584739,1844176380,2012-10-31 05:13:23+00:00,1,1351660403
581584739,1076364848,2012-10-31 05:13:23+00:00,0,1351660403
581584739,1269035551,2012-10-31 05:13:23+00:00,0,1351660403
581584739,1203717384,2012-10-31 05:13:23+00:00,0,1351660403
2837984655,2768548410,2012-10-31 05:18:31.537000+00:00,0,1351660711
2837984655,3359203400,2012-10-31 05:18:31.537000+00:00,0,1351660711
2837984655,2716492883,2012-10-31 05:18:31.537000+00:00,0,1351660711
2837984655,1112738637,2012-10-31 05:18:31.537000+00:00,0,1351660711
2837984655,2887039266,2012-10-31 05:18:31.537000+00:00,1,1351660711
2837984655,3850944985,2012-10-31 05:18:31.537000+00:00,0,1351660711
803166736,1076364848,2012-10-31 05:24:06.809000+00:00,1,1351661046
803166736,3048578499,2012-10-31 05:24:06.809000+00:00,0,1351661046
803166736,268233790,2012-10-31 05:24:06.809000+00:00,0,1351661046
803166736,1269035551,2012-10-31 05:24:06.809000+00:00,0,1351661046
803166736,2007279414,2012-10-31 05:24:06.809000+00:00,0,1351661046
803166736,673098017,2012-10-31 05:24:06.809000+00:00,0,1351661046
803166736,1951611940,2012-10-31 05:28:15.733000+00:00,1,1351661295
516353916,1151525474,2012-10-31 05:32:26.406000+00:00,0,1351661546
516353916,673098017,2012-10-31 05:32:26.406000+00:00,0,1351661546
516353916,2007279414,2012-10-31 05:32:26.406000+00:00,0,1351661546
516353916,1076364848,2012-10-31 05:32:26.406000+00:00,1,1351661546
516353916,1269035551,2012-10-31 05:32:26.406000+00:00,0,1351661546
516353916,1902753965,2012-10-31 05:32:26.406000+00:00,0,1351661546
2256989025,2007279414,2012-10-31 05:37:53.701000+00:00,0,1351661873
2256989025,1269035551,2012-10-31 05:37:53.701000+00:00,0,1351661873
2256989025,673098017,2012-10-31 05:37:53.701000+00:00,0,1351661873
2256989025,1816813281,2012-10-31 05:37:53.701000+00:00,1,1351661873
2256989025,2073609284,2012-10-31 05:37:56.558000+00:00,1,1351661876
3436781566,2764131900,2012-10-31 05:38:52.940000+00:00,0,1351661932
3436781566,2639426191,2012-10-31 05:38:52.940000+00:00,0,1351661932
3436781566,1395819594,2012-10-31 05:38:52.940000+00:00,0,1351661932
3436781566,1240030681,2012-10-31 05:38:52.940000+00:00,1,1351661932
3436781566,1850381877,2012-10-31 05:38:52.940000+00:00,0,1351661932
3436781566,858726804,2012-10-31 05:38:52.940000+00:00,0,1351661932
1629404827,3104895742,2012-10-31 05:41:41.342000+00:00,0,1351662101
1629404827,1971897094,2012-10-31 05:41:41.342000+00:00,0,1351662101
1629404827,2379850649,2012-10-31 05:41:41.342000+00:00,0,1351662101
1629404827,3331186835,2012-10-31 05:41:41.342000+00:00,0,1351662101
1629404827,741936389,2012-10-31 05:41:41.342000+00:00,1,1351662101
1629404827,3593689705,2012-10-31 05:41:41.342000+00:00,0,1351662101
2724319931,1269035551,2012-10-31 05:50:51.859000+00:00,0,1351662651
2724319931,1076364848,2012-10-31 05:50:51.859000+00:00,1,1351662651
2724319931,3776957253,2012-10-31 05:50:51.859000+00:00,0,1351662651
2724319931,673098017,2012-10-31 05:50:51.859000+00:00,0,1351662651
2724319931,2007279414,2012-10-31 05:50:51.859000+00:00,0,1351662651
2724319931,2073609284,2012-10-31 05:50:51.859000+00:00,0,1351662651
2724319931,1816813281,2012-10-31 05:51:28.389000+00:00,1,1351662688
3001870892,1269035551,2012-10-31 05:53:18.332000+00:00,0,1351662798
3001870892,3849306291,2012-10-31 05:53:18.332000+00:00,0,1351662798
3001870892,268233790,2012-10-31 05:53:18.332000+00:00,0,1351662798
3001870892,2073609284,2012-10-31 05:53:18.332000+00:00,0,1351662798
3001870892,952519340,2012-10-31 05:53:18.332000+00:00,1,1351662798
3001870892,2007279414,2012-10-31 05:53:18.332000+00:00,0,1351662798
3001870892,910169576,2012-10-31 05:53:18.399000+00:00,1,1351662798
3001870892,2498491194,2012-10-31 05:55:10.618000+00:00,1,1351662910
3577629547,3276213471,2012-10-31 06:00:16.980000+00:00,0,1351663216
3577629547,955398943,2012-10-31 06:00:16.980000+00:00,1,1351663216
3577629547,1926323783,2012-10-31 06:00:16.980000+00:00,0,1351663216
3577629547,3358064160,2012-10-31 06:00:16.980000+00:00,0,1351663216
3577629547,4259189014,2012-10-31 06:00:16.980000+00:00,0,1351663216
3577629547,4218736701,2012-10-31 06:00:16.980000+00:00,0,1351663216
3577629547,695149490,2012-10-31 06:00:18.002000+00:00,1,1351663218
1667532620,1699561506,2012-10-31 06:02:07.772000+00:00,0,1351663327
1667532620,1985254914,2012-10-31 06:02:07.772000+00:00,0,1351663327
1667532620,1860569646,2012-10-31 06:02:07.772000+00:00,1,1351663327
1667532620,2788558897,2012-10-31 06:02:07.772000+00:00,0,1351663327
1667532620,2219144892,2012-10-31 06:02:07.772000+00:00,0,1351663327
1667532620,553125617,2012-10-31 06:02:07.772000+00:00,0,1351663327
2285462405,1902753965,2012-10-31 06:05:24.742000+00:00,0,1351663524
2285462405,1269035551,2012-10-31 06:05:24.742000+00:00,0,1351663524
2285462405,268233790,2012-10-31 06:05:24.742000+00:00,0,1351663524
2285462405,2007279414,2012-10-31 06:05:24.742000+00:00,0,1351663524
2285462405,3309338938,2012-10-31 06:05:24.742000+00:00,0,1351663524
2285462405,1071582440,2012-10-31 06:05:24.742000+00:00,1,1351663524
3614812788,137663137,2012-10-31 06:06:40.014000+00:00,0,1351663600
3614812788,3856652715,2012-10-31 06:06:40.014000+00:00,0,1351663600
3614812788,3541811987,2012-10-31 06:06:40.014000+00:00,1,1351663600
3614812788,1600413013,2012-10-31 06:06:40.014000+00:00,0,1351663600
3614812788,955398943,2012-10-31 06:06:40.014000+00:00,0,1351663600
3614812788,3276213471,2012-10-31 06:06:40.014000+00:00,0,1351663600
3614812788,1441681484,2012-10-31 06:06:41.586000+00:00,1,1351663601
3614812788,3840231238,2012-10-31 06:06:45.132000+00:00,1,1351663605
1038182690,2149464820,2012-10-31 06:26:34.353000+00:00,0,1351664794
1038182690,3005193781,2012-10-31 06:26:34.353000+00:00,1,1351664794
1038182690,516796945,2012-10-31 06:26:34.353000+00:00,0,1351664794
1038182690,1203717384,2012-10-31 06:26:34.353000+00:00,0,1351664794
1038182690,1269035551,2012-10-31 06:26:34.353000+00:00,0,1351664794
1038182690,2007279414,2012-10-31 06:26:34.353000+00:00,0,1351664794
4108811510,1076364848,2012-10-31 06:28:59.018000+00:00,1,1351664939
4108811510,2149464820,2012-10-31 06:28:59.001000+00:00,0,1351664939
4108811510,1269035551,2012-10-31 06:28:59.001000+00:00,0,1351664939
4108811510,952519340,2012-10-31 06:28:59.001000+00:00,1,1351664939
4108811510,2007279414,2012-10-31 06:28:59.001000+00:00,0,1351664939
4108811510,1844176380,2012-10-31 06:28:59.001000+00:00,0,1351664939
4108811510,1203717384,2012-10-31 06:28:59.001000+00:00,0,1351664939
1720019070,910169576,2012-10-31 06:34:10.944000+00:00,0,1351665250
1720019070,516796945,2012-10-31 06:34:10.944000+00:00,0,1351665250
1720019070,2007279414,2012-10-31 06:34:10.944000+00:00,0,1351665250
1720019070,1816813281,2012-10-31 06:34:10.944000+00:00,1,1351665250
1720019070,1269035551,2012-10-31 06:34:10.944000+00:00,0,1351665250
1720019070,2498491194,2012-10-31 06:34:10.944000+00:00,0,1351665250
2805293886,673098017,2012-10-31 06:39:44.779000+00:00,0,1351665584
2805293886,2007279414,2012-10-31 06:39:44.779000+00:00,0,1351665584
2805293886,268233790,2012-10-31 06:39:44.779000+00:00,0,1351665584
2805293886,3048578499,2012-10-31 06:39:44.779000+00:00,0,1351665584
2805293886,952519340,2012-10-31 06:39:44.779000+00:00,1,1351665584
2805293886,1269035551,2012-10-31 06:39:44.779000+00:00,0,1351665584
1236336671,3849306291,2012-10-31 06:47:10.314000+00:00,0,1351666030
1236336671,2007279414,2012-10-31 06:47:10.314000+00:00,0,1351666030
1236336671,1269035551,2012-10-31 06:47:10.314000+00:00,0,1351666030
1236336671,3950589515,2012-10-31 06:47:10.314000+00:00,0,1351666030
1236336671,2073609284,2012-10-31 06:47:10.314000+00:00,0,1351666030
1236336671,1076364848,2012-10-31 06:47:10.314000+00:00,1,1351666030
1236336671,1816813281,2012-10-31 06:47:12.333000+00:00,1,1351666032
206173756,239276659,2012-10-31 06:55:45.585000+00:00,1,1351666545
206173756,1549996522,2012-10-31 06:55:45.585000+00:00,0,1351666545
206173756,1677401781,2012-10-31 06:55:45.585000+00:00,0,1351666545
206173756,3731945988,2012-10-31 06:55:45.585000+00:00,0,1351666545
206173756,1344296761,2012-10-31 06:55:45.585000+00:00,0,1351666545
206173756,627006212,2012-10-31 06:55:45.585000+00:00,0,1351666545
206173756,11608112,2012-10-31 06:56:56.353000+00:00,1,1351666616
681010476,1597380017,2012-10-31 07:03:26.688000+00:00,1,1351667006
681010476,3281130769,2012-10-31 07:03:26.688000+00:00,0,1351667006
681010476,823015621,2012-10-31 07:03:26.688000+00:00,0,1351667006
681010476,1323913377,2012-10-31 07:03:26.688000+00:00,0,1351667006
681010476,3144013743,2012-10-31 07:03:26.688000+00:00,0,1351667006
681010476,44607617,2012-10-31 07:03:26.688000+00:00,0,1351667006
681010476,1528500344,2012-10-31 07:03:37.448000+00:00,1,1351667017
681010476,152418051,2012-10-31 07:03:39.462000+00:00,1,1351667019
1071319145,3637169524,2012-10-31 07:10:33.057000+00:00,0,1351667433
1071319145,3643004825,2012-10-31 07:10:33.057000+00:00,0,1351667433
1071319145,3601196821,2012-10-31 07:10:33.057000+00:00,1,1351667433
1071319145,1124054232,2012-10-31 07:10:33.057000+00:00,0,1351667433
1071319145,3563635172,2012-10-31 07:10:33.057000+00:00,0,1351667433
1071319145,2186630028,2012-10-31 07:10:33.057000+00:00,0,1351667433
1071319145,2071866215,2012-10-31 07:10:34.608000+00:00,1,1351667434
2593432040,152418051,2012-10-31 07:15:33.445000+00:00,0,1351667733
2593432040,1845786756,2012-10-31 07:15:33.445000+00:00,0,1351667733
2593432040,3984042837,2012-10-31 07:15:33.445000+00:00,0,1351667733
2593432040,2790605371,2012-10-31 07:15:33.445000+00:00,1,1351667733
2593432040,2993316611,2012-10-31 07:15:33.445000+00:00,0,1351667733
2593432040,2352676247,2012-10-31 07:15:33.445000+00:00,0,1351667733
4206209185,2498491194,2012-10-31 07:25:12.200000+00:00,1,1351668312
4206209185,2007279414,2012-10-31 07:25:12.200000+00:00,0,1351668312
4206209185,2149464820,2012-10-31 07:25:12.200000+00:00,0,1351668312
4206209185,1203717384,2012-10-31 07:25:12.200000+00:00,0,1351668312
4206209185,1902753965,2012-10-31 07:25:12.200000+00:00,0,1351668312
4206209185,1269035551,2012-10-31 07:25:12.200000+00:00,0,1351668312
4206209185,3103100779,2012-10-31 07:28:31.203000+00:00,1,1351668511
3573650571,1203717384,2012-10-31 07:28:56.874000+00:00,0,1351668536
3573650571,2149464820,2012-10-31 07:28:56.874000+00:00,0,1351668536
3573650571,2007279414,2012-10-31 07:28:56.874000+00:00,0,1351668536
3573650571,1902753965,2012-10-31 07:28:56.874000+00:00,0,1351668536
3573650571,3425809914,2012-10-31 07:28:56.874000+00:00,1,1351668536
3573650571,1269035551,2012-10-31 07:28:56.874000+00:00,0,1351668536
4002956902,1269035551,2012-10-31 07:37:16.258000+00:00,0,1351669036
4002956902,1076364848,2012-10-31 07:37:16.258000+00:00,1,1351669036
4002956902,2549322104,2012-10-31 07:37:16.258000+00:00,0,1351669036
4002956902,2098941988,2012-10-31 07:37:16.258000+00:00,0,1351669036
4002956902,2007279414,2012-10-31 07:37:16.258000+00:00,0,1351669036
4002956902,3309338938,2012-10-31 07:37:16.258000+00:00,0,1351669036
4002956902,1816813281,2012-10-31 07:37:43.808000+00:00,1,1351669063
4002956902,952519340,2012-10-31 07:37:43.794000+00:00,1,1351669063
4002956902,3103100779,2012-10-31 07:37:48.953000+00:00,1,1351669068
2342474285,1860569646,2012-10-31 08:05:49.955000+00:00,1,1351670749
2342474285,98978060,2012-10-31 08:05:49.955000+00:00,0,1351670749
2342474285,2621503414,2012-10-31 08:05:49.955000+00:00,0,1351670749
2342474285,3462111166,2012-10-31 08:05:49.955000+00:00,0,1351670749
2342474285,915403718,2012-10-31 08:05:49.955000+00:00,0,1351670749
2342474285,2219144892,2012-10-31 08:05:49.955000+00:00,0,1351670749
1372842685,2149464820,2012-10-31 08:30:48.942000+00:00,0,1351672248
1372842685,952519340,2012-10-31 08:30:48.942000+00:00,0,1351672248
1372842685,1203717384,2012-10-31 08:30:48.942000+00:00,0,1351672248
1372842685,1076364848,2012-10-31 08:30:48.942000+00:00,1,1351672248
1372842685,1269035551,2012-10-31 08:30:48.942000+00:00,0,1351672248
1372842685,2007279414,2012-10-31 08:30:48.942000+00:00,0,1351672248
3822987687,1183719416,2012-10-31 08:30:55.585000+00:00,0,1351672255
3822987687,2498491194,2012-10-31 08:30:55.585000+00:00,0,1351672255
3822987687,1076364848,2012-10-31 08:30:55.585000+00:00,1,1351672255
3822987687,2007279414,2012-10-31 08:30:55.585000+00:00,0,1351672255
3822987687,268233790,2012-10-31 08:30:55.585000+00:00,0,1351672255
3822987687,1269035551,2012-10-31 08:30:55.585000+00:00,0,1351672255
2343762978,3376318184,2012-10-31 09:29:39.939000+00:00,0,1351675779
2343762978,3276213471,2012-10-31 09:29:39.939000+00:00,0,1351675779
2343762978,3643004825,2012-10-31 09:29:39.939000+00:00,0,1351675779
2343762978,933541663,2012-10-31 09:29:39.939000+00:00,1,1351675779
2343762978,3254851447,2012-10-31 09:29:39.939000+00:00,0,1351675779
2343762978,3183605169,2012-10-31 09:29:39.939000+00:00,0,1351675779
2343762978,3793452317,2012-10-31 09:30:21.741000+00:00,1,1351675821
2343762978,1955524303,2012-10-31 09:30:23.410000+00:00,0,1351675823
906981127,2101810388,2012-10-31 10:23:25.076000+00:00,0,1351679005
906981127,2437756221,2012-10-31 10:23:25.076000+00:00,0,1351679005
906981127,3488779034,2012-10-31 10:23:25.076000+00:00,0,1351679005
906981127,741936389,2012-10-31 10:23:25.076000+00:00,1,1351679005
906981127,1050750570,2012-10-31 10:23:25.076000+00:00,0,1351679005
906981127,4154074057,2012-10-31 10:23:25.076000+00:00,0,1351679005
72298333,952519340,2012-10-31 10:36:52.835000+00:00,1,1351679812
72298333,614885637,2012-10-31 10:36:52.835000+00:00,0,1351679812
72298333,1269035551,2012-10-31 10:36:52.835000+00:00,0,1351679812
72298333,2149464820,2012-10-31 10:36:52.835000+00:00,0,1351679812
72298333,2498491194,2012-10-31 10:36:52.835000+00:00,0,1351679812
72298333,2007279414,2012-10-31 10:36:52.835000+00:00,0,1351679812
72298333,1844176380,2012-10-31 10:36:57.882000+00:00,1,1351679817
2056142684,1203717384,2012-10-31 11:17:04.301000+00:00,0,1351682224
2056142684,2007279414,2012-10-31 11:17:04.301000+00:00,0,1351682224
2056142684,1269035551,2012-10-31 11:17:04.301000+00:00,0,1351682224
2056142684,952519340,2012-10-31 11:17:04.301000+00:00,1,1351682224
2056142684,2149464820,2012-10-31 11:17:04.301000+00:00,0,1351682224
2056142684,1076364848,2012-10-31 11:17:04.301000+00:00,0,1351682224
2648736219,3287558640,2012-10-31 14:00:38.554000+00:00,0,1351692038
2648736219,894829625,2012-10-31 14:00:38.554000+00:00,0,1351692038
2648736219,3728974729,2012-10-31 14:00:38.554000+00:00,1,1351692038
2648736219,3898786475,2012-10-31 14:00:38.554000+00:00,0,1351692038
2648736219,98978060,2012-10-31 14:00:38.554000+00:00,0,1351692038
2648736219,3462111166,2012-10-31 14:00:38.554000+00:00,0,1351692038
564641393,955398943,2012-10-31 14:33:12.793000+00:00,0,1351693992
564641393,239276659,2012-10-31 14:33:12.793000+00:00,0,1351693992
564641393,1600413013,2012-10-31 14:33:12.793000+00:00,0,1351693992
564641393,1332759137,2012-10-31 14:33:12.793000+00:00,1,1351693992
564641393,1926323783,2012-10-31 14:33:12.793000+00:00,0,1351693992
564641393,2802832059,2012-10-31 14:33:23.356000+00:00,1,1351694003
564641393,200612846,2012-10-31 14:33:51.517000+00:00,1,1351694031
2893327845,2007279414,2012-10-31 15:34:41.377000+00:00,0,1351697681
2893327845,1076364848,2012-10-31 15:34:41.377000+00:00,1,1351697681
2893327845,1269035551,2012-10-31 15:34:41.377000+00:00,0,1351697681
2893327845,2345395514,2012-10-31 15:34:41.377000+00:00,0,1351697681
2893327845,4080944038,2012-10-31 15:34:41.377000+00:00,0,1351697681
2893327845,3309338938,2012-10-31 15:34:41.377000+00:00,0,1351697681
1997928281,1076364848,2012-10-31 15:52:39.462000+00:00,1,1351698759
1997928281,2149464820,2012-10-31 15:52:39.462000+00:00,0,1351698759
1997928281,1203717384,2012-10-31 15:52:39.462000+00:00,0,1351698759
1997928281,2007279414,2012-10-31 15:52:39.462000+00:00,0,1351698759
1997928281,1269035551,2012-10-31 15:52:39.462000+00:00,0,1351698759
1997928281,4080944038,2012-10-31 15:52:39.462000+00:00,0,1351698759
508837021,1550429882,2012-10-31 17:18:39+00:00,0,1351703919
508837021,1721071411,2012-10-31 17:18:39+00:00,0,1351703919
508837021,3643257179,2012-10-31 17:18:39+00:00,0,1351703919
508837021,895171477,2012-10-31 17:18:39+00:00,0,1351703919
508837021,1427461336,2012-10-31 17:18:39+00:00,0,1351703919
1313492534,3276213471,2012-10-31 17:39:14.719000+00:00,0,1351705154
1313492534,2452904679,2012-10-31 17:39:14.719000+00:00,1,1351705154
1313492534,3183605169,2012-10-31 17:39:14.719000+00:00,0,1351705154
1313492534,167252762,2012-10-31 17:39:14.719000+00:00,0,1351705154
1313492534,1114350408,2012-10-31 17:39:14.719000+00:00,0,1351705154
1313492534,1693226702,2012-10-31 17:39:14.719000+00:00,0,1351705154
3186268838,1530709861,2012-10-31 17:42:04.925000+00:00,0,1351705324
3186268838,322219501,2012-10-31 17:42:04.925000+00:00,0,1351705324
3186268838,2219144892,2012-10-31 17:42:04.925000+00:00,0,1351705324
3186268838,695149490,2012-10-31 17:42:04.925000+00:00,0,1351705324
3186268838,3462111166,2012-10-31 17:42:04.925000+00:00,1,1351705324
3186268838,2621503414,2012-10-31 17:42:04.925000+00:00,0,1351705324
3186268838,98978060,2012-10-31 17:45:23.962000+00:00,1,1351705523
3186268838,1448086840,2012-10-31 17:45:24.028000+00:00,1,1351705524
1131940169,268233790,2012-10-31 17:47:48.010000+00:00,0,1351705668
1131940169,2007279414,2012-10-31 17:47:48.010000+00:00,0,1351705668
1131940169,3048578499,2012-10-31 17:47:48.010000+00:00,0,1351705668
1131940169,1269035551,2012-10-31 17:47:48.010000+00:00,0,1351705668
1131940169,952519340,2012-10-31 17:47:48.010000+00:00,1,1351705668
1131940169,2498491194,2012-10-31 17:47:48.010000+00:00,0,1351705668
1131940169,1076364848,2012-10-31 17:47:59.198000+00:00,1,1351705679
1039126403,1076364848,2012-10-31 18:03:30.537000+00:00,1,1351706610
1039126403,3849306291,2012-10-31 18:03:30.537000+00:00,0,1351706610
1039126403,2007279414,2012-10-31 18:03:30.537000+00:00,0,1351706610
1039126403,2498491194,2012-10-31 18:03:30.537000+00:00,0,1351706610
1039126403,1269035551,2012-10-31 18:03:30.537000+00:00,0,1351706610
1039126403,268233790,2012-10-31 18:03:30.537000+00:00,0,1351706610
551538117,125067550,2012-10-31 18:34:44.674000+00:00,0,1351708484
551538117,3769851269,2012-10-31 18:34:44.674000+00:00,0,1351708484
551538117,2153037761,2012-10-31 18:34:44.674000+00:00,1,1351708484
551538117,3199229320,2012-10-31 18:34:44.674000+00:00,0,1351708484
551538117,87962584,2012-10-31 18:34:44.674000+00:00,0,1351708484
551538117,944656644,2012-10-31 18:34:44.674000+00:00,0,1351708484
2495407859,3327259603,2012-10-31 18:38:56.614000+00:00,0,1351708736
2495407859,93291131,2012-10-31 18:38:56.614000+00:00,1,1351708736
2495407859,745914541,2012-10-31 18:38:56.614000+00:00,0,1351708736
2495407859,1886663540,2012-10-31 18:38:56.614000+00:00,0,1351708736
2495407859,2153037761,2012-10-31 18:38:56.614000+00:00,0,1351708736
2495407859,3790866767,2012-10-31 18:38:56.614000+00:00,0,1351708736
3594731327,2219144892,2012-10-31 18:39:57.153000+00:00,0,1351708797
3594731327,3462111166,2012-10-31 18:39:57.153000+00:00,0,1351708797
3594731327,2621503414,2012-10-31 18:39:57.153000+00:00,0,1351708797
3594731327,1776393554,2012-10-31 18:39:57.153000+00:00,0,1351708797
3594731327,915403718,2012-10-31 18:39:57.153000+00:00,1,1351708797
3594731327,1699561506,2012-10-31 18:39:57.153000+00:00,0,1351708797
3594731327,1448086840,2012-10-31 18:39:59.680000+00:00,1,1351708799
3594731327,1195636083,2012-10-31 18:40:36.851000+00:00,1,1351708836
3594731327,3703162437,2012-10-31 18:40:59.988000+00:00,1,1351708859
3093978794,348529248,2012-10-31 18:45:58.180000+00:00,0,1351709158
3093978794,799782433,2012-10-31 18:45:58.180000+00:00,1,1351709158
3093978794,316055690,2012-10-31 18:45:58.180000+00:00,0,1351709158
3093978794,44607617,2012-10-31 18:45:58.180000+00:00,0,1351709158
3093978794,650745497,2012-10-31 18:45:58.180000+00:00,0,1351709158
3093978794,306010070,2012-10-31 18:45:58.180000+00:00,0,1351709158
2133006016,3789029184,2012-10-31 18:50:37.196000+00:00,1,1351709437
2133006016,3680209340,2012-10-31 18:50:37.196000+00:00,0,1351709437
2133006016,3819567837,2012-10-31 18:50:37.196000+00:00,0,1351709437
2133006016,4002798045,2012-10-31 18:50:37.196000+00:00,0,1351709437
2133006016,945123072,2012-10-31 18:50:45.769000+00:00,1,1351709445
2148913954,3480624055,2012-10-31 19:32:49.834000+00:00,0,1351711969
2148913954,3331186835,2012-10-31 19:32:49.834000+00:00,0,1351711969
2148913954,3402209713,2012-10-31 19:32:49.834000+00:00,0,1351711969
2148913954,2774741890,2012-10-31 19:32:49.834000+00:00,0,1351711969
2148913954,409791223,2012-10-31 19:32:49.834000+00:00,0,1351711969
2148913954,524127618,2012-10-31 19:32:49.834000+00:00,1,1351711969
1804164018,2479854230,2012-10-31 19:32:50.373000+00:00,1,1351711970
1804164018,794450376,2012-10-31 19:32:50.373000+00:00,0,1351711970
1804164018,1859823732,2012-10-31 19:32:50.373000+00:00,0,1351711970
1804164018,899234866,2012-10-31 19:32:50.373000+00:00,0,1351711970
1804164018,2352676247,2012-10-31 19:32:50.373000+00:00,0,1351711970
1804164018,1845786756,2012-10-31 19:32:50.373000+00:00,0,1351711970
2148913954,1856036186,2012-10-31 19:33:06.636000+00:00,1,1351711986
2148913954,982792426,2012-10-31 19:33:52.885000+00:00,1,1351712032
2148913954,612946819,2012-10-31 19:33:57.937000+00:00,1,1351712037
2788859591,3643004825,2012-10-31 19:43:15.040000+00:00,0,1351712595
2788859591,2822187055,2012-10-31 19:43:15.040000+00:00,1,1351712595
2788859591,1241270051,2012-10-31 19:43:15.040000+00:00,0,1351712595
2788859591,1669367540,2012-10-31 19:43:15.040000+00:00,0,1351712595
2788859591,27702695,2012-10-31 19:43:15.040000+00:00,0,1351712595
2788859591,2485944097,2012-10-31 19:43:15.040000+00:00,0,1351712595
2788859591,3256009463,2012-10-31 19:43:20.661000+00:00,1,1351712600
2788859591,2969244564,2012-10-31 19:44:34.925000+00:00,1,1351712674
2788859591,2202597115,2012-10-31 19:45:37.264000+00:00,1,1351712737
3761533297,1415883658,2012-10-31 19:55:53.938000+00:00,0,1351713353
3761533297,3193870917,2012-10-31 19:55:53.938000+00:00,0,1351713353
3761533297,3681696850,2012-10-31 19:55:53.938000+00:00,1,1351713353
3761533297,1838843061,2012-10-31 19:55:53.938000+00:00,0,1351713353
3761533297,4002798045,2012-10-31 19:55:53.938000+00:00,0,1351713353
3761533297,2809906088,2012-10-31 19:55:53.938000+00:00,0,1351713353
2090888096,1287884858,2012-10-31 19:58:44.165000+00:00,1,1351713524
2090888096,1478537984,2012-10-31 19:58:44.165000+00:00,0,1351713524
2090888096,2740194717,2012-10-31 19:58:44.165000+00:00,0,1351713524
2090888096,2465528861,2012-10-31 19:58:44.165000+00:00,0,1351713524
2090888096,3327259603,2012-10-31 19:58:44.165000+00:00,0,1351713524
2090888096,731731924,2012-10-31 19:58:44.165000+00:00,0,1351713524
1577437083,3183605169,2012-10-31 20:32:48.489000+00:00,0,1351715568
1577437083,1926323783,2012-10-31 20:32:48.489000+00:00,0,1351715568
1577437083,1693226702,2012-10-31 20:32:48.489000+00:00,0,1351715568
1577437083,3904821261,2012-10-31 20:32:48.489000+00:00,1,1351715568
1577437083,4194316975,2012-10-31 20:32:48.489000+00:00,0,1351715568
1577437083,2633697384,2012-10-31 20:32:48.489000+00:00,0,1351715568
1577437083,2841724568,2012-10-31 20:33:08.669000+00:00,1,1351715588
1577437083,263253434,2012-10-31 20:33:11.691000+00:00,1,1351715591
1577437083,2145977549,2012-10-31 20:33:13.718000+00:00,1,1351715593
1577437083,3621854275,2012-10-31 20:33:15.750000+00:00,1,1351715595
1577437083,3276213471,2012-10-31 20:33:20.798000+00:00,1,1351715600
1577437083,1600413013,2012-10-31 20:33:21.813000+00:00,1,1351715601
1577437083,955398943,2012-10-31 20:33:24.853000+00:00,1,1351715604
4272342830,1902753965,2012-10-31 20:54:06.656000+00:00,0,1351716846
4272342830,952519340,2012-10-31 20:54:06.656000+00:00,1,1351716846
4272342830,3309338938,2012-10-31 20:54:06.656000+00:00,0,1351716846
4272342830,2007279414,2012-10-31 20:54:06.656000+00:00,0,1351716846
4272342830,673098017,2012-10-31 20:54:06.656000+00:00,0,1351716846
4272342830,1269035551,2012-10-31 20:54:06.656000+00:00,0,1351716846
3929074393,1601859970,2012-10-31 21:54:58.104000+00:00,0,1351720498
3929074393,2066686477,2012-10-31 21:54:58.104000+00:00,1,1351720498
3929074393,127240207,2012-10-31 21:54:58.104000+00:00,0,1351720498
3929074393,4142094256,2012-10-31 21:54:58.104000+00:00,0,1351720498
3929074393,3883276816,2012-10-31 21:54:58.104000+00:00,0,1351720498
3929074393,3587691537,2012-10-31 21:54:58.104000+00:00,0,1351720498
2436252940,1613671569,2012-10-31 22:04:01.121000+00:00,0,1351721041
2436252940,731731924,2012-10-31 22:04:01.121000+00:00,0,1351721041
2436252940,2115491671,2012-10-31 22:04:01.121000+00:00,0,1351721041
2436252940,2465528861,2012-10-31 22:04:01.121000+00:00,0,1351721041
2436252940,3327259603,2012-10-31 22:04:01.121000+00:00,0,1351721041
2436252940,2153037761,2012-10-31 22:04:01.121000+00:00,1,1351721041
1952851403,2798180581,2012-10-31 22:49:24.066000+00:00,0,1351723764
1952851403,803416244,2012-10-31 22:49:24.066000+00:00,0,1351723764
1952851403,2837476507,2012-10-31 22:49:24.066000+00:00,0,1351723764
1952851403,3811447746,2012-10-31 22:49:24.066000+00:00,1,1351723764
1952851403,689023473,2012-10-31 22:49:24.066000+00:00,0,1351723764
1952851403,2219144892,2012-10-31 22:49:24.066000+00:00,0,1351723764
307271704,1076364848,2012-10-31 23:11:15.728000+00:00,0,1351725075
307271704,1269035551,2012-10-31 23:11:15.728000+00:00,0,1351725075
307271704,3498692897,2012-10-31 23:11:15.728000+00:00,1,1351725075
307271704,3048578499,2012-10-31 23:11:15.728000+00:00,0,1351725075
307271704,4244463632,2012-10-31 23:11:15.728000+00:00,0,1351725075
307271704,2007279414,2012-10-31 23:11:15.728000+00:00,0,1351725075
3903245015,952519340,2012-10-31 23:22:04.430000+00:00,1,1351725724
3903245015,1269035551,2012-10-31 23:22:04.430000+00:00,0,1351725724
3903245015,2007279414,2012-10-31 23:22:04.430000+00:00,0,1351725724
3903245015,268233790,2012-10-31 23:22:04.430000+00:00,0,1351725724
3903245015,1076364848,2012-10-31 23:22:04.430000+00:00,0,1351725724
3903245015,3048578499,2012-10-31 23:22:04.430000+00:00,0,1351725724
3037654114,731731924,2012-10-31 23:36:55.088000+00:00,0,1351726615
3037654114,2465528861,2012-10-31 23:36:55.088000+00:00,0,1351726615
3037654114,2115491671,2012-10-31 23:36:55.088000+00:00,1,1351726615
3037654114,3199229320,2012-10-31 23:36:55.088000+00:00,0,1351726615
3037654114,87962584,2012-10-31 23:36:55.088000+00:00,0,1351726615
3037654114,1287884858,2012-10-31 23:37:41.351000+00:00,1,1351726661
3037654114,2153037761,2012-10-31 23:37:44.416000+00:00,1,1351726664
3037654114,4289284578,2012-10-31 23:37:50.673000+00:00,1,1351726670
770526360,2098941988,2012-10-31 23:50:37.208000+00:00,0,1351727437
770526360,268233790,2012-10-31 23:50:37.208000+00:00,0,1351727437
770526360,2007279414,2012-10-31 23:50:37.208000+00:00,0,1351727437
770526360,1076364848,2012-10-31 23:50:37.208000+00:00,1,1351727437
770526360,952519340,2012-10-31 23:50:37.208000+00:00,0,1351727437
770526360,1269035551,2012-10-31 23:50:37.208000+00:00,0,1351727437
770526360,516796945,2012-10-31 23:52:55.831000+00:00,1,1351727575
436392678,1902753965,2012-11-01 00:03:11.042000+00:00,0,1351728191
436392678,673098017,2012-11-01 00:03:11.042000+00:00,0,1351728191
436392678,1151525474,2012-11-01 00:03:11.042000+00:00,1,1351728191
436392678,2007279414,2012-11-01 00:03:11.042000+00:00,0,1351728191
436392678,268233790,2012-11-01 00:03:11.042000+00:00,0,1351728191
436392678,1269035551,2012-11-01 00:03:11.042000+00:00,0,1351728191
305160382,2375103731,2012-11-01 00:04:18.728000+00:00,0,1351728258
305160382,2214608095,2012-11-01 00:04:18.728000+00:00,0,1351728258
305160382,1404500601,2012-11-01 00:04:18.728000+00:00,1,1351728258
305160382,2092805628,2012-11-01 00:04:18.728000+00:00,0,1351728258
305160382,198166767,2012-11-01 00:04:18.728000+00:00,0,1351728258
305160382,4019120435,2012-11-01 00:04:18.728000+00:00,0,1351728258
305160382,2428305873,2012-11-01 00:04:23.266000+00:00,1,1351728263
305160382,1267918307,2012-11-01 00:04:27.310000+00:00,1,1351728267
1298546667,3790866767,2012-11-01 00:09:42.462000+00:00,0,1351728582
1298546667,745914541,2012-11-01 00:09:42.462000+00:00,0,1351728582
1298546667,3320505228,2012-11-01 00:09:42.462000+00:00,0,1351728582
1298546667,2115491671,2012-11-01 00:09:42.462000+00:00,1,1351728582
1298546667,1630022509,2012-11-01 00:09:42.462000+00:00,0,1351728582
1298546667,3199229320,2012-11-01 00:09:42.462000+00:00,0,1351728582
1871580056,3309338938,2012-11-01 00:26:00.048000+00:00,0,1351729560
1871580056,268233790,2012-11-01 00:26:00.048000+00:00,0,1351729560
1871580056,2007279414,2012-11-01 00:26:00.048000+00:00,0,1351729560
1871580056,1076364848,2012-11-01 00:26:00.048000+00:00,1,1351729560
1871580056,2149464820,2012-11-01 00:26:00.048000+00:00,0,1351729560
1871580056,1269035551,2012-11-01 00:26:00.048000+00:00,0,1351729560
121856257,215555826,2012-11-01 00:33:07.845000+00:00,0,1351729987
121856257,2533071551,2012-11-01 00:33:31.510000+00:00,0,1351730011
121856257,514409959,2012-11-01 00:33:31.510000+00:00,0,1351730011
121856257,2317584034,2012-11-01 00:33:31.510000+00:00,0,1351730011
121856257,2540229116,2012-11-01 00:33:31.510000+00:00,0,1351730011
121856257,232587843,2012-11-01 00:33:31.510000+00:00,1,1351730011
121856257,3795440624,2012-11-01 00:33:31.510000+00:00,0,1351730011
333508463,1076364848,2012-11-01 00:45:31.274000+00:00,1,1351730731
333508463,268233790,2012-11-01 00:45:31.274000+00:00,0,1351730731
333508463,1269035551,2012-11-01 00:45:31.274000+00:00,0,1351730731
333508463,2007279414,2012-11-01 00:45:31.274000+00:00,0,1351730731
333508463,673098017,2012-11-01 00:45:31.274000+00:00,0,1351730731
333508463,3849306291,2012-11-01 00:45:31.274000+00:00,0,1351730731
4201750807,3864843980,2012-11-01 01:00:45.012000+00:00,0,1351731645
4201750807,1189005464,2012-11-01 01:00:45.012000+00:00,0,1351731645
4201750807,2115491671,2012-11-01 01:00:45.012000+00:00,1,1351731645
4201750807,3790866767,2012-11-01 01:00:45.012000+00:00,0,1351731645
4201750807,1630022509,2012-11-01 01:00:45.012000+00:00,0,1351731645
4201750807,1127345478,2012-11-01 01:00:45.012000+00:00,0,1351731645
2630238456,2007279414,2012-11-01 01:20:06.871000+00:00,0,1351732806
2630238456,1269035551,2012-11-01 01:20:06.871000+00:00,0,1351732806
2630238456,1270020700,2012-11-01 01:20:06.871000+00:00,1,1351732806
2630238456,3849306291,2012-11-01 01:20:06.871000+00:00,0,1351732806
2630238456,1076364848,2012-11-01 01:20:06.871000+00:00,0,1351732806
2630238456,2149464820,2012-11-01 01:20:06.871000+00:00,0,1351732806
4141924620,2465528861,2012-11-01 01:20:18.985000+00:00,0,1351732818
4141924620,3247053834,2012-11-01 01:20:18.985000+00:00,1,1351732818
4141924620,4364520,2012-11-01 01:20:18.985000+00:00,0,1351732818
4141924620,731731924,2012-11-01 01:20:18.985000+00:00,0,1351732818
4141924620,2038842201,2012-11-01 01:20:18.985000+00:00,0,1351732818
4141924620,2250918448,2012-11-01 01:20:18.985000+00:00,0,1351732818
4141924620,641950279,2012-11-01 01:21:02.308000+00:00,1,1351732862
4141924620,2115491671,2012-11-01 01:21:19.465000+00:00,1,1351732879
4141924620,2153037761,2012-11-01 01:21:40.328000+00:00,1,1351732900
2630238456,2451246186,2012-11-01 01:24:03.928000+00:00,1,1351733043
3838242688,2149464820,2012-11-01 01:36:39.096000+00:00,0,1351733799
3838242688,1269035551,2012-11-01 01:36:39.096000+00:00,0,1351733799
3838242688,1076364848,2012-11-01 01:36:39.096000+00:00,1,1351733799
3838242688,2007279414,2012-11-01 01:36:39.096000+00:00,0,1351733799
3434508639,4194316975,2012-11-01 01:38:19.547000+00:00,0,1351733899
3434508639,1600413013,2012-11-01 01:38:19.547000+00:00,0,1351733899
3434508639,1329952040,2012-11-01 01:38:19.547000+00:00,0,1351733899
3434508639,1926323783,2012-11-01 01:38:19.547000+00:00,0,1351733899
3434508639,3276213471,2012-11-01 01:38:19.547000+00:00,0,1351733899
3434508639,955398943,2012-11-01 01:38:19.547000+00:00,1,1351733899
3598524699,731731924,2012-11-01 01:49:33.179000+00:00,0,1351734573
3598524699,1888712494,2012-11-01 01:49:33.179000+00:00,0,1351734573
3598524699,3790866767,2012-11-01 01:49:33.179000+00:00,0,1351734573
3598524699,2038842201,2012-11-01 01:49:33.179000+00:00,0,1351734573
3598524699,3386643665,2012-11-01 01:49:33.179000+00:00,1,1351734573
3598524699,2465528861,2012-11-01 01:49:33.179000+00:00,0,1351734573
3598524699,3327259603,2012-11-01 01:49:47.268000+00:00,1,1351734587
3598524699,52639264,2012-11-01 01:49:52.315000+00:00,1,1351734592
4261865653,3480624055,2012-11-01 02:08:59.081000+00:00,0,1351735739
4261865653,530307239,2012-11-01 02:08:59.081000+00:00,0,1351735739
4261865653,915403718,2012-11-01 02:08:59.081000+00:00,1,1351735739
4261865653,1771812765,2012-11-01 02:08:59.081000+00:00,0,1351735739
4261865653,322219501,2012-11-01 02:08:59.081000+00:00,0,1351735739
4261865653,4129023810,2012-11-01 02:08:59.081000+00:00,0,1351735739
4261865653,2748209109,2012-11-01 02:09:04.122000+00:00,1,1351735744
4261865653,1548928340,2012-11-01 02:09:13.672000+00:00,1,1351735753
2536109970,268233790,2012-11-01 02:10:13.392000+00:00,0,1351735813
2536109970,1203717384,2012-11-01 02:10:13.392000+00:00,0,1351735813
2536109970,3849306291,2012-11-01 02:10:13.392000+00:00,0,1351735813
2536109970,1076364848,2012-11-01 02:10:13.392000+00:00,1,1351735813
2536109970,2007279414,2012-11-01 02:10:13.392000+00:00,0,1351735813
2536109970,1269035551,2012-11-01 02:10:13.392000+00:00,0,1351735813
4261865653,2621503414,2012-11-01 02:14:00.903000+00:00,1,1351736040
4261865653,2214608095,2012-11-01 02:14:15.140000+00:00,1,1351736055
4261865653,1325647788,2012-11-01 02:15:15.584000+00:00,1,1351736115
4264591455,1816813281,2012-11-01 02:42:36.270000+00:00,1,1351737756
4264591455,1203717384,2012-11-01 02:42:36.270000+00:00,0,1351737756
4264591455,1076364848,2012-11-01 02:42:36.270000+00:00,0,1351737756
4264591455,2007279414,2012-11-01 02:42:36.270000+00:00,0,1351737756
4264591455,1269035551,2012-11-01 02:42:36.270000+00:00,0,1351737756
4264591455,2149464820,2012-11-01 02:42:36.270000+00:00,0,1351737756
183275855,3289683998,2012-11-01 02:51:07.276000+00:00,0,1351738267
183275855,2465528861,2012-11-01 02:51:07.276000+00:00,0,1351738267
183275855,2115491671,2012-11-01 02:51:07.276000+00:00,1,1351738267
183275855,3320505228,2012-11-01 02:51:07.276000+00:00,0,1351738267
183275855,1613671569,2012-11-01 02:51:07.276000+00:00,0,1351738267
183275855,2051603944,2012-11-01 02:51:07.276000+00:00,0,1351738267
2650493630,87962584,2012-11-01 03:14:24.268000+00:00,0,1351739664
2650493630,2153037761,2012-11-01 03:14:24.268000+00:00,1,1351739664
2650493630,2465528861,2012-11-01 03:14:24.268000+00:00,0,1351739664
2650493630,2115491671,2012-11-01 03:14:24.268000+00:00,0,1351739664
2650493630,1767325091,2012-11-01 03:14:24.268000+00:00,0,1351739664
2650493630,706200405,2012-11-01 03:14:24.268000+00:00,0,1351739664
292322045,4140154751,2012-11-01 03:17:10.433000+00:00,1,1351739830
292322045,2610561518,2012-11-01 03:17:10.433000+00:00,0,1351739830
292322045,4083994402,2012-11-01 03:17:10.433000+00:00,0,1351739830
292322045,2059769837,2012-11-01 03:17:10.433000+00:00,0,1351739830
292322045,615488222,2012-11-01 03:17:10.433000+00:00,0,1351739830
292322045,894829625,2012-11-01 03:17:10.433000+00:00,0,1351739830
395811323,268233790,2012-11-01 03:17:18.488000+00:00,0,1351739838
395811323,1269035551,2012-11-01 03:17:18.488000+00:00,0,1351739838
395811323,3849306291,2012-11-01 03:17:18.488000+00:00,0,1351739838
395811323,1076364848,2012-11-01 03:17:18.488000+00:00,1,1351739838
395811323,2007279414,2012-11-01 03:17:18.488000+00:00,0,1351739838
395811323,4244463632,2012-11-01 03:17:18.488000+00:00,0,1351739838
1619040661,2942609119,2012-11-01 03:23:33.281000+00:00,0,1351740213
1619040661,1448086840,2012-11-01 03:23:33.281000+00:00,1,1351740213
1619040661,1699561506,2012-11-01 03:23:33.281000+00:00,0,1351740213
1619040661,3475396168,2012-11-01 03:23:33.281000+00:00,0,1351740213
1619040661,1750407174,2012-11-01 03:23:33.281000+00:00,0,1351740213
1619040661,322219501,2012-11-01 03:23:33.281000+00:00,0,1351740213
2290297293,1269035551,2012-11-01 03:31:47.364000+00:00,0,1351740707
2290297293,782683695,2012-11-01 03:31:47.364000+00:00,0,1351740707
2290297293,2007279414,2012-11-01 03:31:47.364000+00:00,0,1351740707
2290297293,3776957253,2012-11-01 03:31:47.364000+00:00,0,1351740707
2290297293,4080944038,2012-11-01 03:31:47.364000+00:00,0,1351740707
2290297293,1076364848,2012-11-01 03:31:47.364000+00:00,1,1351740707
4188511767,2007279414,2012-11-01 03:38:09.761000+00:00,0,1351741089
4188511767,1269035551,2012-11-01 03:38:09.761000+00:00,0,1351741089
4188511767,2149464820,2012-11-01 03:38:09.761000+00:00,0,1351741089
4188511767,1076364848,2012-11-01 03:38:09.761000+00:00,1,1351741089
4188511767,4080944038,2012-11-01 03:38:09.761000+00:00,0,1351741089
4188511767,1203717384,2012-11-01 03:38:09.761000+00:00,0,1351741089
3597496510,4040837426,2012-11-01 03:41:55.844000+00:00,1,1351741315
3597496510,1693024677,2012-11-01 03:41:55.844000+00:00,0,1351741315
3597496510,189463573,2012-11-01 03:41:55.844000+00:00,0,1351741315
3597496510,2527101577,2012-11-01 03:41:55.844000+00:00,0,1351741315
3597496510,2589917271,2012-11-01 03:41:55.844000+00:00,0,1351741315
3597496510,857034747,2012-11-01 03:41:55.844000+00:00,0,1351741315
1657497614,2149464820,2012-11-01 03:42:04.534000+00:00,0,1351741324
1657497614,4080944038,2012-11-01 03:42:04.534000+00:00,0,1351741324
1657497614,2007279414,2012-11-01 03:42:04.534000+00:00,0,1351741324
1657497614,1203717384,2012-11-01 03:42:04.534000+00:00,0,1351741324
1657497614,3532498989,2012-11-01 03:42:04.534000+00:00,1,1351741324
1657497614,1269035551,2012-11-01 03:42:04.534000+00:00,0,1351741324
3597496510,684645873,2012-11-01 03:43:08.236000+00:00,1,1351741388
3597496510,1645469702,2012-11-01 03:44:27.872000+00:00,1,1351741467
45148230,2145727940,2012-11-01 03:51:11.338000+00:00,0,1351741871
45148230,4185613486,2012-11-01 03:51:11.338000+00:00,0,1351741871
45148230,1870423168,2012-11-01 03:51:11.338000+00:00,0,1351741871
45148230,3163152395,2012-11-01 03:51:11.338000+00:00,0,1351741871
45148230,3459643094,2012-11-01 03:51:11.338000+00:00,1,1351741871
45148230,804320045,2012-11-01 03:51:11.338000+00:00,0,1351741871
4205646791,2748209109,2012-11-01 04:04:23.447000+00:00,1,1351742663
4205646791,2725164213,2012-11-01 04:04:23.447000+00:00,0,1351742663
4205646791,2286155514,2012-11-01 04:04:23.447000+00:00,0,1351742663
4205646791,3807386691,2012-11-01 04:04:23.447000+00:00,0,1351742663
4205646791,2219144892,2012-11-01 04:04:23.447000+00:00,0,1351742663
4205646791,3928440935,2012-11-01 04:04:23.447000+00:00,0,1351742663
4205646791,915403718,2012-11-01 04:04:30.998000+00:00,1,1351742670
2251800772,1269035551,2012-11-01 04:05:24.669000+00:00,0,1351742724
2251800772,2007279414,2012-11-01 04:05:24.669000+00:00,0,1351742724
2251800772,952519340,2012-11-01 04:05:24.669000+00:00,1,1351742724
2251800772,1076364848,2012-11-01 04:05:24.669000+00:00,0,1351742724
2251800772,268233790,2012-11-01 04:05:24.669000+00:00,0,1351742724
2251800772,3849306291,2012-11-01 04:05:24.669000+00:00,0,1351742724
4205646791,3753704467,2012-11-01 04:06:35.992000+00:00,0,1351742795
4205646791,898889852,2012-11-01 04:06:39.071000+00:00,0,1351742799
2261578513,3554433899,2012-11-01 04:07:55.920000+00:00,0,1351742875
2261578513,3814517723,2012-11-01 04:07:55.920000+00:00,0,1351742875
2261578513,258423677,2012-11-01 04:07:55.920000+00:00,1,1351742875
2261578513,4177226936,2012-11-01 04:07:55.920000+00:00,0,1351742875
2261578513,3653941806,2012-11-01 04:07:55.920000+00:00,0,1351742875
2261578513,1738349310,2012-11-01 04:07:55.920000+00:00,0,1351742875
2571348801,1076364848,2012-11-01 04:25:01.994000+00:00,1,1351743901
2571348801,2007279414,2012-11-01 04:25:01.994000+00:00,0,1351743901
2571348801,268233790,2012-11-01 04:25:01.994000+00:00,0,1351743901
2571348801,2149464820,2012-11-01 04:25:01.994000+00:00,0,1351743901
2571348801,1269035551,2012-11-01 04:25:01.994000+00:00,0,1351743901
2571348801,3849306291,2012-11-01 04:25:01.994000+00:00,0,1351743901
2571348801,1816813281,2012-11-01 04:25:03.516000+00:00,1,1351743903
2670196825,2007279414,2012-11-01 04:27:13.478000+00:00,0,1351744033
2670196825,4080944038,2012-11-01 04:27:13.478000+00:00,0,1351744033
2670196825,1269035551,2012-11-01 04:27:13.478000+00:00,0,1351744033
2670196825,1816813281,2012-11-01 04:27:13.478000+00:00,1,1351744033
2670196825,2549322104,2012-11-01 04:27:13.478000+00:00,0,1351744033
2670196825,2149464820,2012-11-01 04:27:13.478000+00:00,0,1351744033
3525941406,3480624055,2012-11-01 04:29:55.850000+00:00,0,1351744195
3525941406,1641407061,2012-11-01 04:29:55.850000+00:00,0,1351744195
3525941406,604051211,2012-11-01 04:29:55.850000+00:00,1,1351744195
3525941406,2020941968,2012-11-01 04:29:55.850000+00:00,0,1351744195
3525941406,2084337326,2012-11-01 04:29:55.850000+00:00,0,1351744195
3525941406,3276213471,2012-11-01 04:29:55.850000+00:00,0,1351744195
3525941406,98657663,2012-11-01 04:30:01.406000+00:00,1,1351744201
2480747202,2329959118,2012-11-01 04:31:57.493000+00:00,0,1351744317
2480747202,2007279414,2012-11-01 04:31:57.493000+00:00,0,1351744317
2480747202,952519340,2012-11-01 04:31:57.493000+00:00,1,1351744317
2480747202,1353065742,2012-11-01 04:31:57.493000+00:00,0,1351744317
2480747202,1269035551,2012-11-01 04:31:57.493000+00:00,0,1351744317
2480747202,268233790,2012-11-01 04:31:57.493000+00:00,0,1351744317
2980440229,2418142030,2012-11-01 04:33:06.837000+00:00,1,1351744386
2980440229,1203717384,2012-11-01 04:33:06.837000+00:00,0,1351744386
2980440229,1269035551,2012-11-01 04:33:06.837000+00:00,0,1351744386
2980440229,2149464820,2012-11-01 04:33:06.837000+00:00,0,1351744386
2980440229,3849306291,2012-11-01 04:33:06.837000+00:00,0,1351744386
2980440229,2007279414,2012-11-01 04:33:06.837000+00:00,0,1351744386
2480747202,1076364848,2012-11-01 04:36:26.271000+00:00,1,1351744586
2480747202,3776957253,2012-11-01 04:37:18.484000+00:00,1,1351744638
2583651606,799782433,2012-11-01 04:38:45.881000+00:00,0,1351744725
2583651606,2668074570,2012-11-01 04:38:45.881000+00:00,0,1351744725
2583651606,152418051,2012-11-01 04:38:45.881000+00:00,0,1351744725
2583651606,3841472085,2012-11-01 04:38:45.881000+00:00,1,1351744725
2583651606,794450376,2012-11-01 04:38:45.881000+00:00,0,1351744725
2583651606,2352676247,2012-11-01 04:38:45.881000+00:00,0,1351744725
3556981605,3309338938,2012-11-01 05:03:29.882000+00:00,0,1351746209
3556981605,268233790,2012-11-01 05:03:29.882000+00:00,0,1351746209
3556981605,2007279414,2012-11-01 05:03:29.882000+00:00,0,1351746209
3556981605,673098017,2012-11-01 05:03:29.882000+00:00,0,1351746209
3556981605,1076364848,2012-11-01 05:03:29.882000+00:00,1,1351746209
3556981605,1269035551,2012-11-01 05:03:29.882000+00:00,0,1351746209
3556981605,952519340,2012-11-01 05:03:33.961000+00:00,1,1351746213
3573906831,268233790,2012-11-01 05:06:18.051000+00:00,0,1351746378
3573906831,3309338938,2012-11-01 05:06:18.051000+00:00,0,1351746378
3573906831,2007279414,2012-11-01 05:06:18.051000+00:00,0,1351746378
3573906831,1269035551,2012-11-01 05:06:18.051000+00:00,0,1351746378
3573906831,952519340,2012-11-01 05:06:18.051000+00:00,1,1351746378
3573906831,673098017,2012-11-01 05:06:18.051000+00:00,0,1351746378
3573906831,1203717384,2012-11-01 05:07:38.193000+00:00,1,1351746458
3573906831,3849306291,2012-11-01 05:08:09.051000+00:00,1,1351746489
3573906831,3776957253,2012-11-01 05:08:39.306000+00:00,1,1351746519
3162849104,3992740948,2012-11-01 05:11:02.291000+00:00,0,1351746662
3162849104,3462111166,2012-11-01 05:11:02.291000+00:00,1,1351746662
3162849104,3066869007,2012-11-01 05:11:02.291000+00:00,0,1351746662
3162849104,894829625,2012-11-01 05:11:02.291000+00:00,0,1351746662
3162849104,1860569646,2012-11-01 05:11:02.291000+00:00,0,1351746662
3162849104,309860528,2012-11-01 05:11:02.291000+00:00,0,1351746662
4146675310,1269035551,2012-11-01 05:11:03.302000+00:00,0,1351746663
4146675310,2007279414,2012-11-01 05:11:03.302000+00:00,0,1351746663
4146675310,3849306291,2012-11-01 05:11:03.302000+00:00,0,1351746663
4146675310,2149464820,2012-11-01 05:11:03.302000+00:00,0,1351746663
4146675310,268233790,2012-11-01 05:11:03.302000+00:00,1,1351746663
4146675310,1902753965,2012-11-01 05:11:03.302000+00:00,0,1351746663
1232503863,2007279414,2012-11-01 05:21:55.631000+00:00,0,1351747315
1232503863,2149464820,2012-11-01 05:21:55.631000+00:00,0,1351747315
1232503863,1203717384,2012-11-01 05:21:55.631000+00:00,0,1351747315
1232503863,1076364848,2012-11-01 05:21:55.631000+00:00,1,1351747315
1232503863,3309338938,2012-11-01 05:21:55.631000+00:00,0,1351747315
1232503863,1269035551,2012-11-01 05:21:55.631000+00:00,0,1351747315
496936219,2007279414,2012-11-01 05:25:56.996000+00:00,0,1351747556
496936219,268233790,2012-11-01 05:25:56.996000+00:00,0,1351747556
496936219,1269035551,2012-11-01 05:25:56.996000+00:00,0,1351747556
496936219,1902753965,2012-11-01 05:25:56.996000+00:00,0,1351747556
496936219,2149464820,2012-11-01 05:25:56.996000+00:00,0,1351747556
496936219,952519340,2012-11-01 05:25:56.996000+00:00,1,1351747556
1374205441,3681696850,2012-11-01 05:33:55.852000+00:00,1,1351748035
1374205441,3819567837,2012-11-01 05:33:55.852000+00:00,0,1351748035
1374205441,3680209340,2012-11-01 05:33:55.852000+00:00,0,1351748035
1374205441,1271330281,2012-11-01 05:33:55.852000+00:00,0,1351748035
1374205441,1838843061,2012-11-01 05:34:00.395000+00:00,1,1351748040
1374205441,4002798045,2012-11-01 05:34:11.116000+00:00,1,1351748051
1374205441,2205661933,2012-11-01 05:34:12.143000+00:00,1,1351748052
419456233,965900163,2012-11-01 05:41:06.276000+00:00,0,1351748466
419456233,3930077968,2012-11-01 05:41:06.276000+00:00,0,1351748466
419456233,2989906553,2012-11-01 05:41:06.276000+00:00,1,1351748466
419456233,2298558334,2012-11-01 05:41:06.276000+00:00,0,1351748466
4206471336,1203717384,2012-11-01 05:41:40.056000+00:00,1,1351748500
4206471336,2149464820,2012-11-01 05:41:40.056000+00:00,0,1351748500
4206471336,2007279414,2012-11-01 05:41:40.056000+00:00,0,1351748500
4206471336,1269035551,2012-11-01 05:41:40.056000+00:00,0,1351748500
4206471336,516796945,2012-11-01 05:41:40.056000+00:00,0,1351748500
4206471336,268233790,2012-11-01 05:41:40.056000+00:00,0,1351748500
4186528243,3554778591,2012-11-01 05:41:52.213000+00:00,0,1351748512
4186528243,952519340,2012-11-01 05:41:52.213000+00:00,1,1351748512
4186528243,1076364848,2012-11-01 05:41:52.213000+00:00,0,1351748512
4186528243,1269035551,2012-11-01 05:41:52.213000+00:00,0,1351748512
4186528243,2007279414,2012-11-01 05:41:52.213000+00:00,0,1351748512
4186528243,1816813281,2012-11-01 05:41:52.213000+00:00,0,1351748512
1898427878,1076364848,2012-11-01 05:51:45.939000+00:00,1,1351749105
1898427878,1816813281,2012-11-01 05:51:45.939000+00:00,0,1351749105
1898427878,1269035551,2012-11-01 05:51:45.939000+00:00,0,1351749105
1898427878,2149464820,2012-11-01 05:51:45.939000+00:00,0,1351749105
1898427878,3309338938,2012-11-01 05:51:45.939000+00:00,0,1351749105
1898427878,2007279414,2012-11-01 05:51:45.939000+00:00,0,1351749105
2164973127,1269035551,2012-11-01 05:54:10.428000+00:00,0,1351749250
2164973127,268233790,2012-11-01 05:54:10.428000+00:00,0,1351749250
2164973127,2007279414,2012-11-01 05:54:10.428000+00:00,0,1351749250
2164973127,3309338938,2012-11-01 05:54:10.428000+00:00,0,1351749250
2164973127,1076364848,2012-11-01 05:54:10.428000+00:00,1,1351749250
2164973127,2322818360,2012-11-01 05:54:10.428000+00:00,0,1351749250
3074133478,268233790,2012-11-01 05:55:07.387000+00:00,0,1351749307
3074133478,3849306291,2012-11-01 05:55:07.387000+00:00,1,1351749307
3074133478,1269035551,2012-11-01 05:55:07.387000+00:00,0,1351749307
3074133478,673098017,2012-11-01 05:55:07.387000+00:00,0,1351749307
3074133478,2007279414,2012-11-01 05:55:07.387000+00:00,0,1351749307
3074133478,516796945,2012-11-01 05:55:07.387000+00:00,0,1351749307
3074133478,1076364848,2012-11-01 05:55:12.155000+00:00,1,1351749312
3074133478,952519340,2012-11-01 05:55:16.491000+00:00,1,1351749316
2889282959,989190365,2012-11-01 05:56:09.696000+00:00,0,1351749369
2889282959,152418051,2012-11-01 05:56:09.696000+00:00,1,1351749369
2889282959,1845786756,2012-11-01 05:56:09.696000+00:00,0,1351749369
2889282959,44607617,2012-11-01 05:56:09.696000+00:00,0,1351749369
2889282959,1323913377,2012-11-01 05:56:09.696000+00:00,0,1351749369
2889282959,3281130769,2012-11-01 05:56:09.696000+00:00,0,1351749369
2889282959,2577118609,2012-11-01 05:56:28.983000+00:00,1,1351749388
3115928657,673098017,2012-11-01 05:59:59.414000+00:00,0,1351749599
3115928657,1902753965,2012-11-01 05:59:59.414000+00:00,0,1351749599
3115928657,2007279414,2012-11-01 05:59:59.414000+00:00,0,1351749599
3115928657,1844176380,2012-11-01 05:59:59.414000+00:00,1,1351749599
3115928657,2149464820,2012-11-01 05:59:59.414000+00:00,0,1351749599
3115928657,1269035551,2012-11-01 05:59:59.414000+00:00,0,1351749599
3935809106,3541811987,2012-11-01 06:04:41.248000+00:00,0,1351749881
3935809106,3276213471,2012-11-01 06:04:41.248000+00:00,1,1351749881
3935809106,4194316975,2012-11-01 06:04:41.248000+00:00,0,1351749881
3935809106,177193417,2012-11-01 06:04:41.248000+00:00,0,1351749881
3935809106,2633697384,2012-11-01 06:04:41.248000+00:00,0,1351749881
3935809106,1964407998,2012-11-01 06:04:41.248000+00:00,0,1351749881
3935809106,2374444123,2012-11-01 06:04:53.524000+00:00,1,1351749893
3935809106,955398943,2012-11-01 06:04:58.354000+00:00,1,1351749898
3935809106,1600413013,2012-11-01 06:04:58.366000+00:00,1,1351749898
2071842684,3849306291,2012-11-01 06:05:31.587000+00:00,0,1351749931
2071842684,1269035551,2012-11-01 06:05:31.587000+00:00,0,1351749931
2071842684,3309338938,2012-11-01 06:05:31.587000+00:00,0,1351749931
2071842684,268233790,2012-11-01 06:05:31.587000+00:00,0,1351749931
2071842684,1076364848,2012-11-01 06:05:31.587000+00:00,1,1351749931
2071842684,2007279414,2012-11-01 06:05:31.587000+00:00,0,1351749931
2071842684,952519340,2012-11-01 06:05:31.604000+00:00,1,1351749931
283716061,1816813281,2012-11-01 06:06:15.428000+00:00,0,1351749975
283716061,2007279414,2012-11-01 06:06:15.428000+00:00,0,1351749975
283716061,673098017,2012-11-01 06:06:15.428000+00:00,0,1351749975
283716061,1076364848,2012-11-01 06:06:15.428000+00:00,0,1351749975
283716061,1269035551,2012-11-01 06:06:15.428000+00:00,0,1351749975
283716061,3849306291,2012-11-01 06:06:15.428000+00:00,1,1351749975
3681459280,3309338938,2012-11-01 06:09:22.502000+00:00,0,1351750162
3681459280,4080944038,2012-11-01 06:09:22.502000+00:00,0,1351750162
3681459280,1076364848,2012-11-01 06:09:22.502000+00:00,1,1351750162
3681459280,2007279414,2012-11-01 06:09:22.502000+00:00,0,1351750162
3681459280,1269035551,2012-11-01 06:09:22.502000+00:00,0,1351750162
3681459280,2149464820,2012-11-01 06:09:22.502000+00:00,0,1351750162
3681459280,1816813281,2012-11-01 06:09:45.167000+00:00,1,1351750185
2332715028,1902753965,2012-11-01 06:11:49.705000+00:00,0,1351750309
2332715028,2149464820,2012-11-01 06:11:49.705000+00:00,0,1351750309
2332715028,2007279414,2012-11-01 06:11:49.705000+00:00,0,1351750309
2332715028,1203717384,2012-11-01 06:11:49.705000+00:00,1,1351750309
2332715028,3309338938,2012-11-01 06:11:49.705000+00:00,0,1351750309
2332715028,1269035551,2012-11-01 06:11:49.705000+00:00,0,1351750309
1856999246,673098017,2012-11-01 06:13:48.897000+00:00,0,1351750428
1856999246,2149464820,2012-11-01 06:13:48.897000+00:00,0,1351750428
1856999246,1269035551,2012-11-01 06:13:48.897000+00:00,0,1351750428
1856999246,2007279414,2012-11-01 06:13:48.897000+00:00,0,1351750428
1856999246,1076364848,2012-11-01 06:13:48.897000+00:00,1,1351750428
1856999246,3849306291,2012-11-01 06:13:48.897000+00:00,0,1351750428
1856999246,268233790,2012-11-01 06:14:10.176000+00:00,1,1351750450
3511417249,1269035551,2012-11-01 06:14:36.756000+00:00,0,1351750476
3511417249,268233790,2012-11-01 06:14:36.756000+00:00,0,1351750476
3511417249,2007279414,2012-11-01 06:14:36.756000+00:00,0,1351750476
3511417249,1076364848,2012-11-01 06:14:36.756000+00:00,1,1351750476
3511417249,3849306291,2012-11-01 06:14:37.321000+00:00,1,1351750477
3511417249,2418142030,2012-11-01 06:14:39.448000+00:00,1,1351750479
3511417249,2120604435,2012-11-01 06:14:46.185000+00:00,1,1351750486
3511417249,364572656,2012-11-01 06:14:47.249000+00:00,1,1351750487
4185115186,2149464820,2012-11-01 06:25:18.670000+00:00,0,1351751118
4185115186,2007279414,2012-11-01 06:25:18.670000+00:00,0,1351751118
4185115186,673098017,2012-11-01 06:25:18.670000+00:00,0,1351751118
4185115186,1269035551,2012-11-01 06:25:18.670000+00:00,0,1351751118
4185115186,1076364848,2012-11-01 06:25:18.670000+00:00,0,1351751118
4185115186,952519340,2012-11-01 06:25:18.670000+00:00,1,1351751118
1912059312,3601196821,2012-11-01 06:38:05.190000+00:00,0,1351751885
1912059312,2798180581,2012-11-01 06:38:05.190000+00:00,0,1351751885
1912059312,809450311,2012-11-01 06:38:05.190000+00:00,1,1351751885
1912059312,1870423168,2012-11-01 06:38:05.190000+00:00,0,1351751885
1912059312,486845209,2012-11-01 06:38:05.190000+00:00,0,1351751885
1912059312,894829625,2012-11-01 06:38:05.190000+00:00,0,1351751885
1912059312,3256009463,2012-11-01 06:38:12.247000+00:00,1,1351751892
3488552280,1241270051,2012-11-01 06:38:31.736000+00:00,1,1351751911
3488552280,1481528490,2012-11-01 06:38:31.736000+00:00,0,1351751911
3488552280,2298040175,2012-11-01 06:38:31.736000+00:00,0,1351751911
3488552280,310937533,2012-11-01 06:38:31.736000+00:00,0,1351751911
3488552280,63726188,2012-11-01 06:38:31.736000+00:00,0,1351751911
3488552280,3480624055,2012-11-01 06:38:31.736000+00:00,0,1351751911
3488552280,3256009463,2012-11-01 06:38:33.267000+00:00,1,1351751913
1662308136,2530883438,2012-11-01 06:39:10.027000+00:00,0,1351751950
1662308136,4259189014,2012-11-01 06:39:10.027000+00:00,0,1351751950
1662308136,4194316975,2012-11-01 06:39:10.027000+00:00,0,1351751950
1662308136,615488222,2012-11-01 06:39:10.027000+00:00,0,1351751950
1662308136,1926323783,2012-11-01 06:39:10.027000+00:00,1,1351751950
1662308136,1963354961,2012-11-01 06:39:10.027000+00:00,0,1351751950
1662308136,3276213471,2012-11-01 06:39:15.153000+00:00,1,1351751955
3565456636,3712322311,2012-11-01 06:40:24.070000+00:00,0,1351752024
3565456636,3807386691,2012-11-01 06:40:24.070000+00:00,0,1351752024
3565456636,2877011901,2012-11-01 06:40:24.070000+00:00,0,1351752024
3565456636,2979828712,2012-11-01 06:40:24.070000+00:00,0,1351752024
3565456636,2286155514,2012-11-01 06:40:24.070000+00:00,1,1351752024
3565456636,4058034322,2012-11-01 06:40:24.070000+00:00,0,1351752024
3838242688,1816813281,2012-11-01 06:42:37.046000+00:00,1,1351752157
3838242688,2149464820,2012-11-01 06:42:37.046000+00:00,0,1351752157
3838242688,1269035551,2012-11-01 06:42:37.046000+00:00,0,1351752157
3838242688,2007279414,2012-11-01 06:42:37.046000+00:00,0,1351752157
3838242688,3103100779,2012-11-01 06:42:44.659000+00:00,1,1351752164
3838242688,782683695,2012-11-01 06:42:47.189000+00:00,1,1351752167
2350981164,4184505089,2012-11-01 06:43:06.446000+00:00,0,1351752186
2350981164,4002798045,2012-11-01 06:43:06.446000+00:00,0,1351752186
2350981164,3680209340,2012-11-01 06:43:06.446000+00:00,0,1351752186
2350981164,244220291,2012-11-01 06:43:06.446000+00:00,0,1351752186
2350981164,3229573153,2012-11-01 06:43:06.446000+00:00,1,1351752186
2350981164,3193870917,2012-11-01 06:43:06.446000+00:00,0,1351752186
3838242688,2418142030,2012-11-01 06:43:07.524000+00:00,1,1351752187
3838242688,952519340,2012-11-01 06:43:12.337000+00:00,1,1351752192
3838242688,1203717384,2012-11-01 06:43:16.408000+00:00,1,1351752196
3838242688,3849306291,2012-11-01 06:43:20.391000+00:00,1,1351752200
1539256277,3247283924,2012-11-01 06:44:27.648000+00:00,0,1351752267
1539256277,2237079226,2012-11-01 06:44:27.648000+00:00,0,1351752267
1539256277,1926323783,2012-11-01 06:44:27.648000+00:00,0,1351752267
1539256277,4259189014,2012-11-01 06:44:27.648000+00:00,1,1351752267
1539256277,3276213471,2012-11-01 06:44:27.648000+00:00,0,1351752267
1539256277,955398943,2012-11-01 06:44:27.648000+00:00,0,1351752267
3282509573,268233790,2012-11-01 06:49:06.943000+00:00,0,1351752546
3282509573,2642707561,2012-11-01 06:49:06.943000+00:00,0,1351752546
3282509573,1076364848,2012-11-01 06:49:06.943000+00:00,0,1351752546
3282509573,2007279414,2012-11-01 06:49:06.943000+00:00,0,1351752546
3282509573,952519340,2012-11-01 06:49:06.943000+00:00,1,1351752546
3282509573,1269035551,2012-11-01 06:49:06.943000+00:00,0,1351752546
1016040879,1203717384,2012-11-01 06:51:00.071000+00:00,1,1351752660
1016040879,2149464820,2012-11-01 06:51:00.071000+00:00,0,1351752660
1016040879,1902753965,2012-11-01 06:51:00.071000+00:00,0,1351752660
1016040879,3309338938,2012-11-01 06:51:00.071000+00:00,0,1351752660
1016040879,2007279414,2012-11-01 06:51:00.071000+00:00,0,1351752660
1016040879,1269035551,2012-11-01 06:51:00.071000+00:00,0,1351752660
1016040879,3103100779,2012-11-01 06:51:09.684000+00:00,1,1351752669
1328697582,2472934939,2012-11-01 07:00:34.404000+00:00,0,1351753234
1328697582,4196598813,2012-11-01 07:00:34.404000+00:00,0,1351753234
1328697582,553125617,2012-11-01 07:00:34.404000+00:00,1,1351753234
1328697582,2428305873,2012-11-01 07:00:34.404000+00:00,0,1351753234
1328697582,3072473192,2012-11-01 07:00:34.404000+00:00,0,1351753234
1328697582,1280177873,2012-11-01 07:00:34.404000+00:00,0,1351753234
1299595690,1600413013,2012-11-01 07:01:23.132000+00:00,1,1351753283
1299595690,2145977549,2012-11-01 07:01:23.132000+00:00,0,1351753283
1299595690,955398943,2012-11-01 07:01:23.204000+00:00,1,1351753283
1299595690,3276213471,2012-11-01 07:01:23.132000+00:00,0,1351753283
1299595690,1926323783,2012-11-01 07:01:23.132000+00:00,0,1351753283
1299595690,3183605169,2012-11-01 07:01:23.132000+00:00,0,1351753283
1299595690,4218736701,2012-11-01 07:01:23.132000+00:00,0,1351753283
3123712598,1076364848,2012-11-01 07:10:39.864000+00:00,1,1351753839
3123712598,516796945,2012-11-01 07:10:39.864000+00:00,0,1351753839
3123712598,2007279414,2012-11-01 07:10:39.864000+00:00,0,1351753839
3123712598,2149464820,2012-11-01 07:10:39.864000+00:00,0,1351753839
3123712598,3309338938,2012-11-01 07:10:39.864000+00:00,0,1351753839
3123712598,1269035551,2012-11-01 07:10:39.864000+00:00,0,1351753839
1148170980,2007279414,2012-11-01 07:12:03.785000+00:00,0,1351753923
1148170980,952519340,2012-11-01 07:12:03.785000+00:00,1,1351753923
1148170980,3309338938,2012-11-01 07:12:03.785000+00:00,0,1351753923
1148170980,2149464820,2012-11-01 07:12:03.785000+00:00,0,1351753923
1148170980,1269035551,2012-11-01 07:12:03.785000+00:00,0,1351753923
1148170980,2098941988,2012-11-01 07:12:03.785000+00:00,0,1351753923
1984545931,4166457625,2012-11-01 07:12:25.210000+00:00,0,1351753945
1984545931,2059769837,2012-11-01 07:12:25.210000+00:00,1,1351753945
1984545931,1111438174,2012-11-01 07:12:25.210000+00:00,0,1351753945
1984545931,615488222,2012-11-01 07:12:25.210000+00:00,0,1351753945
1984545931,2610561518,2012-11-01 07:12:25.210000+00:00,0,1351753945
1984545931,532053807,2012-11-01 07:12:25.210000+00:00,0,1351753945
3123712598,1203717384,2012-11-01 07:13:05.129000+00:00,1,1351753985
700438783,673098017,2012-11-01 07:13:15.845000+00:00,0,1351753995
700438783,1269035551,2012-11-01 07:13:15.845000+00:00,0,1351753995
700438783,3849306291,2012-11-01 07:13:15.845000+00:00,0,1351753995
700438783,2007279414,2012-11-01 07:13:15.845000+00:00,0,1351753995
700438783,268233790,2012-11-01 07:13:15.845000+00:00,1,1351753995
700438783,3776957253,2012-11-01 07:13:46.538000+00:00,1,1351754026
700438783,1076364848,2012-11-01 07:14:52.259000+00:00,1,1351754092
508837021,1045343006,2012-11-01 07:18:39.687000+00:00,1,1351754319
508837021,3643257179,2012-11-01 07:18:39.687000+00:00,0,1351754319
508837021,1427461336,2012-11-01 07:18:39.687000+00:00,0,1351754319
508837021,1721071411,2012-11-01 07:18:39.687000+00:00,0,1351754319
508837021,1550429882,2012-11-01 07:18:39.687000+00:00,0,1351754319
508837021,895171477,2012-11-01 07:18:39.687000+00:00,0,1351754319
1123244794,1269035551,2012-11-01 07:25:54.751000+00:00,0,1351754754
1123244794,1816813281,2012-11-01 07:25:54.751000+00:00,1,1351754754
1123244794,1902753965,2012-11-01 07:25:54.751000+00:00,0,1351754754
1123244794,3309338938,2012-11-01 07:25:54.751000+00:00,0,1351754754
1123244794,2007279414,2012-11-01 07:25:54.751000+00:00,0,1351754754
1123244794,1076364848,2012-11-01 07:25:54.751000+00:00,0,1351754754
1123244794,1844176380,2012-11-01 07:26:16.111000+00:00,1,1351754776
2460812912,1076364848,2012-11-01 07:27:55.692000+00:00,1,1351754875
2460812912,4080944038,2012-11-01 07:27:55.692000+00:00,0,1351754875
2460812912,1269035551,2012-11-01 07:27:55.692000+00:00,0,1351754875
2460812912,2007279414,2012-11-01 07:27:55.692000+00:00,0,1351754875
2460812912,3309338938,2012-11-01 07:27:55.692000+00:00,0,1351754875
2460812912,2149464820,2012-11-01 07:27:55.692000+00:00,0,1351754875
1697527574,2149464820,2012-11-01 07:30:26.171000+00:00,0,1351755026
1697527574,2007279414,2012-11-01 07:30:26.171000+00:00,0,1351755026
1697527574,3309338938,2012-11-01 07:30:26.171000+00:00,0,1351755026
1697527574,1269035551,2012-11-01 07:30:26.171000+00:00,0,1351755026
1697527574,1076364848,2012-11-01 07:30:26.171000+00:00,1,1351755026
1697527574,1902753965,2012-11-01 07:30:26.171000+00:00,0,1351755026
1953913885,2007279414,2012-11-01 07:39:32.191000+00:00,0,1351755572
1953913885,1951648188,2012-11-01 07:39:32.191000+00:00,1,1351755572
1953913885,2759090369,2012-11-01 07:39:32.191000+00:00,0,1351755572
1953913885,1269035551,2012-11-01 07:39:32.191000+00:00,0,1351755572
1953913885,2124851829,2012-11-01 07:39:32.191000+00:00,0,1351755572
1953913885,1902753965,2012-11-01 07:39:32.191000+00:00,0,1351755572
1486465606,1076364848,2012-11-01 07:44:02.223000+00:00,1,1351755842
1486465606,1269035551,2012-11-01 07:44:02.223000+00:00,0,1351755842
1486465606,673098017,2012-11-01 07:44:02.223000+00:00,0,1351755842
1486465606,516796945,2012-11-01 07:44:02.223000+00:00,0,1351755842
1486465606,2007279414,2012-11-01 07:44:02.223000+00:00,0,1351755842
1486465606,268233790,2012-11-01 07:44:02.223000+00:00,0,1351755842
531662584,1627365362,2012-11-01 07:47:13.142000+00:00,0,1351756033
531662584,3002938758,2012-11-01 07:47:13.142000+00:00,0,1351756033
531662584,2198800626,2012-11-01 07:47:13.142000+00:00,0,1351756033
531662584,4277799248,2012-11-01 07:47:13.142000+00:00,0,1351756033
531662584,3403115736,2012-11-01 07:47:13.142000+00:00,1,1351756033
531662584,3172060382,2012-11-01 07:47:13.142000+00:00,0,1351756033
700438783,2149464820,2012-11-01 07:47:37.732000+00:00,1,1351756057
700438783,1203717384,2012-11-01 07:47:44.297000+00:00,1,1351756064
700438783,952519340,2012-11-01 07:47:48.345000+00:00,1,1351756068
1044598291,1269035551,2012-11-01 07:48:07.728000+00:00,0,1351756087
1044598291,3849306291,2012-11-01 07:48:07.728000+00:00,0,1351756087
1044598291,2007279414,2012-11-01 07:48:07.728000+00:00,0,1351756087
1044598291,952519340,2012-11-01 07:48:07.728000+00:00,1,1351756087
1044598291,1151525474,2012-11-01 07:48:07.728000+00:00,0,1351756087
1044598291,1816813281,2012-11-01 07:48:08.239000+00:00,1,1351756088
1044598291,1076364848,2012-11-01 07:48:09.325000+00:00,1,1351756089
700438783,3103100779,2012-11-01 07:48:13.952000+00:00,1,1351756093
1044598291,2149464820,2012-11-01 07:48:14.474000+00:00,1,1351756094
1044598291,1203717384,2012-11-01 07:48:15.493000+00:00,1,1351756095
1044598291,3103100779,2012-11-01 07:49:41.784000+00:00,1,1351756181
689961313,3488779034,2012-11-01 07:49:47.335000+00:00,0,1351756187
689961313,4063842421,2012-11-01 07:49:47.335000+00:00,1,1351756187
689961313,3466523662,2012-11-01 07:49:47.335000+00:00,0,1351756187
689961313,3276213471,2012-11-01 07:49:47.335000+00:00,0,1351756187
689961313,2698678033,2012-11-01 07:49:47.335000+00:00,0,1351756187
689961313,4136385770,2012-11-01 07:49:47.335000+00:00,0,1351756187
1716727029,2007279414,2012-11-01 07:56:34.840000+00:00,0,1351756594
1716727029,1269035551,2012-11-01 07:56:34.840000+00:00,0,1351756594
1716727029,1076364848,2012-11-01 07:56:34.840000+00:00,1,1351756594
1716727029,3849306291,2012-11-01 07:56:34.840000+00:00,0,1351756594
1716727029,2996923495,2012-11-01 07:56:34.840000+00:00,0,1351756594
1716727029,1902753965,2012-11-01 07:56:34.840000+00:00,0,1351756594
3021411633,310937533,2012-11-01 08:01:35.295000+00:00,0,1351756895
3021411633,3480624055,2012-11-01 08:01:35.295000+00:00,0,1351756895
3021411633,2298040175,2012-11-01 08:01:35.295000+00:00,0,1351756895
3021411633,1964407998,2012-11-01 08:01:35.295000+00:00,0,1351756895
3021411633,1241270051,2012-11-01 08:01:35.295000+00:00,1,1351756895
3021411633,1948536519,2012-11-01 08:01:35.295000+00:00,0,1351756895
875823959,3035280807,2012-11-01 08:03:15.008000+00:00,1,1351756995
875823959,1892245781,2012-11-01 08:03:15.008000+00:00,0,1351756995
875823959,1948220396,2012-11-01 08:03:15.008000+00:00,0,1351756995
875823959,2063976566,2012-11-01 08:03:15.008000+00:00,0,1351756995
875823959,126225732,2012-11-01 08:03:15.008000+00:00,0,1351756995
875823959,1751377277,2012-11-01 08:03:15.516000+00:00,1,1351756995
875823959,2224153099,2012-11-01 08:03:17.095000+00:00,1,1351756997
875823959,3767960965,2012-11-01 08:03:18.649000+00:00,1,1351756998
2761832946,4243722958,2012-11-01 08:04:37.286000+00:00,0,1351757077
2761832946,2725164213,2012-11-01 08:04:37.286000+00:00,0,1351757077
2761832946,3725816644,2012-11-01 08:04:37.286000+00:00,1,1351757077
2761832946,3554433899,2012-11-01 08:04:37.286000+00:00,0,1351757077
2761832946,3179047450,2012-11-01 08:04:37.286000+00:00,0,1351757077
2940390801,937969852,2012-11-01 08:04:55.497000+00:00,1,1351757095
2940390801,1319055966,2012-11-01 08:04:55.497000+00:00,0,1351757095
2940390801,3428913660,2012-11-01 08:04:55.497000+00:00,0,1351757095
2940390801,810563397,2012-11-01 08:04:55.497000+00:00,0,1351757095
2940390801,2038842201,2012-11-01 08:04:55.497000+00:00,0,1351757095
2940390801,3638176256,2012-11-01 08:04:55.497000+00:00,0,1351757095
2940390801,4364520,2012-11-01 08:05:05.183000+00:00,1,1351757105
2940390801,241344738,2012-11-01 08:05:18.672000+00:00,1,1351757118
2940390801,3003433560,2012-11-01 08:05:20.851000+00:00,1,1351757120
3500240032,268233790,2012-11-01 08:05:21.719000+00:00,0,1351757121
3500240032,3849306291,2012-11-01 08:05:21.719000+00:00,0,1351757121
3500240032,1269035551,2012-11-01 08:05:21.719000+00:00,0,1351757121
3500240032,2007279414,2012-11-01 08:05:21.719000+00:00,0,1351757121
3500240032,952519340,2012-11-01 08:05:21.719000+00:00,1,1351757121
3500240032,673098017,2012-11-01 08:05:21.719000+00:00,0,1351757121
2940390801,1802524531,2012-11-01 08:05:45.420000+00:00,1,1351757145
916547437,1269035551,2012-11-01 08:05:45.406000+00:00,0,1351757145
916547437,2007279414,2012-11-01 08:05:45.406000+00:00,0,1351757145
916547437,2549322104,2012-11-01 08:05:45.406000+00:00,1,1351757145
916547437,1902753965,2012-11-01 08:05:45.406000+00:00,0,1351757145
916547437,673098017,2012-11-01 08:05:45.406000+00:00,0,1351757145
916547437,516796945,2012-11-01 08:05:45.406000+00:00,0,1351757145
2940390801,1670889080,2012-11-01 08:05:46.461000+00:00,1,1351757146
2940390801,1550049026,2012-11-01 08:05:49.513000+00:00,1,1351757149
1437617088,2149464820,2012-11-01 08:06:52.050000+00:00,1,1351757212
1437617088,1269035551,2012-11-01 08:06:52.050000+00:00,0,1351757212
1437617088,516796945,2012-11-01 08:06:52.050000+00:00,0,1351757212
1437617088,2007279414,2012-11-01 08:06:52.050000+00:00,0,1351757212
1437617088,4080944038,2012-11-01 08:06:52.050000+00:00,0,1351757212
1437617088,1902753965,2012-11-01 08:06:52.050000+00:00,0,1351757212
3500240032,1844176380,2012-11-01 08:08:16.415000+00:00,1,1351757296
3500240032,1816813281,2012-11-01 08:09:33.749000+00:00,1,1351757373
193158441,268233790,2012-11-01 08:10:09.004000+00:00,0,1351757409
193158441,3849306291,2012-11-01 08:10:09.004000+00:00,1,1351757409
193158441,2007279414,2012-11-01 08:10:09.004000+00:00,0,1351757409
193158441,1269035551,2012-11-01 08:10:09.004000+00:00,0,1351757409
193158441,127757681,2012-11-01 08:10:09.004000+00:00,0,1351757409
193158441,1076364848,2012-11-01 08:10:09.004000+00:00,0,1351757409
193158441,2418142030,2012-11-01 08:10:49.706000+00:00,1,1351757449
1437617088,1076364848,2012-11-01 08:11:56.923000+00:00,1,1351757516
580008340,952519340,2012-11-01 08:13:17.391000+00:00,1,1351757597
580008340,3776957253,2012-11-01 08:13:17.391000+00:00,0,1351757597
580008340,268233790,2012-11-01 08:13:17.391000+00:00,0,1351757597
580008340,1269035551,2012-11-01 08:13:17.391000+00:00,0,1351757597
580008340,2007279414,2012-11-01 08:13:17.391000+00:00,0,1351757597
441391794,2007279414,2012-11-01 08:21:23.744000+00:00,0,1351758083
441391794,1269035551,2012-11-01 08:21:23.744000+00:00,0,1351758083
441391794,1076364848,2012-11-01 08:21:23.744000+00:00,1,1351758083
441391794,3309338938,2012-11-01 08:21:23.744000+00:00,0,1351758083
441391794,2149464820,2012-11-01 08:21:23.744000+00:00,0,1351758083
441391794,4080944038,2012-11-01 08:21:23.744000+00:00,0,1351758083
240018991,3849306291,2012-11-01 08:21:26.294000+00:00,0,1351758086
240018991,952519340,2012-11-01 08:21:26.294000+00:00,0,1351758086
240018991,2073609284,2012-11-01 08:21:26.294000+00:00,1,1351758086
240018991,1076364848,2012-11-01 08:21:26.294000+00:00,0,1351758086
240018991,2007279414,2012-11-01 08:21:26.294000+00:00,0,1351758086
240018991,1269035551,2012-11-01 08:21:26.294000+00:00,0,1351758086
1668862262,447444721,2012-11-01 08:22:23.361000+00:00,0,1351758143
1668862262,1699561506,2012-11-01 08:22:23.361000+00:00,0,1351758143
1668862262,2174082261,2012-11-01 08:22:23.361000+00:00,0,1351758143
1668862262,627338344,2012-11-01 08:22:23.361000+00:00,0,1351758143
1668862262,2288419571,2012-11-01 08:22:23.361000+00:00,0,1351758143
1668862262,1708484785,2012-11-01 08:22:23.361000+00:00,1,1351758143
244644122,2352676247,2012-11-01 08:23:07.912000+00:00,0,1351758187
244644122,3984042837,2012-11-01 08:23:07.912000+00:00,0,1351758187
244644122,823015621,2012-11-01 08:23:07.912000+00:00,0,1351758187
244644122,1845786756,2012-11-01 08:23:07.912000+00:00,0,1351758187
244644122,1859823732,2012-11-01 08:23:07.912000+00:00,0,1351758187
244644122,152418051,2012-11-01 08:23:07.912000+00:00,1,1351758187
244644122,3509100603,2012-11-01 08:23:08.939000+00:00,1,1351758188
2129920319,1269035551,2012-11-01 08:24:03.139000+00:00,0,1351758243
2129920319,952519340,2012-11-01 08:24:03.139000+00:00,1,1351758243
2129920319,1902753965,2012-11-01 08:24:03.139000+00:00,0,1351758243
2129920319,268233790,2012-11-01 08:24:03.139000+00:00,0,1351758243
2129920319,516796945,2012-11-01 08:24:03.139000+00:00,0,1351758243
2129920319,2007279414,2012-11-01 08:24:03.139000+00:00,0,1351758243
2116294822,1448086840,2012-11-01 08:26:20.923000+00:00,0,1351758380
2116294822,1548928340,2012-11-01 08:26:20.923000+00:00,0,1351758380
2116294822,2698678033,2012-11-01 08:26:20.923000+00:00,1,1351758380
2116294822,894829625,2012-11-01 08:26:20.923000+00:00,0,1351758380
2116294822,4229337308,2012-11-01 08:26:20.923000+00:00,0,1351758380
2116294822,1170338316,2012-11-01 08:26:20.923000+00:00,0,1351758380
2116294822,2286155514,2012-11-01 08:30:24.238000+00:00,1,1351758624
3944910705,1203331926,2012-11-01 08:35:10.925000+00:00,0,1351758910
3944910705,2354857659,2012-11-01 08:35:10.925000+00:00,0,1351758910
3944910705,2198800626,2012-11-01 08:35:10.925000+00:00,0,1351758910
3944910705,1829799030,2012-11-01 08:35:10.925000+00:00,0,1351758910
3944910705,4181300264,2012-11-01 08:35:10.925000+00:00,0,1351758910
3944910705,3403115736,2012-11-01 08:35:10.925000+00:00,1,1351758910
3944910705,2185912235,2012-11-01 08:35:15.562000+00:00,1,1351758915
3198823658,1269035551,2012-11-01 08:38:48.930000+00:00,0,1351759128
3198823658,1902753965,2012-11-01 08:38:48.930000+00:00,0,1351759128
3198823658,1076364848,2012-11-01 08:38:48.930000+00:00,1,1351759128
3198823658,516796945,2012-11-01 08:38:48.930000+00:00,0,1351759128
3198823658,3849306291,2012-11-01 08:38:48.930000+00:00,0,1351759128
3198823658,2007279414,2012-11-01 08:38:48.930000+00:00,0,1351759128
2381156995,3256009463,2012-11-01 08:42:56.441000+00:00,1,1351759376
2381156995,312887797,2012-11-01 08:42:56.441000+00:00,0,1351759376
2381156995,1636467034,2012-11-01 08:42:56.441000+00:00,0,1351759376
2381156995,2822187055,2012-11-01 08:42:56.441000+00:00,0,1351759376
2381156995,2868216453,2012-11-01 08:42:56.441000+00:00,0,1351759376
2381156995,1213729912,2012-11-01 08:42:56.441000+00:00,0,1351759376
2458429643,581559015,2012-11-01 08:44:26.623000+00:00,0,1351759466
2458429643,1323913377,2012-11-01 08:44:26.623000+00:00,0,1351759466
2458429643,3281130769,2012-11-01 08:44:26.623000+00:00,0,1351759466
2458429643,4232519602,2012-11-01 08:44:26.623000+00:00,0,1351759466
2458429643,1528500344,2012-11-01 08:44:26.623000+00:00,1,1351759466
2458429643,44607617,2012-11-01 08:44:26.623000+00:00,0,1351759466
1123831146,1922937308,2012-11-01 08:52:38.760000+00:00,0,1351759958
1123831146,3984042837,2012-11-01 08:52:38.760000+00:00,0,1351759958
1123831146,2790605371,2012-11-01 08:52:38.760000+00:00,1,1351759958
1123831146,1845786756,2012-11-01 08:52:38.760000+00:00,0,1351759958
1123831146,1859823732,2012-11-01 08:52:38.760000+00:00,0,1351759958
1123831146,152418051,2012-11-01 08:52:47.881000+00:00,1,1351759967
3818876690,3061997378,2012-11-01 08:55:59.429000+00:00,0,1351760159
3818876690,2328060612,2012-11-01 08:55:59.429000+00:00,0,1351760159
3818876690,4002798045,2012-11-01 08:55:59.429000+00:00,0,1351760159
3818876690,1392829984,2012-11-01 08:55:59.429000+00:00,1,1351760159
3818876690,2877314442,2012-11-01 08:55:59.429000+00:00,0,1351760159
3818876690,1271330281,2012-11-01 08:55:59.429000+00:00,0,1351760159
1799323346,1023550880,2012-11-01 08:57:13.779000+00:00,1,1351760233
1799323346,2109071637,2012-11-01 08:57:13.779000+00:00,0,1351760233
1799323346,192538861,2012-11-01 08:57:13.779000+00:00,0,1351760233
1799323346,2383453267,2012-11-01 08:57:13.779000+00:00,0,1351760233
1799323346,3252356280,2012-11-01 08:57:13.779000+00:00,0,1351760233
1799323346,2896575744,2012-11-01 08:57:13.779000+00:00,0,1351760233
1037260580,268233790,2012-11-01 08:58:13.122000+00:00,0,1351760293
1037260580,1076364848,2012-11-01 08:58:13.122000+00:00,0,1351760293
1037260580,2007279414,2012-11-01 08:58:13.122000+00:00,0,1351760293
1037260580,3849306291,2012-11-01 08:58:13.122000+00:00,1,1351760293
1037260580,673098017,2012-11-01 08:58:13.122000+00:00,0,1351760293
1037260580,1269035551,2012-11-01 08:58:13.122000+00:00,0,1351760293
1598750229,952519340,2012-11-01 09:05:27.031000+00:00,0,1351760727
1598750229,1269035551,2012-11-01 09:05:27.031000+00:00,0,1351760727
1598750229,2007279414,2012-11-01 09:05:27.031000+00:00,0,1351760727
1598750229,268233790,2012-11-01 09:05:27.031000+00:00,0,1351760727
1598750229,1816813281,2012-11-01 09:05:27.031000+00:00,0,1351760727
1598750229,1076364848,2012-11-01 09:05:27.031000+00:00,1,1351760727
439366650,268233790,2012-11-01 09:07:16.784000+00:00,0,1351760836
439366650,2007279414,2012-11-01 09:07:16.784000+00:00,0,1351760836
439366650,1076364848,2012-11-01 09:07:16.784000+00:00,0,1351760836
439366650,1269035551,2012-11-01 09:07:16.784000+00:00,0,1351760836
439366650,3849306291,2012-11-01 09:07:16.784000+00:00,0,1351760836
439366650,952519340,2012-11-01 09:07:16.784000+00:00,1,1351760836
2458068456,581559015,2012-11-01 09:08:23.159000+00:00,0,1351760903
2458068456,4232519602,2012-11-01 09:08:23.159000+00:00,1,1351760903
2458068456,3144013743,2012-11-01 09:08:23.159000+00:00,0,1351760903
2458068456,44607617,2012-11-01 09:08:23.159000+00:00,0,1351760903
2458068456,3281130769,2012-11-01 09:08:23.159000+00:00,0,1351760903
2458068456,1323913377,2012-11-01 09:08:23.159000+00:00,0,1351760903
2458068456,1528500344,2012-11-01 09:08:24.225000+00:00,1,1351760904
2458068456,152418051,2012-11-01 09:08:25.704000+00:00,1,1351760905
2624862533,2007279414,2012-11-01 09:12:00.405000+00:00,0,1351761120
2624862533,1076364848,2012-11-01 09:12:00.405000+00:00,1,1351761120
2624862533,1269035551,2012-11-01 09:12:00.405000+00:00,0,1351761120
2624862533,1203717384,2012-11-01 09:12:00.405000+00:00,0,1351761120
2624862533,1816813281,2012-11-01 09:12:00.405000+00:00,0,1351761120
4181543522,2007279414,2012-11-01 09:12:13.864000+00:00,0,1351761133
4181543522,3231756036,2012-11-01 09:12:13.864000+00:00,0,1351761133
4181543522,1269035551,2012-11-01 09:12:13.864000+00:00,0,1351761133
4181543522,1076364848,2012-11-01 09:12:13.864000+00:00,1,1351761133
4181543522,2345395514,2012-11-01 09:12:13.864000+00:00,0,1351761133
2624862533,516796945,2012-11-01 09:12:14.381000+00:00,1,1351761134
2624862533,1465756896,2012-11-01 09:12:23.117000+00:00,1,1351761143
3193697919,2989906553,2012-11-01 09:12:31.687000+00:00,0,1351761151
3193697919,581168153,2012-11-01 09:12:31.687000+00:00,0,1351761151
3193697919,1404500601,2012-11-01 09:12:31.687000+00:00,0,1351761151
3193697919,1068793163,2012-11-01 09:12:31.687000+00:00,0,1351761151
3193697919,1818524861,2012-11-01 09:12:31.687000+00:00,0,1351761151
3193697919,1209261531,2012-11-01 09:12:31.687000+00:00,1,1351761151
2624862533,2149464820,2012-11-01 09:12:37.322000+00:00,1,1351761157
2674968860,2149464820,2012-11-01 09:15:49.442000+00:00,0,1351761349
2674968860,1816813281,2012-11-01 09:15:49.442000+00:00,1,1351761349
2674968860,1964407998,2012-11-01 09:15:49.442000+00:00,0,1351761349
2674968860,1269035551,2012-11-01 09:15:49.442000+00:00,0,1351761349
2674968860,1902753965,2012-11-01 09:15:49.442000+00:00,0,1351761349
2674968860,2007279414,2012-11-01 09:15:49.442000+00:00,0,1351761349
331982192,1902753965,2012-11-01 09:23:57.066000+00:00,0,1351761837
331982192,2007279414,2012-11-01 09:23:57.066000+00:00,0,1351761837
331982192,3309338938,2012-11-01 09:23:57.066000+00:00,0,1351761837
331982192,1269035551,2012-11-01 09:23:57.066000+00:00,0,1351761837
331982192,3776957253,2012-11-01 09:23:57.066000+00:00,1,1351761837
331982192,268233790,2012-11-01 09:23:57.066000+00:00,0,1351761837
1799323346,147026651,2012-11-01 09:24:41.202000+00:00,1,1351761881
2467409062,3984042837,2012-11-01 09:28:17.319000+00:00,0,1351762097
2467409062,152418051,2012-11-01 09:28:17.319000+00:00,1,1351762097
2467409062,3185692431,2012-11-01 09:28:17.319000+00:00,0,1351762097
2467409062,2790605371,2012-11-01 09:28:17.319000+00:00,0,1351762097
2721011967,268233790,2012-11-01 09:31:37.853000+00:00,0,1351762297
2721011967,4080944038,2012-11-01 09:31:37.853000+00:00,0,1351762297
2721011967,2007279414,2012-11-01 09:31:37.853000+00:00,0,1351762297
2721011967,1269035551,2012-11-01 09:31:37.853000+00:00,0,1351762297
2721011967,1816813281,2012-11-01 09:31:37.853000+00:00,1,1351762297
2721011967,516796945,2012-11-01 09:31:37.853000+00:00,0,1351762297
2721011967,1076364848,2012-11-01 09:31:41.886000+00:00,1,1351762301
2721011967,3849306291,2012-11-01 09:31:41.915000+00:00,1,1351762301
2721011967,2418142030,2012-11-01 09:32:49.754000+00:00,1,1351762369
1160667975,2007279414,2012-11-01 09:33:30.163000+00:00,0,1351762410
1160667975,952519340,2012-11-01 09:33:30.163000+00:00,1,1351762410
1160667975,1902753965,2012-11-01 09:33:30.163000+00:00,0,1351762410
1160667975,268233790,2012-11-01 09:33:30.163000+00:00,0,1351762410
1160667975,516796945,2012-11-01 09:33:30.163000+00:00,0,1351762410
1160667975,1269035551,2012-11-01 09:33:30.163000+00:00,0,1351762410
3791414763,2418142030,2012-11-01 09:37:19.806000+00:00,1,1351762639
3791414763,2007279414,2012-11-01 09:37:19.806000+00:00,0,1351762639
3791414763,1902753965,2012-11-01 09:37:19.806000+00:00,0,1351762639
3791414763,1269035551,2012-11-01 09:37:19.806000+00:00,0,1351762639
3791414763,3849306291,2012-11-01 09:37:19.806000+00:00,0,1351762639
3791414763,1816813281,2012-11-01 09:37:19.806000+00:00,0,1351762639
3311830643,516796945,2012-11-01 09:40:00.285000+00:00,0,1351762800
3311830643,3849306291,2012-11-01 09:40:00.285000+00:00,0,1351762800
3311830643,1269035551,2012-11-01 09:40:00.285000+00:00,0,1351762800
3311830643,268233790,2012-11-01 09:40:00.285000+00:00,0,1351762800
3311830643,2007279414,2012-11-01 09:40:00.285000+00:00,0,1351762800
3311830643,1270020700,2012-11-01 09:40:00.285000+00:00,1,1351762800
2563679078,3509100603,2012-11-01 09:46:01.647000+00:00,1,1351763161
2563679078,3984042837,2012-11-01 09:46:01.647000+00:00,0,1351763161
2563679078,152418051,2012-11-01 09:46:01.647000+00:00,0,1351763161
2563679078,2352676247,2012-11-01 09:46:01.647000+00:00,0,1351763161
2563679078,1845786756,2012-11-01 09:46:01.647000+00:00,0,1351763161
2563679078,2790605371,2012-11-01 09:46:01.647000+00:00,0,1351763161
2563679078,738942203,2012-11-01 09:46:14.224000+00:00,1,1351763174
3848620961,3849306291,2012-11-01 09:49:24.860000+00:00,0,1351763364
3848620961,1902753965,2012-11-01 09:49:24.860000+00:00,0,1351763364
3848620961,2149464820,2012-11-01 09:49:24.860000+00:00,0,1351763364
3848620961,952519340,2012-11-01 09:49:24.860000+00:00,1,1351763364
3848620961,1269035551,2012-11-01 09:49:24.860000+00:00,0,1351763364
3848620961,2007279414,2012-11-01 09:49:24.860000+00:00,0,1351763364
3848620961,1076364848,2012-11-01 09:49:32.927000+00:00,1,1351763372
3848620961,3776957253,2012-11-01 09:49:37.465000+00:00,1,1351763377
3848620961,1816813281,2012-11-01 09:49:49.561000+00:00,1,1351763389
3848620961,4281214635,2012-11-01 09:50:57.968000+00:00,1,1351763457
1544526064,4232519602,2012-11-01 10:01:54.847000+00:00,0,1351764114
1544526064,581559015,2012-11-01 10:01:54.847000+00:00,0,1351764114
1544526064,929107951,2012-11-01 10:01:54.847000+00:00,0,1351764114
1544526064,3281130769,2012-11-01 10:01:54.847000+00:00,0,1351764114
1544526064,152418051,2012-11-01 10:01:54.847000+00:00,0,1351764114
1544526064,1528500344,2012-11-01 10:01:54.847000+00:00,1,1351764114
1160667975,3849306291,2012-11-01 10:03:16.082000+00:00,1,1351764196
3404441712,1902753965,2012-11-01 10:13:46.853000+00:00,0,1351764826
3404441712,268233790,2012-11-01 10:13:46.853000+00:00,0,1351764826
3404441712,1076364848,2012-11-01 10:13:46.853000+00:00,1,1351764826
3404441712,3048578499,2012-11-01 10:13:46.853000+00:00,0,1351764826
3404441712,1269035551,2012-11-01 10:13:46.853000+00:00,0,1351764826
3404441712,2007279414,2012-11-01 10:13:46.853000+00:00,0,1351764826
3404441712,2149464820,2012-11-01 10:13:47.376000+00:00,1,1351764827
3404441712,1203717384,2012-11-01 10:13:49.409000+00:00,1,1351764829
2633145288,1269035551,2012-11-01 10:14:08.597000+00:00,0,1351764848
2633145288,268233790,2012-11-01 10:14:08.597000+00:00,0,1351764848
2633145288,1076364848,2012-11-01 10:14:08.597000+00:00,1,1351764848
2633145288,673098017,2012-11-01 10:14:08.597000+00:00,0,1351764848
2633145288,2007279414,2012-11-01 10:14:08.597000+00:00,0,1351764848
2633145288,1203717384,2012-11-01 10:14:10.636000+00:00,1,1351764850
2633145288,952519340,2012-11-01 10:14:16.207000+00:00,1,1351764856
3990579831,1392829984,2012-11-01 10:14:29.468000+00:00,0,1351764869
3990579831,1368920193,2012-11-01 10:14:29.468000+00:00,0,1351764869
3990579831,1271330281,2012-11-01 10:14:29.468000+00:00,0,1351764869
3990579831,738179988,2012-11-01 10:14:29.468000+00:00,1,1351764869
2633145288,782683695,2012-11-01 10:14:40.288000+00:00,1,1351764880
2633145288,1816813281,2012-11-01 10:14:42.837000+00:00,1,1351764882
2633145288,2149464820,2012-11-01 10:14:50.981000+00:00,1,1351764890
2314166008,3509100603,2012-11-01 10:14:59.264000+00:00,1,1351764899
2314166008,1845786756,2012-11-01 10:14:59.264000+00:00,0,1351764899
2314166008,3281130769,2012-11-01 10:14:59.264000+00:00,0,1351764899
2314166008,794450376,2012-11-01 10:14:59.264000+00:00,0,1351764899
2314166008,989190365,2012-11-01 10:14:59.264000+00:00,0,1351764899
988160405,2007279414,2012-11-01 10:22:21.125000+00:00,0,1351765341
988160405,1203717384,2012-11-01 10:22:21.125000+00:00,1,1351765341
988160405,3849306291,2012-11-01 10:22:21.125000+00:00,0,1351765341
988160405,268233790,2012-11-01 10:22:21.125000+00:00,0,1351765341
988160405,1269035551,2012-11-01 10:22:21.125000+00:00,0,1351765341
988160405,1076364848,2012-11-01 10:22:21.125000+00:00,0,1351765341
988160405,1816813281,2012-11-01 10:22:33.472000+00:00,1,1351765353
2314166008,4232519602,2012-11-01 10:24:18.494000+00:00,1,1351765458
2314166008,152418051,2012-11-01 10:24:23.594000+00:00,1,1351765463
2842187594,2149464820,2012-11-01 10:24:25.109000+00:00,1,1351765465
2842187594,2345395514,2012-11-01 10:24:25.109000+00:00,0,1351765465
2842187594,2007279414,2012-11-01 10:24:25.109000+00:00,0,1351765465
2842187594,4080944038,2012-11-01 10:24:25.109000+00:00,0,1351765465
2842187594,1269035551,2012-11-01 10:24:25.109000+00:00,0,1351765465
2842187594,516796945,2012-11-01 10:24:25.109000+00:00,0,1351765465
2842187594,1076364848,2012-11-01 10:24:26.134000+00:00,1,1351765466
2842187594,1203717384,2012-11-01 10:24:34.199000+00:00,1,1351765474
2842187594,952519340,2012-11-01 10:24:37.741000+00:00,1,1351765477
3975666608,2007279414,2012-11-01 10:25:22.468000+00:00,0,1351765522
3975666608,2517697168,2012-11-01 10:25:22.468000+00:00,0,1351765522
3975666608,1269035551,2012-11-01 10:25:22.468000+00:00,0,1351765522
3975666608,268233790,2012-11-01 10:25:22.468000+00:00,0,1351765522
3975666608,4073937824,2012-11-01 10:25:22.468000+00:00,0,1351765522
3975666608,1076364848,2012-11-01 10:25:22.468000+00:00,1,1351765522
132341149,1269035551,2012-11-01 10:30:36.833000+00:00,0,1351765836
132341149,4080944038,2012-11-01 10:30:36.833000+00:00,0,1351765836
132341149,2007279414,2012-11-01 10:30:36.833000+00:00,0,1351765836
132341149,952519340,2012-11-01 10:30:36.833000+00:00,1,1351765836
132341149,3776957253,2012-11-01 10:30:36.833000+00:00,0,1351765836
132341149,1076364848,2012-11-01 10:30:36.833000+00:00,0,1351765836
279699155,4002798045,2012-11-01 10:31:17.078000+00:00,0,1351765877
279699155,738179988,2012-11-01 10:31:17.078000+00:00,1,1351765877
279699155,1838843061,2012-11-01 10:31:17.078000+00:00,0,1351765877
279699155,3229573153,2012-11-01 10:31:17.078000+00:00,0,1351765877
279699155,1392829984,2012-11-01 10:31:17.078000+00:00,0,1351765877
279699155,244220291,2012-11-01 10:31:17.078000+00:00,0,1351765877
132341149,1844176380,2012-11-01 10:31:28.302000+00:00,1,1351765888
3330527170,3680209340,2012-11-01 10:33:27.141000+00:00,0,1351766007
3330527170,3819567837,2012-11-01 10:33:27.141000+00:00,0,1351766007
3330527170,3789029184,2012-11-01 10:33:27.141000+00:00,0,1351766007
3330527170,1271330281,2012-11-01 10:33:27.141000+00:00,0,1351766007
3330527170,1970090234,2012-11-01 10:33:27.141000+00:00,0,1351766007
3330527170,1436494650,2012-11-01 10:33:27.141000+00:00,1,1351766007
2962725194,673098017,2012-11-01 10:33:30.677000+00:00,0,1351766010
2962725194,952519340,2012-11-01 10:33:30.677000+00:00,1,1351766010
2962725194,2007279414,2012-11-01 10:33:30.677000+00:00,0,1351766010
2962725194,268233790,2012-11-01 10:33:30.677000+00:00,0,1351766010
2962725194,3849306291,2012-11-01 10:33:30.677000+00:00,0,1351766010
2962725194,1269035551,2012-11-01 10:33:30.677000+00:00,0,1351766010
3330527170,1838843061,2012-11-01 10:33:38.850000+00:00,1,1351766018
2962725194,1076364848,2012-11-01 10:34:00.129000+00:00,1,1351766040
4052225912,4080944038,2012-11-01 10:38:44.993000+00:00,0,1351766324
4052225912,952519340,2012-11-01 10:38:44.993000+00:00,1,1351766324
4052225912,2007279414,2012-11-01 10:38:44.993000+00:00,0,1351766324
4052225912,1269035551,2012-11-01 10:38:44.993000+00:00,0,1351766324
4052225912,3776957253,2012-11-01 10:38:44.993000+00:00,0,1351766324
4052225912,1370522761,2012-11-01 10:38:44.993000+00:00,0,1351766324
763694881,2007279414,2012-11-01 10:40:29.133000+00:00,0,1351766429
763694881,3309338938,2012-11-01 10:40:29.133000+00:00,0,1351766429
763694881,1076364848,2012-11-01 10:40:29.133000+00:00,0,1351766429
763694881,1902753965,2012-11-01 10:40:29.133000+00:00,0,1351766429
763694881,3776957253,2012-11-01 10:40:29.133000+00:00,1,1351766429
763694881,1269035551,2012-11-01 10:40:29.133000+00:00,0,1351766429
2217567238,2452904679,2012-11-01 10:41:05.565000+00:00,0,1351766465
2217567238,1600413013,2012-11-01 10:41:05.565000+00:00,1,1351766465
2217567238,3247283924,2012-11-01 10:41:05.565000+00:00,0,1351766465
2217567238,3276213471,2012-11-01 10:41:05.565000+00:00,0,1351766465
2217567238,19861336,2012-11-01 10:41:05.565000+00:00,0,1351766465
2217567238,3183605169,2012-11-01 10:41:05.565000+00:00,0,1351766465
2217567238,955398943,2012-11-01 10:41:26.316000+00:00,1,1351766486
2217567238,4279704370,2012-11-01 10:42:26.660000+00:00,1,1351766546
306153925,1664973072,2012-11-01 10:46:53.183000+00:00,0,1351766813
306153925,4195924644,2012-11-01 10:46:53.183000+00:00,0,1351766813
306153925,2477995738,2012-11-01 10:46:53.183000+00:00,1,1351766813
306153925,3127696168,2012-11-01 10:46:53.183000+00:00,0,1351766813
306153925,2354857659,2012-11-01 10:46:53.183000+00:00,0,1351766813
306153925,2657802620,2012-11-01 10:46:53.183000+00:00,0,1351766813
3894667987,3047117217,2012-11-01 11:13:51.676000+00:00,0,1351768431
3894667987,152418051,2012-11-01 11:13:51.676000+00:00,0,1351768431
3894667987,3984042837,2012-11-01 11:13:51.676000+00:00,0,1351768431
3894667987,3841472085,2012-11-01 11:13:51.676000+00:00,0,1351768431
3894667987,3185692431,2012-11-01 11:13:51.676000+00:00,0,1351768431
3894667987,3509100603,2012-11-01 11:13:51.676000+00:00,1,1351768431
279323206,268233790,2012-11-01 11:58:47.415000+00:00,0,1351771127
279323206,1203717384,2012-11-01 11:58:47.415000+00:00,0,1351771127
279323206,3776957253,2012-11-01 11:58:47.415000+00:00,1,1351771127
279323206,3048578499,2012-11-01 11:58:47.415000+00:00,0,1351771127
279323206,2007279414,2012-11-01 11:58:47.415000+00:00,0,1351771127
279323206,1269035551,2012-11-01 11:58:47.415000+00:00,0,1351771127
279323206,2149464820,2012-11-01 11:59:31.161000+00:00,1,1351771171
2291885035,137663137,2012-11-01 12:36:19.957000+00:00,0,1351773379
2291885035,2633697384,2012-11-01 12:36:19.957000+00:00,1,1351773379
2291885035,3276213471,2012-11-01 12:36:19.957000+00:00,0,1351773379
2291885035,955398943,2012-11-01 12:36:19.957000+00:00,0,1351773379
2291885035,1926323783,2012-11-01 12:36:19.957000+00:00,0,1351773379
2291885035,1600413013,2012-11-01 12:36:19.957000+00:00,0,1351773379
2134808475,268233790,2012-11-01 13:00:12.478000+00:00,0,1351774812
2134808475,2007279414,2012-11-01 13:00:12.478000+00:00,0,1351774812
2134808475,4080944038,2012-11-01 13:00:12.478000+00:00,0,1351774812
2134808475,1269035551,2012-11-01 13:00:12.478000+00:00,0,1351774812
2134808475,2345395514,2012-11-01 13:00:12.478000+00:00,0,1351774812
2134808475,952519340,2012-11-01 13:00:12.478000+00:00,1,1351774812
2134808475,1076364848,2012-11-01 13:00:13.008000+00:00,1,1351774813
3459927853,2007279414,2012-11-01 13:52:22.770000+00:00,0,1351777942
3459927853,1269035551,2012-11-01 13:52:22.770000+00:00,0,1351777942
3459927853,516796945,2012-11-01 13:52:22.770000+00:00,0,1351777942
3459927853,4080944038,2012-11-01 13:52:22.770000+00:00,0,1351777942
3459927853,3309338938,2012-11-01 13:52:22.770000+00:00,0,1351777942
3459927853,1076364848,2012-11-01 13:52:22.770000+00:00,1,1351777942
3459927853,2149464820,2012-11-01 13:52:33.329000+00:00,1,1351777953
3459927853,1276897840,2012-11-01 13:52:41.461000+00:00,1,1351777961
2818464367,1597380017,2012-11-01 16:29:05.155000+00:00,0,1351787345
2818464367,989190365,2012-11-01 16:29:14.730000+00:00,0,1351787354
2818464367,823015621,2012-11-01 16:29:14.730000+00:00,0,1351787354
2818464367,44607617,2012-11-01 16:29:14.730000+00:00,0,1351787354
2818464367,3281130769,2012-11-01 16:29:14.730000+00:00,0,1351787354
2818464367,152418051,2012-11-01 16:29:14.730000+00:00,1,1351787354
2818464367,929107951,2012-11-01 16:29:35.905000+00:00,1,1351787375
2393678699,2458045492,2012-11-01 17:05:15.482000+00:00,0,1351789515
2393678699,2732877008,2012-11-01 17:05:15.482000+00:00,0,1351789515
2393678699,472254159,2012-11-01 17:05:15.482000+00:00,1,1351789515
2393678699,3642069436,2012-11-01 17:05:15.482000+00:00,0,1351789515
2393678699,1959421009,2012-11-01 17:05:15.482000+00:00,0,1351789515
2393678699,604019700,2012-11-01 17:05:15.482000+00:00,0,1351789515
3378002804,3435033871,2012-11-01 17:45:07.399000+00:00,0,1351791907
3378002804,760916752,2012-11-01 17:45:07.399000+00:00,0,1351791907
3378002804,3905745730,2012-11-01 17:45:07.399000+00:00,1,1351791907
3378002804,1546689414,2012-11-01 17:45:07.399000+00:00,0,1351791907
694709965,2518430453,2012-11-01 18:01:27.068000+00:00,1,1351792887
694709965,1241270051,2012-11-01 18:01:27.068000+00:00,0,1351792887
694709965,1709307139,2012-11-01 18:01:27.068000+00:00,0,1351792887
694709965,608423375,2012-11-01 18:01:27.068000+00:00,0,1351792887
694709965,2263113621,2012-11-01 18:01:27.068000+00:00,0,1351792887
694709965,955692500,2012-11-01 18:01:27.068000+00:00,0,1351792887
2626409021,17671643,2012-11-01 18:20:40.233000+00:00,0,1351794040
2626409021,646048625,2012-11-01 18:20:40.233000+00:00,0,1351794040
2626409021,2847791443,2012-11-01 18:20:40.233000+00:00,1,1351794040
2626409021,2444038166,2012-11-01 18:20:40.233000+00:00,0,1351794040
4024104633,3146701974,2012-11-01 20:39:31.763000+00:00,0,1351802371
4024104633,4213029513,2012-11-01 20:39:31.763000+00:00,0,1351802371
4024104633,3098796729,2012-11-01 20:39:31.763000+00:00,0,1351802371
4024104633,3541488061,2012-11-01 20:39:31.763000+00:00,0,1351802371
4024104633,2087832234,2012-11-01 20:39:31.763000+00:00,1,1351802371
4024104633,816254504,2012-11-01 20:39:31.763000+00:00,0,1351802371
4024104633,1509550896,2012-11-01 20:43:25.792000+00:00,1,1351802605
3592311259,3643257179,2012-11-01 21:39:43.197000+00:00,0,1351805983
3592311259,406892307,2012-11-01 21:39:43.197000+00:00,0,1351805983
3592311259,1380103098,2012-11-01 21:39:43.197000+00:00,0,1351805983
3592311259,3228620685,2012-11-01 21:39:43.197000+00:00,0,1351805983
3592311259,3398459522,2012-11-01 21:39:43.197000+00:00,0,1351805983
3592311259,861861106,2012-11-01 21:39:43.197000+00:00,1,1351805983
3592311259,1721071411,2012-11-01 21:40:01.011000+00:00,1,1351806001
3592311259,1159050153,2012-11-01 21:40:12.347000+00:00,1,1351806012
2920617215,582287969,2012-11-01 22:01:23.178000+00:00,1,1351807283
2920617215,1241270051,2012-11-01 22:01:23.178000+00:00,0,1351807283
2920617215,3711909804,2012-11-01 22:01:23.178000+00:00,0,1351807283
2920617215,73584564,2012-11-01 22:01:23.178000+00:00,0,1351807283
2920617215,3988877752,2012-11-01 22:01:23.178000+00:00,0,1351807283
2920617215,3306217170,2012-11-01 22:01:23.178000+00:00,0,1351807283
2920617215,4187586409,2012-11-01 22:01:42.854000+00:00,0,1351807302
3719137321,2241349126,2012-11-01 23:33:38.234000+00:00,0,1351812818
3719137321,3796724403,2012-11-01 23:33:38.234000+00:00,0,1351812818
3719137321,1637427865,2012-11-01 23:33:38.234000+00:00,0,1351812818
3719137321,189444535,2012-11-01 23:33:38.234000+00:00,0,1351812818
3719137321,454129950,2012-11-01 23:33:38.234000+00:00,1,1351812818
3719137321,1537631261,2012-11-01 23:37:30.400000+00:00,0,1351813050
2683024755,3797370417,2012-11-02 03:37:18.735000+00:00,1,1351827438
2683024755,615488222,2012-11-02 03:37:18.735000+00:00,0,1351827438
2683024755,2059769837,2012-11-02 03:37:18.735000+00:00,0,1351827438
2683024755,2092805628,2012-11-02 03:37:18.735000+00:00,0,1351827438
2683024755,862271714,2012-11-02 03:37:18.735000+00:00,0,1351827438
2683024755,3951031049,2012-11-02 03:37:18.735000+00:00,0,1351827438
2683024755,3343711990,2012-11-02 03:40:40.897000+00:00,1,1351827640
2668221937,615488222,2012-11-02 04:38:30.749000+00:00,0,1351831110
2668221937,98978060,2012-11-02 04:38:30.749000+00:00,0,1351831110
2668221937,3873935598,2012-11-02 04:38:30.749000+00:00,0,1351831110
2668221937,3798981472,2012-11-02 04:38:30.749000+00:00,1,1351831110
2668221937,2773268550,2012-11-02 04:38:30.749000+00:00,0,1351831110
2668221937,3526288902,2012-11-02 04:38:30.749000+00:00,0,1351831110
2668221937,3462111166,2012-11-02 04:38:53.953000+00:00,1,1351831133
555384690,3072990888,2012-11-02 05:16:01.588000+00:00,0,1351833361
555384690,1658998162,2012-11-02 05:16:01.588000+00:00,0,1351833361
555384690,2715083030,2012-11-02 05:16:01.588000+00:00,0,1351833361
555384690,53057326,2012-11-02 05:16:01.588000+00:00,1,1351833361
555384690,3135799710,2012-11-02 05:16:01.588000+00:00,0,1351833361
555384690,4242636115,2012-11-02 05:16:01.588000+00:00,0,1351833361
2844491503,931928136,2012-11-02 08:20:57.034000+00:00,0,1351844457
2844491503,628221713,2012-11-02 08:20:57.034000+00:00,0,1351844457
2844491503,1009755933,2012-11-02 08:20:57.034000+00:00,0,1351844457
2844491503,259779482,2012-11-02 08:20:57.034000+00:00,1,1351844457
2844491503,1051419581,2012-11-02 08:20:57.034000+00:00,0,1351844457
2844491503,2969829668,2012-11-02 08:20:57.034000+00:00,0,1351844457
912476748,2790605371,2012-11-02 17:53:30.607000+00:00,1,1351878810
2954864792,144329426,2012-11-02 17:53:30.627000+00:00,0,1351878810
912476748,989190365,2012-11-02 17:53:30.607000+00:00,0,1351878810
2954864792,2823348542,2012-11-02 17:53:30.627000+00:00,0,1351878810
912476748,1610359399,2012-11-02 17:53:30.607000+00:00,0,1351878810
912476748,2352676247,2012-11-02 17:53:30.607000+00:00,0,1351878810
2954864792,1643010658,2012-11-02 17:53:30.627000+00:00,0,1351878810
912476748,318178573,2012-11-02 17:53:30.607000+00:00,0,1351878810
912476748,2683913641,2012-11-02 17:53:30.608000+00:00,1,1351878810
2954864792,253589568,2012-11-02 17:53:30.627000+00:00,0,1351878810
2954864792,3120537018,2012-11-02 17:53:30.627000+00:00,1,1351878810
2954864792,1321452952,2012-11-02 17:53:30.627000+00:00,0,1351878810
912476748,152418051,2012-11-02 17:53:30.607000+00:00,0,1351878810
4152805025,3507974117,2012-11-02 17:53:37.523000+00:00,1,1351878817
4152805025,2843648870,2012-11-02 17:53:37.523000+00:00,0,1351878817
4152805025,3515520150,2012-11-02 17:53:37.523000+00:00,0,1351878817
4152805025,2808951120,2012-11-02 17:53:37.523000+00:00,0,1351878817
4152805025,2061870345,2012-11-02 17:53:37.523000+00:00,0,1351878817
4152805025,2071807179,2012-11-02 17:53:37.523000+00:00,0,1351878817
1912698965,2099321023,2012-11-02 17:53:38.412000+00:00,0,1351878818
1912698965,1865576144,2012-11-02 17:53:38.412000+00:00,0,1351878818
1912698965,2662111509,2012-11-02 17:53:38.412000+00:00,1,1351878818
1912698965,3827519635,2012-11-02 17:53:38.412000+00:00,0,1351878818
1912698965,2112536754,2012-11-02 17:53:38.412000+00:00,0,1351878818
1912698965,2794710828,2012-11-02 17:53:38.412000+00:00,0,1351878818
3406326706,4093219541,2012-11-02 18:52:59.434000+00:00,0,1351882379
3406326706,2135160960,2012-11-02 18:52:59.434000+00:00,0,1351882379
3406326706,1437150324,2012-11-02 18:52:59.434000+00:00,1,1351882379
3406326706,3720406762,2012-11-02 18:52:59.434000+00:00,0,1351882379
3406326706,776708517,2012-11-02 18:52:59.434000+00:00,0,1351882379
3406326706,1953807601,2012-11-02 18:52:59.434000+00:00,0,1351882379
3406326706,269666753,2012-11-02 18:53:36.389000+00:00,0,1351882416
3406326706,681247866,2012-11-02 18:54:51.943000+00:00,0,1351882491
3406326706,3215236382,2012-11-02 18:55:07.204000+00:00,1,1351882507
3406326706,3183062252,2012-11-02 18:55:20.235000+00:00,0,1351882520
3406326706,4257335416,2012-11-02 18:55:24.900000+00:00,0,1351882524
3406326706,3278874120,2012-11-02 18:55:30.444000+00:00,0,1351882530
3406326706,4178616155,2012-11-02 18:55:36.490000+00:00,0,1351882536
3406326706,1359812578,2012-11-02 18:55:40.522000+00:00,0,1351882540
3406326706,317725485,2012-11-02 18:55:45.061000+00:00,0,1351882545
3406326706,3966358321,2012-11-02 18:55:55.141000+00:00,0,1351882555
3406326706,2070392690,2012-11-02 18:56:10.749000+00:00,0,1351882570
3406326706,3938958732,2012-11-02 18:57:11.508000+00:00,0,1351882631
3406326706,650893285,2012-11-02 18:57:17.629000+00:00,0,1351882637
3406326706,2009824063,2012-11-02 18:57:22.858000+00:00,0,1351882642
3406326706,750399105,2012-11-02 18:57:30.939000+00:00,0,1351882650
3406326706,3570341326,2012-11-02 18:57:34.573000+00:00,0,1351882654
3406326706,2849196504,2012-11-02 18:57:42.047000+00:00,0,1351882662
3406326706,931663656,2012-11-02 18:57:46.644000+00:00,0,1351882666
3406326706,3598931817,2012-11-02 18:58:06.348000+00:00,0,1351882686
3406326706,982365060,2012-11-02 18:58:14.418000+00:00,0,1351882694
3406326706,479066963,2012-11-02 18:58:17.952000+00:00,0,1351882697
3406326706,1913672917,2012-11-02 18:58:24.999000+00:00,0,1351882704
3406326706,334013045,2012-11-02 18:58:39.628000+00:00,0,1351882719
3406326706,2665105550,2012-11-02 18:58:45.193000+00:00,0,1351882725
3406326706,3603231279,2012-11-02 18:58:49.231000+00:00,0,1351882729
3406326706,2536605290,2012-11-02 18:59:06.013000+00:00,0,1351882746
3406326706,2840835606,2012-11-02 18:59:11.190000+00:00,0,1351882751
3406326706,945768473,2012-11-02 18:59:14.612000+00:00,0,1351882754
3406326706,3181199808,2012-11-02 18:59:23.852000+00:00,0,1351882763
3406326706,1050485549,2012-11-02 18:59:26.966000+00:00,0,1351882766
3406326706,88916665,2012-11-02 18:59:31.585000+00:00,0,1351882771
3406326706,445989197,2012-11-02 18:59:35.162000+00:00,0,1351882775
3406326706,1043752342,2012-11-02 18:59:41.837000+00:00,0,1351882781
3406326706,508487235,2012-11-02 18:59:48.036000+00:00,0,1351882788
3406326706,3146904504,2012-11-02 18:59:58.158000+00:00,0,1351882798
4044282675,2681780384,2012-11-03 09:39:30.560000+00:00,0,1351935570
4044282675,1058195960,2012-11-03 09:39:30.560000+00:00,0,1351935570
4044282675,98978060,2012-11-03 09:39:30.560000+00:00,0,1351935570
4044282675,3462111166,2012-11-03 09:39:30.560000+00:00,0,1351935570
4044282675,2219144892,2012-11-03 09:39:30.560000+00:00,0,1351935570
4044282675,1060275544,2012-11-03 09:39:30.560000+00:00,1,1351935570
4044282675,3119648674,2012-11-03 09:40:05.748000+00:00,1,1351935605
2041677127,3309338938,2012-11-03 11:58:35.937000+00:00,0,1351943915
2041677127,1548058369,2012-11-03 11:58:35.937000+00:00,0,1351943915
2041677127,2729267396,2012-11-03 11:58:35.937000+00:00,0,1351943915
2041677127,1269035551,2012-11-03 11:58:35.937000+00:00,1,1351943915
2041677127,1902753965,2012-11-03 11:58:35.937000+00:00,0,1351943915
2041677127,2445964998,2012-11-03 11:58:35.937000+00:00,0,1351943915
3272389348,4095379875,2012-11-03 12:01:27.793000+00:00,0,1351944087
3272389348,372011842,2012-11-03 12:01:27.793000+00:00,0,1351944087
3272389348,4126510149,2012-11-03 12:01:27.793000+00:00,0,1351944087
3272389348,4279704370,2012-11-03 12:01:27.793000+00:00,1,1351944087
3272389348,202133593,2012-11-03 12:01:27.793000+00:00,0,1351944087
3272389348,3418415418,2012-11-03 12:01:27.793000+00:00,0,1351944087
3272389348,3098644886,2012-11-03 12:02:09.060000+00:00,1,1351944129
3272389348,977021682,2012-11-03 12:02:22.747000+00:00,1,1351944142
3272389348,1812831522,2012-11-03 12:03:01.262000+00:00,1,1351944181
2480816831,3790866767,2012-11-03 12:05:15.574000+00:00,0,1351944315
2480816831,2063045108,2012-11-03 12:05:15.574000+00:00,0,1351944315
2480816831,2863236195,2012-11-03 12:05:15.574000+00:00,0,1351944315
2480816831,2906696294,2012-11-03 12:05:15.574000+00:00,0,1351944315
2480816831,3247053834,2012-11-03 12:05:15.574000+00:00,1,1351944315
350964414,258816968,2012-11-03 12:05:37.426000+00:00,0,1351944337
350964414,3150166466,2012-11-03 12:05:37.426000+00:00,1,1351944337
350964414,3100489591,2012-11-03 12:05:37.426000+00:00,0,1351944337
350964414,797378040,2012-11-03 12:05:37.426000+00:00,0,1351944337
350964414,167252762,2012-11-03 12:05:37.426000+00:00,0,1351944337
350964414,1137820523,2012-11-03 12:05:37.426000+00:00,0,1351944337
350964414,3862634099,2012-11-03 12:05:39.519000+00:00,1,1351944339
350964414,655157595,2012-11-03 12:05:41.544000+00:00,1,1351944341
350964414,1749797086,2012-11-03 12:05:42.565000+00:00,1,1351944342
2609061039,2445964998,2012-11-03 12:17:36.676000+00:00,0,1351945056
2609061039,3776957253,2012-11-03 12:17:36.676000+00:00,0,1351945056
2609061039,1269035551,2012-11-03 12:17:36.676000+00:00,1,1351945056
2609061039,1902753965,2012-11-03 12:17:36.676000+00:00,0,1351945056
2609061039,2345395514,2012-11-03 12:17:36.676000+00:00,0,1351945056
1287950172,2445964998,2012-11-03 12:28:23.666000+00:00,0,1351945703
1287950172,3776957253,2012-11-03 12:28:23.666000+00:00,0,1351945703
1287950172,1269035551,2012-11-03 12:28:23.666000+00:00,1,1351945703
1287950172,1902753965,2012-11-03 12:28:23.666000+00:00,0,1351945703
1287950172,2345395514,2012-11-03 12:28:23.666000+00:00,0,1351945703
1287950172,1076364848,2012-11-03 12:28:23.666000+00:00,0,1351945703
990116823,3888550683,2012-11-03 12:33:35.221000+00:00,0,1351946015
990116823,1817785599,2012-11-03 12:33:35.221000+00:00,0,1351946015
990116823,364572656,2012-11-03 12:33:35.221000+00:00,0,1351946015
990116823,1948602073,2012-11-03 12:33:35.221000+00:00,0,1351946015
990116823,2020531758,2012-11-03 12:33:35.221000+00:00,1,1351946015
990116823,4136385770,2012-11-03 12:33:35.221000+00:00,0,1351946015
990116823,3754239356,2012-11-03 12:33:59.112000+00:00,1,1351946039
990116823,1733693317,2012-11-03 12:40:05.061000+00:00,1,1351946405
2281560980,3309338938,2012-11-03 13:01:01.065000+00:00,0,1351947661
2281560980,1269035551,2012-11-03 13:01:01.065000+00:00,1,1351947661
2281560980,2729267396,2012-11-03 13:01:01.065000+00:00,0,1351947661
2281560980,2642707561,2012-11-03 13:01:01.065000+00:00,0,1351947661
2281560980,3849306291,2012-11-03 13:01:01.065000+00:00,0,1351947661
2281560980,1902753965,2012-11-03 13:01:01.065000+00:00,0,1351947661
2587246668,2881344494,2012-11-03 13:14:35.390000+00:00,0,1351948475
2587246668,1737420203,2012-11-03 13:14:35.390000+00:00,1,1351948475
2587246668,1148695493,2012-11-03 13:14:35.390000+00:00,0,1351948475
2587246668,364572656,2012-11-03 13:14:35.390000+00:00,0,1351948475
2587246668,2288419571,2012-11-03 13:14:35.390000+00:00,0,1351948475
2587246668,2143251401,2012-11-03 13:14:35.390000+00:00,0,1351948475
364700925,137663137,2012-11-03 13:24:41.564000+00:00,0,1351949081
364700925,3083179290,2012-11-03 13:24:41.564000+00:00,0,1351949081
364700925,671864158,2012-11-03 13:24:41.564000+00:00,0,1351949081
364700925,4279704370,2012-11-03 13:24:41.564000+00:00,0,1351949081
364700925,3276213471,2012-11-03 13:24:41.564000+00:00,1,1351949081
364700925,3176591677,2012-11-03 13:24:41.564000+00:00,0,1351949081
364700925,1343845939,2012-11-03 13:24:52.133000+00:00,1,1351949092
364700925,1926323783,2012-11-03 13:25:01.698000+00:00,1,1351949101
364700925,4194316975,2012-11-03 13:25:32.064000+00:00,1,1351949132
364700925,4098955585,2012-11-03 13:25:32.090000+00:00,1,1351949132
1017536864,3598138867,2012-11-03 13:26:17.121000+00:00,0,1351949177
1017536864,137663137,2012-11-03 13:26:17.121000+00:00,0,1351949177
1017536864,3358064160,2012-11-03 13:26:17.121000+00:00,0,1351949177
1017536864,2731716338,2012-11-03 13:26:17.121000+00:00,1,1351949177
1017536864,1159994451,2012-11-03 13:26:17.121000+00:00,0,1351949177
1017536864,751599722,2012-11-03 13:26:17.121000+00:00,0,1351949177
1017536864,199858305,2012-11-03 13:26:44.641000+00:00,1,1351949204
1017536864,898889852,2012-11-03 13:28:45.162000+00:00,1,1351949325
1017536864,2805037878,2012-11-03 13:28:58.751000+00:00,1,1351949338
1017536864,3499428374,2012-11-03 13:29:12.848000+00:00,1,1351949352
1017536864,3150441220,2012-11-03 13:29:31.477000+00:00,1,1351949371
1017536864,1699663431,2012-11-03 13:29:33.605000+00:00,1,1351949373
2234899895,2784721487,2012-11-03 13:47:08.547000+00:00,0,1351950428
2234899895,1230133982,2012-11-03 13:47:08.547000+00:00,0,1351950428
2234899895,1824334392,2012-11-03 13:47:08.547000+00:00,0,1351950428
2234899895,1157806734,2012-11-03 13:47:08.547000+00:00,0,1351950428
2234899895,407638004,2012-11-03 13:47:08.547000+00:00,1,1351950428
2234899895,2354407405,2012-11-03 13:47:08.547000+00:00,0,1351950428
3292395061,1076364848,2012-11-03 14:09:37.668000+00:00,1,1351951777
3292395061,1902753965,2012-11-03 14:09:37.668000+00:00,0,1351951777
3292395061,1269035551,2012-11-03 14:09:37.668000+00:00,0,1351951777
3292395061,1548058369,2012-11-03 14:09:37.668000+00:00,0,1351951777
3292395061,2729267396,2012-11-03 14:09:37.668000+00:00,0,1351951777
3292395061,3849306291,2012-11-03 14:09:37.668000+00:00,0,1351951777
261990895,2038842201,2012-11-03 14:11:54.421000+00:00,0,1351951914
261990895,1630022509,2012-11-03 14:11:54.421000+00:00,1,1351951914
261990895,1267316763,2012-11-03 14:11:54.421000+00:00,0,1351951914
261990895,289404082,2012-11-03 14:11:54.421000+00:00,0,1351951914
261990895,3320505228,2012-11-03 14:13:45.135000+00:00,1,1351952025
261990895,3111155015,2012-11-03 14:14:15.890000+00:00,1,1351952055
261990895,2270458671,2012-11-03 14:14:23.457000+00:00,1,1351952063
261990895,4101549335,2012-11-03 14:14:32.593000+00:00,1,1351952072
261990895,745914541,2012-11-03 14:14:52.961000+00:00,1,1351952092
261990895,3542075399,2012-11-03 14:14:58.655000+00:00,1,1351952098
261990895,2815171271,2012-11-03 14:15:01.228000+00:00,1,1351952101
261990895,1306613841,2012-11-03 14:15:02.745000+00:00,1,1351952102
261990895,125067550,2012-11-03 14:15:06.278000+00:00,1,1351952106
2008761267,3018427739,2012-11-03 14:45:17.188000+00:00,0,1351953917
2008761267,461456549,2012-11-03 14:45:17.188000+00:00,0,1351953917
2008761267,4290470709,2012-11-03 14:45:17.188000+00:00,0,1351953917
2008761267,1953807601,2012-11-03 14:45:17.188000+00:00,1,1351953917
2008761267,2508841697,2012-11-03 14:45:17.188000+00:00,0,1351953917
2008761267,388060831,2012-11-03 14:45:17.188000+00:00,0,1351953917
28806872,569347123,2012-11-03 15:26:46.507000+00:00,0,1351956406
28806872,4258442948,2012-11-03 15:26:46.507000+00:00,0,1351956406
28806872,3222758405,2012-11-03 15:26:46.507000+00:00,0,1351956406
28806872,915403718,2012-11-03 15:26:46.507000+00:00,1,1351956406
28806872,3928440935,2012-11-03 15:26:46.507000+00:00,0,1351956406
246547106,2859654056,2012-11-03 15:59:12.379000+00:00,0,1351958352
246547106,615488222,2012-11-03 15:59:12.379000+00:00,0,1351958352
246547106,1771863286,2012-11-03 15:59:12.379000+00:00,0,1351958352
246547106,4252420545,2012-11-03 15:59:12.379000+00:00,1,1351958352
246547106,2610561518,2012-11-03 15:59:12.379000+00:00,0,1351958352
246547106,1728390960,2012-11-03 15:59:12.379000+00:00,0,1351958352
3360609244,1623708266,2012-11-03 16:10:08.162000+00:00,0,1351959008
3360609244,108831207,2012-11-03 16:10:08.162000+00:00,0,1351959008
3360609244,1699279332,2012-11-03 16:10:08.162000+00:00,0,1351959008
3360609244,1633278155,2012-11-03 16:10:08.162000+00:00,1,1351959008
3360609244,2771523560,2012-11-03 16:10:08.162000+00:00,0,1351959008
3360609244,1074855174,2012-11-03 16:10:08.162000+00:00,0,1351959008
2184501135,1076364848,2012-11-03 16:48:29.113000+00:00,0,1351961309
2184501135,2007279414,2012-11-03 16:48:29.113000+00:00,0,1351961309
2184501135,1269035551,2012-11-03 16:48:29.113000+00:00,1,1351961309
2184501135,1902753965,2012-11-03 16:48:29.113000+00:00,0,1351961309
2184501135,1548058369,2012-11-03 16:48:29.113000+00:00,0,1351961309
2184501135,2729267396,2012-11-03 16:48:29.113000+00:00,0,1351961309
2635547119,3585531671,2012-11-03 18:25:43.144000+00:00,1,1351967143
2635547119,2621503414,2012-11-03 18:25:43.144000+00:00,0,1351967143
2635547119,2001335035,2012-11-03 18:25:43.144000+00:00,0,1351967143
2635547119,1448553554,2012-11-03 18:25:43.144000+00:00,0,1351967143
2635547119,753115138,2012-11-03 18:25:43.144000+00:00,0,1351967143
2635547119,1397855471,2012-11-03 18:25:43.144000+00:00,0,1351967143
2635547119,1114350408,2012-11-03 18:25:45.188000+00:00,1,1351967145
139210489,4101549335,2012-11-03 19:02:19.032000+00:00,0,1351969339
139210489,1396446223,2012-11-03 19:02:19.032000+00:00,0,1351969339
139210489,1485887263,2012-11-03 19:02:19.032000+00:00,1,1351969339
139210489,3911341942,2012-11-03 19:02:19.032000+00:00,0,1351969339
139210489,2038842201,2012-11-03 19:02:19.032000+00:00,0,1351969339
139210489,3638176256,2012-11-03 19:02:19.032000+00:00,0,1351969339
139210489,666088517,2012-11-03 19:02:27.590000+00:00,1,1351969347
904520689,2774608722,2012-11-03 19:32:44.099000+00:00,0,1351971164
904520689,3794194163,2012-11-03 19:32:44.099000+00:00,0,1351971164
904520689,1313195291,2012-11-03 19:32:44.099000+00:00,1,1351971164
904520689,1014928482,2012-11-03 19:32:44.099000+00:00,0,1351971164
904520689,2061698094,2012-11-03 19:32:44.099000+00:00,0,1351971164
904520689,753115138,2012-11-03 19:32:44.099000+00:00,0,1351971164
4157365314,3703612480,2012-11-03 20:14:45.447000+00:00,0,1351973685
4157365314,3578484232,2012-11-03 20:14:45.447000+00:00,0,1351973685
4157365314,3210395746,2012-11-03 20:14:45.447000+00:00,0,1351973685
4157365314,372011842,2012-11-03 20:14:45.447000+00:00,0,1351973685
4157365314,126225732,2012-11-03 20:14:45.447000+00:00,0,1351973685
4157365314,1446608996,2012-11-03 20:14:45.447000+00:00,1,1351973685
2062768867,2038842201,2012-11-03 21:12:09.198000+00:00,0,1351977129
2062768867,3413478237,2012-11-03 21:12:09.198000+00:00,1,1351977129
2062768867,550528378,2012-11-03 21:12:09.198000+00:00,0,1351977129
2062768867,1478537984,2012-11-03 21:12:09.198000+00:00,0,1351977129
2062768867,3729283847,2012-11-03 21:12:09.198000+00:00,0,1351977129
2062768867,619689337,2012-11-03 21:12:09.198000+00:00,0,1351977129
712040216,1548058369,2012-11-03 23:15:36.567000+00:00,0,1351984536
712040216,2190369261,2012-11-03 23:15:36.567000+00:00,0,1351984536
712040216,1902753965,2012-11-03 23:15:36.567000+00:00,0,1351984536
712040216,2642707561,2012-11-03 23:15:36.567000+00:00,0,1351984536
712040216,517558243,2012-11-03 23:15:36.567000+00:00,0,1351984536
712040216,1076364848,2012-11-03 23:15:36.567000+00:00,1,1351984536
156584666,1114350408,2012-11-04 01:31:52.823000+00:00,0,1351992712
156584666,2477995738,2012-11-04 01:31:52.823000+00:00,0,1351992712
156584666,2114371180,2012-11-04 01:31:52.823000+00:00,1,1351992712
156584666,16336968,2012-11-04 01:31:52.823000+00:00,0,1351992712
156584666,73087107,2012-11-04 01:31:52.823000+00:00,0,1351992712
156584666,3707221338,2012-11-04 01:31:52.823000+00:00,0,1351992712
3235544076,1795987156,2012-11-04 02:20:06.600000+00:00,0,1351995606
3235544076,1577158093,2012-11-04 02:20:06.600000+00:00,0,1351995606
3235544076,2038842201,2012-11-04 02:20:06.600000+00:00,0,1351995606
3235544076,4271137008,2012-11-04 02:20:06.600000+00:00,0,1351995606
3235544076,416605749,2012-11-04 02:20:06.600000+00:00,0,1351995606
3235544076,3130073482,2012-11-04 02:20:06.600000+00:00,1,1351995606
3235544076,4215686475,2012-11-04 02:20:44.560000+00:00,1,1351995644
882525479,1412973771,2012-11-04 02:26:00.497000+00:00,0,1351995960
882525479,3707221338,2012-11-04 02:26:00.497000+00:00,0,1351995960
882525479,4158859973,2012-11-04 02:26:00.497000+00:00,0,1351995960
882525479,4194316975,2012-11-04 02:26:00.497000+00:00,1,1351995960
882525479,3444425146,2012-11-04 02:26:00.497000+00:00,0,1351995960
1952293169,3950787980,2012-11-04 02:41:34.387000+00:00,1,1351996894
1952293169,2219144892,2012-11-04 02:41:34.387000+00:00,0,1351996894
1952293169,1505861410,2012-11-04 02:41:34.387000+00:00,0,1351996894
1952293169,3928440935,2012-11-04 02:41:34.387000+00:00,0,1351996894
1952293169,4041609284,2012-11-04 02:41:34.387000+00:00,0,1351996894
1952293169,2621503414,2012-11-04 02:41:34.387000+00:00,0,1351996894
3227661980,1058195960,2012-11-04 02:41:45.673000+00:00,0,1351996905
3227661980,3633955351,2012-11-04 02:41:45.673000+00:00,0,1351996905
3227661980,2374384994,2012-11-04 02:41:45.673000+00:00,0,1351996905
3227661980,2413506174,2012-11-04 02:41:45.673000+00:00,1,1351996905
3227661980,2681780384,2012-11-04 02:41:45.673000+00:00,0,1351996905
3227661980,2114371180,2012-11-04 02:41:45.673000+00:00,0,1351996905
3227661980,4158859973,2012-11-04 02:42:02.809000+00:00,1,1351996922
3227661980,2621503414,2012-11-04 02:47:37.391000+00:00,1,1351997257
3227661980,4083994402,2012-11-04 02:48:15.576000+00:00,1,1351997295
3668457471,2456081670,2012-11-04 02:58:57.500000+00:00,1,1351997937
3668457471,587628640,2012-11-04 02:58:57.500000+00:00,0,1351997937
3668457471,1580455386,2012-11-04 02:58:57.500000+00:00,0,1351997937
3668457471,4194316975,2012-11-04 02:58:57.500000+00:00,0,1351997937
3668457471,1158236126,2012-11-04 02:58:57.500000+00:00,0,1351997937
3668457471,3331186835,2012-11-04 02:58:57.500000+00:00,0,1351997937
3668457471,1147733770,2012-11-04 02:59:08.221000+00:00,1,1351997948
4236087068,2805037878,2012-11-04 03:57:34.188000+00:00,0,1352001454
4236087068,104397174,2012-11-04 03:57:34.188000+00:00,0,1352001454
4236087068,2980258101,2012-11-04 03:57:34.188000+00:00,1,1352001454
4236087068,2204867403,2012-11-04 03:57:34.188000+00:00,0,1352001454
4236087068,1896310801,2012-11-04 03:57:34.188000+00:00,0,1352001454
2833011810,2007279414,2012-11-04 04:06:43.088000+00:00,0,1352002003
2833011810,810618772,2012-11-04 04:06:43.088000+00:00,0,1352002003
2833011810,2345395514,2012-11-04 04:06:43.088000+00:00,1,1352002003
2833011810,1076364848,2012-11-04 04:06:43.088000+00:00,0,1352002003
2833011810,1269035551,2012-11-04 04:06:43.088000+00:00,0,1352002003
2833011810,1465929077,2012-11-04 04:06:43.088000+00:00,0,1352002003
2833011810,127757681,2012-11-04 04:07:10.755000+00:00,0,1352002030
1575376083,1902753965,2012-11-04 04:18:11.476000+00:00,0,1352002691
1575376083,1269035551,2012-11-04 04:18:11.476000+00:00,1,1352002691
1575376083,2445964998,2012-11-04 04:18:11.476000+00:00,0,1352002691
1575376083,1465929077,2012-11-04 04:18:11.476000+00:00,0,1352002691
1575376083,810618772,2012-11-04 04:18:11.476000+00:00,0,1352002691
1575376083,3776957253,2012-11-04 04:18:11.476000+00:00,0,1352002691
1575376083,1892018889,2012-11-04 04:18:16.088000+00:00,1,1352002696
1127657981,1971855649,2012-11-04 04:39:03.424000+00:00,0,1352003943
1127657981,689023473,2012-11-04 04:39:03.424000+00:00,0,1352003943
1127657981,1816813281,2012-11-04 04:39:03.424000+00:00,1,1352003943
1127657981,1580466803,2012-11-04 04:39:03.424000+00:00,0,1352003943
2329661605,753115138,2012-11-04 04:40:44.550000+00:00,0,1352004044
2329661605,4019120435,2012-11-04 04:40:44.550000+00:00,0,1352004044
2329661605,2114371180,2012-11-04 04:40:44.550000+00:00,0,1352004044
2329661605,1733693317,2012-11-04 04:40:44.550000+00:00,0,1352004044
2329661605,2347187750,2012-11-04 04:40:44.550000+00:00,0,1352004044
2329661605,3390105219,2012-11-04 04:40:44.550000+00:00,1,1352004044
2329661605,238130760,2012-11-04 04:41:26.345000+00:00,1,1352004086
1741814612,125067550,2012-11-04 04:51:36.410000+00:00,0,1352004696
1741814612,3792500746,2012-11-04 04:51:36.410000+00:00,0,1352004696
1741814612,1857353638,2012-11-04 04:51:36.410000+00:00,0,1352004696
1741814612,2320364565,2012-11-04 04:51:36.410000+00:00,0,1352004696
1741814612,2153037761,2012-11-04 04:51:36.410000+00:00,1,1352004696
1741814612,1630022509,2012-11-04 04:51:39.972000+00:00,1,1352004699
1011223331,1499053881,2012-11-04 04:56:32.271000+00:00,0,1352004992
1011223331,2610561518,2012-11-04 04:56:32.271000+00:00,0,1352004992
1011223331,1073827062,2012-11-04 04:56:32.271000+00:00,0,1352004992
1011223331,447738506,2012-11-04 04:56:32.271000+00:00,1,1352004992
1011223331,1238006360,2012-11-04 04:56:32.271000+00:00,0,1352004992
1011223331,627841864,2012-11-04 04:56:32.271000+00:00,0,1352004992
4175659797,872052061,2012-11-04 05:02:23.605000+00:00,1,1352005343
4175659797,1444583217,2012-11-04 05:02:23.605000+00:00,0,1352005343
4175659797,803596418,2012-11-04 05:02:23.605000+00:00,0,1352005343
4175659797,167252762,2012-11-04 05:02:23.605000+00:00,0,1352005343
4175659797,1147733770,2012-11-04 05:02:23.605000+00:00,0,1352005343
4175659797,3946692042,2012-11-04 05:02:23.605000+00:00,0,1352005343
4175659797,2234592975,2012-11-04 05:02:28.175000+00:00,1,1352005348
4175659797,3390105219,2012-11-04 05:02:31.708000+00:00,1,1352005351
4175659797,2237302185,2012-11-04 05:02:35.799000+00:00,1,1352005355
4175659797,1243481310,2012-11-04 05:02:38.327000+00:00,1,1352005358
4175659797,509781557,2012-11-04 05:03:18.432000+00:00,1,1352005398
2264585544,2610561518,2012-11-04 05:13:07.992000+00:00,0,1352005987
2264585544,3617750746,2012-11-04 05:13:07.992000+00:00,0,1352005987
2264585544,753115138,2012-11-04 05:13:07.992000+00:00,0,1352005987
2264585544,2456139530,2012-11-04 05:13:07.992000+00:00,1,1352005987
2264585544,615488222,2012-11-04 05:13:07.992000+00:00,0,1352005987
2264585544,893326926,2012-11-04 05:13:07.992000+00:00,0,1352005987
2264585544,587628640,2012-11-04 05:13:08.992000+00:00,1,1352005988
2264585544,2186054523,2012-11-04 05:15:29.085000+00:00,1,1352006129
185422302,2219144892,2012-11-04 05:35:05.009000+00:00,1,1352007305
185422302,2681780384,2012-11-04 05:35:05.009000+00:00,0,1352007305
185422302,1058195960,2012-11-04 05:35:05.009000+00:00,0,1352007305
185422302,1606038564,2012-11-04 05:35:05.009000+00:00,0,1352007305
185422302,98978060,2012-11-04 05:35:05.009000+00:00,0,1352007305
185422302,3928440935,2012-11-04 05:35:05.009000+00:00,0,1352007305
1290399197,1080023839,2012-11-04 05:43:07.549000+00:00,1,1352007787
1290399197,4156705844,2012-11-04 05:43:07.549000+00:00,0,1352007787
1290399197,4229410248,2012-11-04 05:43:07.549000+00:00,0,1352007787
1290399197,3691092140,2012-11-04 05:43:07.549000+00:00,0,1352007787
1290399197,3801433102,2012-11-04 05:43:07.549000+00:00,0,1352007787
1290399197,149023715,2012-11-04 05:43:07.549000+00:00,0,1352007787
2081393559,3244278375,2012-11-04 07:25:28.747000+00:00,0,1352013928
2081393559,341483646,2012-11-04 07:25:28.747000+00:00,0,1352013928
2081393559,2364552954,2012-11-04 07:25:28.747000+00:00,0,1352013928
2081393559,1698956178,2012-11-04 07:25:28.747000+00:00,0,1352013928
2081393559,1896310801,2012-11-04 07:25:28.747000+00:00,1,1352013928
2081393559,782675480,2012-11-04 07:25:28.747000+00:00,0,1352013928
516110926,2460426930,2012-11-04 07:35:06.217000+00:00,0,1352014506
516110926,1704613170,2012-11-04 07:35:06.217000+00:00,0,1352014506
516110926,2977586904,2012-11-04 07:35:06.217000+00:00,1,1352014506
516110926,238236954,2012-11-04 07:35:06.217000+00:00,0,1352014506
516110926,3188235554,2012-11-04 07:35:16.277000+00:00,1,1352014516
516110926,1304281836,2012-11-04 07:35:31.887000+00:00,1,1352014531
516110926,1771863286,2012-11-04 07:35:46.983000+00:00,1,1352014546
516110926,2803416473,2012-11-04 07:35:58.077000+00:00,1,1352014558
516110926,2114371180,2012-11-04 07:36:12.106000+00:00,1,1352014572
516110926,689023473,2012-11-04 07:36:33.066000+00:00,1,1352014593
516110926,2067723665,2012-11-04 07:39:51.206000+00:00,1,1352014791
516110926,990580500,2012-11-04 07:40:33.180000+00:00,1,1352014833
516110926,4153748211,2012-11-04 07:40:42.276000+00:00,1,1352014842
516110926,3030445347,2012-11-04 07:40:52.870000+00:00,1,1352014852
516110926,1943679456,2012-11-04 07:40:56.981000+00:00,1,1352014856
516110926,1342847040,2012-11-04 07:41:09.447000+00:00,1,1352014869
516110926,416330287,2012-11-04 07:41:13.084000+00:00,1,1352014873
516110926,3119717504,2012-11-04 07:41:17.274000+00:00,1,1352014877
516110926,456705289,2012-11-04 07:41:22.862000+00:00,1,1352014882
516110926,400433753,2012-11-04 07:41:28.419000+00:00,1,1352014888
516110926,2528255053,2012-11-04 07:41:30.458000+00:00,1,1352014890
516110926,3491186803,2012-11-04 07:41:33.484000+00:00,1,1352014893
2424565945,3437341442,2012-11-04 08:00:23.863000+00:00,0,1352016023
2424565945,423623928,2012-11-04 08:00:23.863000+00:00,0,1352016023
2424565945,73087107,2012-11-04 08:00:23.863000+00:00,0,1352016023
2424565945,1817241425,2012-11-04 08:00:23.863000+00:00,1,1352016023
1132746796,3928440935,2012-11-04 08:10:52.775000+00:00,0,1352016652
1132746796,615488222,2012-11-04 08:10:52.775000+00:00,0,1352016652
1132746796,893326926,2012-11-04 08:10:52.775000+00:00,0,1352016652
1132746796,2114371180,2012-11-04 08:10:52.775000+00:00,1,1352016652
1132746796,238236954,2012-11-04 08:10:52.775000+00:00,0,1352016652
1132746796,2413506174,2012-11-04 08:11:47.774000+00:00,1,1352016707
1132746796,1267093350,2012-11-04 08:12:19.091000+00:00,1,1352016739
602551909,1465929077,2012-11-04 08:37:06.806000+00:00,0,1352018226
602551909,1076364848,2012-11-04 08:37:06.806000+00:00,1,1352018226
602551909,1548058369,2012-11-04 08:37:06.806000+00:00,0,1352018226
602551909,2445964998,2012-11-04 08:37:06.806000+00:00,0,1352018226
602551909,810618772,2012-11-04 08:37:06.806000+00:00,0,1352018226
602551909,2729267396,2012-11-04 08:37:06.806000+00:00,0,1352018226
2162567305,238236954,2012-11-04 09:03:11.425000+00:00,0,1352019791
2162567305,2191615827,2012-11-04 09:03:11.425000+00:00,0,1352019791
2162567305,3501199561,2012-11-04 09:03:11.425000+00:00,1,1352019791
2162567305,3992718328,2012-11-04 09:03:11.425000+00:00,0,1352019791
2162567305,2418854700,2012-11-04 09:03:11.425000+00:00,0,1352019791
2162567305,3584727515,2012-11-04 09:03:11.425000+00:00,0,1352019791
3299137750,3636357325,2012-11-04 09:19:16.541000+00:00,1,1352020756
3299137750,2126954914,2012-11-04 09:19:16.541000+00:00,0,1352020756
3299137750,1771863286,2012-11-04 09:19:16.541000+00:00,0,1352020756
3299137750,4258442948,2012-11-04 09:19:16.541000+00:00,0,1352020756
3299137750,2106337314,2012-11-04 09:19:16.541000+00:00,0,1352020756
3299137750,2168565918,2012-11-04 09:19:26.663000+00:00,1,1352020766
4196666928,1465929077,2012-11-04 10:19:29.945000+00:00,0,1352024369
4196666928,1269035551,2012-11-04 10:19:29.945000+00:00,0,1352024369
4196666928,1076364848,2012-11-04 10:19:29.945000+00:00,1,1352024369
4196666928,3992718328,2012-11-04 10:19:29.945000+00:00,0,1352024369
4196666928,810618772,2012-11-04 10:19:29.945000+00:00,0,1352024369
2176419410,1269035551,2012-11-04 10:37:20.968000+00:00,0,1352025440
2176419410,1465929077,2012-11-04 10:37:20.968000+00:00,0,1352025440
2176419410,2345395514,2012-11-04 10:37:20.968000+00:00,1,1352025440
2176419410,2445964998,2012-11-04 10:37:20.968000+00:00,0,1352025440
2176419410,810618772,2012-11-04 10:37:20.968000+00:00,0,1352025440
2176419410,1076364848,2012-11-04 10:37:20.968000+00:00,0,1352025440
2559754952,3703220574,2012-11-04 16:03:37.992000+00:00,1,1352045017
2559754952,2902416704,2012-11-04 16:03:37.992000+00:00,0,1352045017
2559754952,37049595,2012-11-04 16:03:37.992000+00:00,0,1352045017
2559754952,758156246,2012-11-04 16:03:37.992000+00:00,0,1352045017
2559754952,3076462074,2012-11-04 16:03:37.992000+00:00,0,1352045017
2559754952,2902739388,2012-11-04 16:03:37.992000+00:00,0,1352045017
3842862938,898889852,2012-11-04 16:03:38.289000+00:00,0,1352045018
4020164258,1446608996,2012-11-04 16:03:38.191000+00:00,1,1352045018
3842862938,982792426,2012-11-04 16:03:38.289000+00:00,1,1352045018
2458053629,2005050320,2012-11-04 16:03:38.387000+00:00,0,1352045018
3415673411,655157595,2012-11-04 16:03:38.702000+00:00,0,1352045018
4020164258,1746873846,2012-11-04 16:03:38.191000+00:00,0,1352045018
4020164258,73087107,2012-11-04 16:03:38.191000+00:00,0,1352045018
4020164258,372011842,2012-11-04 16:03:38.191000+00:00,0,1352045018
2458053629,1763050662,2012-11-04 16:03:38.387000+00:00,0,1352045018
2458053629,989190365,2012-11-04 16:03:38.387000+00:00,0,1352045018
2458053629,1278854245,2012-11-04 16:03:38.387000+00:00,0,1352045018
3415673411,2653276826,2012-11-04 16:03:38.702000+00:00,0,1352045018
3415673411,3784772051,2012-11-04 16:03:38.702000+00:00,0,1352045018
3842862938,2727714216,2012-11-04 16:03:38.289000+00:00,0,1352045018
3415673411,3281954113,2012-11-04 16:03:38.702000+00:00,0,1352045018
2458053629,2790605371,2012-11-04 16:03:38.387000+00:00,1,1352045018
3415673411,312824157,2012-11-04 16:03:38.782000+00:00,1,1352045018
3415673411,1777233160,2012-11-04 16:03:38.702000+00:00,1,1352045018
3842862938,169266244,2012-11-04 16:03:38.289000+00:00,0,1352045018
3842862938,3480624055,2012-11-04 16:03:38.289000+00:00,0,1352045018
3842862938,3809991219,2012-11-04 16:03:38.289000+00:00,0,1352045018
2559754952,4055258235,2012-11-04 16:03:38.113000+00:00,1,1352045018
3842862938,1856036186,2012-11-04 16:03:38.822000+00:00,1,1352045018
4020164258,3578484232,2012-11-04 16:03:38.191000+00:00,0,1352045018
4020164258,3703682520,2012-11-04 16:03:38.191000+00:00,0,1352045018
3415673411,3126587697,2012-11-04 16:03:38.702000+00:00,0,1352045018
47659843,1465929077,2012-11-04 16:03:39.263000+00:00,0,1352045019
47659843,1269035551,2012-11-04 16:03:39.263000+00:00,1,1352045019
47659843,1551188772,2012-11-04 16:03:39.263000+00:00,0,1352045019
3078024483,753115138,2012-11-04 16:03:39.124000+00:00,0,1352045019
47659843,2445964998,2012-11-04 16:03:39.263000+00:00,0,1352045019
3078024483,615488222,2012-11-04 16:03:39.124000+00:00,0,1352045019
47659843,810618772,2012-11-04 16:03:39.263000+00:00,0,1352045019
3078024483,1075717146,2012-11-04 16:03:39.124000+00:00,0,1352045019
3078024483,963608104,2012-11-04 16:03:39.124000+00:00,0,1352045019
47659843,3084982208,2012-11-04 16:03:39.263000+00:00,0,1352045019
3078024483,893326926,2012-11-04 16:03:39.124000+00:00,0,1352045019
3078024483,3753704467,2012-11-04 16:03:39.124000+00:00,1,1352045019
3415673411,1391720875,2012-11-04 16:03:40.872000+00:00,1,1352045020
4020164258,85610883,2012-11-04 16:03:41.633000+00:00,1,1352045021
3842862938,524127618,2012-11-04 16:03:42.074000+00:00,1,1352045022
3415673411,1112764536,2012-11-04 16:03:43.342000+00:00,1,1352045023
121528378,2126954914,2012-11-04 16:04:43.720000+00:00,0,1352045083
121528378,753115138,2012-11-04 16:04:43.720000+00:00,0,1352045083
121528378,615488222,2012-11-04 16:04:43.720000+00:00,0,1352045083
121528378,1267918307,2012-11-04 16:04:43.720000+00:00,0,1352045083
121528378,130281276,2012-11-04 16:04:43.720000+00:00,1,1352045083
121528378,2246071913,2012-11-04 16:04:43.720000+00:00,0,1352045083
3894667987,4040372452,2012-11-04 16:08:21.165000+00:00,0,1352045301
3894667987,899234866,2012-11-04 16:08:21.165000+00:00,0,1352045301
3894667987,989190365,2012-11-04 16:08:21.165000+00:00,0,1352045301
3894667987,3047117217,2012-11-04 16:08:21.165000+00:00,0,1352045301
3894667987,929107951,2012-11-04 16:08:21.165000+00:00,1,1352045301
3894667987,1421210499,2012-11-04 16:08:21.165000+00:00,0,1352045301
121528378,897667289,2012-11-04 16:10:07.722000+00:00,1,1352045407
121528378,1674888438,2012-11-04 16:10:29.372000+00:00,1,1352045429
1672939792,3034841234,2012-11-04 16:20:15.235000+00:00,0,1352046015
1672939792,480036741,2012-11-04 16:20:15.235000+00:00,1,1352046015
1672939792,17054803,2012-11-04 16:20:15.235000+00:00,0,1352046015
1672939792,2693964039,2012-11-04 16:20:15.235000+00:00,0,1352046015
1672939792,343424001,2012-11-04 16:20:15.235000+00:00,0,1352046015
1672939792,155266309,2012-11-04 16:20:15.235000+00:00,0,1352046015
2239318984,209109933,2012-11-04 16:53:18.826000+00:00,0,1352047998
2239318984,899234866,2012-11-04 16:53:18.826000+00:00,1,1352047998
2239318984,1780037712,2012-11-04 16:53:18.826000+00:00,0,1352047998
2239318984,2017448857,2012-11-04 16:53:18.826000+00:00,0,1352047998
2239318984,1310931838,2012-11-04 16:53:18.826000+00:00,0,1352047998
2239318984,3904383762,2012-11-04 16:53:18.826000+00:00,0,1352047998
4122019703,2038842201,2012-11-04 18:47:29.329000+00:00,0,1352054849
4122019703,893373776,2012-11-04 18:47:29.329000+00:00,0,1352054849
4122019703,36941495,2012-11-04 18:47:29.329000+00:00,1,1352054849
4122019703,2501314150,2012-11-04 18:47:29.329000+00:00,0,1352054849
4122019703,3523716576,2012-11-04 18:47:29.329000+00:00,0,1352054849
4122019703,3676617790,2012-11-04 18:47:29.329000+00:00,0,1352054849
3338007773,615488222,2012-11-04 19:47:43.085000+00:00,0,1352058463
3338007773,2413506174,2012-11-04 19:47:43.085000+00:00,1,1352058463
3338007773,4258442948,2012-11-04 19:47:43.085000+00:00,0,1352058463
3338007773,782675480,2012-11-04 19:47:43.085000+00:00,0,1352058463
3338007773,753115138,2012-11-04 19:47:43.085000+00:00,0,1352058463
3338007773,2114371180,2012-11-04 19:47:43.085000+00:00,0,1352058463
2163304477,1456220611,2012-11-04 20:53:33.825000+00:00,0,1352062413
2163304477,2534465304,2012-11-04 20:53:33.825000+00:00,0,1352062413
2163304477,854375268,2012-11-04 20:53:33.825000+00:00,0,1352062413
2163304477,126987905,2012-11-04 20:53:33.825000+00:00,0,1352062413
2163304477,2871310940,2012-11-04 20:53:33.825000+00:00,0,1352062413
2163304477,747845900,2012-11-04 20:53:33.825000+00:00,1,1352062413
4202112938,3094012945,2012-11-04 21:31:34.747000+00:00,1,1352064694
4202112938,2114371180,2012-11-04 21:31:34.747000+00:00,0,1352064694
4202112938,3585531671,2012-11-04 21:31:34.747000+00:00,0,1352064694
4202112938,2198800626,2012-11-04 21:31:34.747000+00:00,0,1352064694
4202112938,238236954,2012-11-04 21:31:34.747000+00:00,0,1352064694
4202112938,753115138,2012-11-04 21:31:34.747000+00:00,0,1352064694
2740017993,811345080,2012-11-04 22:54:28.014000+00:00,0,1352069668
2740017993,3437453244,2012-11-04 22:54:28.014000+00:00,0,1352069668
2740017993,3441622155,2012-11-04 22:54:28.014000+00:00,0,1352069668
2740017993,3835903600,2012-11-04 22:54:28.014000+00:00,1,1352069668
2740017993,3617750746,2012-11-04 22:54:28.014000+00:00,0,1352069668
2740017993,3114126441,2012-11-04 22:54:28.014000+00:00,0,1352069668
2740017993,4244421622,2012-11-04 22:54:29.536000+00:00,1,1352069669
2740017993,2474982115,2012-11-04 22:54:30.057000+00:00,1,1352069670
2740017993,2980258101,2012-11-04 22:54:31.579000+00:00,1,1352069671
2740017993,4058829330,2012-11-04 22:55:16.303000+00:00,0,1352069716
2740017993,533904091,2012-11-04 22:55:17.830000+00:00,0,1352069717
252627634,4002702641,2012-11-05 00:55:53.087000+00:00,0,1352076953
